"../../../Engine/Plugins/2D/Paper2D/Content/PlaceholderTextures/DummySpriteTexture.ubulk" 0
"../../../Engine/Plugins/2D/Paper2D/Content/PlaceholderTextures/DummySpriteTexture.uasset" 1
"../../../Engine/Plugins/2D/Paper2D/Content/PlaceholderTextures/DummySpriteTexture.uexp" 2
"../../../Engine/Plugins/2D/Paper2D/Content/DummySprite.uasset" 3
"../../../Engine/Plugins/2D/Paper2D/Content/DummySprite.uexp" 4
"../../../Engine/Plugins/2D/Paper2D/Content/DefaultPaperTerrainMaterial.uasset" 5
"../../../Engine/Plugins/2D/Paper2D/Content/DefaultPaperTerrainMaterial.uexp" 6
"../../../Engine/Plugins/Animation/ACLPlugin/Content/ACLAnimCurveCompressionSettings.uasset" 7
"../../../Engine/Plugins/Animation/ACLPlugin/Content/ACLAnimCurveCompressionSettings.uexp" 8
"../../../Engine/Plugins/Animation/ACLPlugin/Content/ACLAnimBoneCompressionSettings.uasset" 9
"../../../Engine/Plugins/Animation/ACLPlugin/Content/ACLAnimBoneCompressionSettings.uexp" 10
"../../../Engine/Content/Animation/DefaultVariableFrameStrippingSettings.uasset" 11
"../../../Engine/Content/Animation/DefaultVariableFrameStrippingSettings.uexp" 12
"../../../Engine/Content/Animation/DefaultRecorderBoneCompression.uasset" 13
"../../../Engine/Content/Animation/DefaultRecorderBoneCompression.uexp" 14
"../../../Engine/Content/EngineSounds/Master.uasset" 15
"../../../Engine/Content/EngineSounds/Master.uexp" 16
"../../../Engine/Content/EngineMaterials/DefaultPhysicalMaterial.uasset" 17
"../../../Engine/Content/EngineMaterials/DefaultPhysicalMaterial.uexp" 18
"../../../Engine/Content/EngineMaterials/DefaultDestructiblePhysicalMaterial.uasset" 19
"../../../Engine/Content/EngineMaterials/DefaultDestructiblePhysicalMaterial.uexp" 20
"../../../Engine/Plugins/Interchange/Runtime/Content/Pipelines/DefaultTexturePipeline.uasset" 21
"../../../Engine/Plugins/Interchange/Runtime/Content/Pipelines/DefaultTexturePipeline.uexp" 22
"../../../Engine/Plugins/Interchange/Runtime/Content/Pipelines/DefaultSceneLevelPipeline.uasset" 23
"../../../Engine/Plugins/Interchange/Runtime/Content/Pipelines/DefaultSceneLevelPipeline.uexp" 24
"../../../Engine/Plugins/Interchange/Runtime/Content/Pipelines/DefaultSceneAssetsPipeline.uasset" 25
"../../../Engine/Plugins/Interchange/Runtime/Content/Pipelines/DefaultSceneAssetsPipeline.uexp" 26
"../../../Engine/Plugins/Interchange/Runtime/Content/Pipelines/DefaultMaterialXPipeline.uasset" 27
"../../../Engine/Plugins/Interchange/Runtime/Content/Pipelines/DefaultMaterialXPipeline.uexp" 28
"../../../Engine/Plugins/Interchange/Runtime/Content/Pipelines/DefaultMaterialPipeline.uasset" 29
"../../../Engine/Plugins/Interchange/Runtime/Content/Pipelines/DefaultMaterialPipeline.uexp" 30
"../../../Engine/Plugins/Interchange/Runtime/Content/Pipelines/DefaultGLTFSceneAssetsPipeline.uasset" 31
"../../../Engine/Plugins/Interchange/Runtime/Content/Pipelines/DefaultGLTFSceneAssetsPipeline.uexp" 32
"../../../Engine/Plugins/Interchange/Runtime/Content/Pipelines/DefaultGLTFPipeline.uasset" 33
"../../../Engine/Plugins/Interchange/Runtime/Content/Pipelines/DefaultGLTFPipeline.uexp" 34
"../../../Engine/Plugins/Interchange/Runtime/Content/Pipelines/DefaultGLTFAssetsPipeline.uasset" 35
"../../../Engine/Plugins/Interchange/Runtime/Content/Pipelines/DefaultGLTFAssetsPipeline.uexp" 36
"../../../Engine/Plugins/Interchange/Runtime/Content/Pipelines/DefaultAssetsPipeline.uasset" 37
"../../../Engine/Plugins/Interchange/Runtime/Content/Pipelines/DefaultAssetsPipeline.uexp" 38
"../../../Engine/Content/EngineResources/GradientTexture0.uasset" 39
"../../../Engine/Content/EngineResources/GradientTexture0.uexp" 40
"../../../Engine/Content/EditorResources/S_Actor.ubulk" 41
"../../../Engine/Content/EditorResources/S_Actor.uasset" 42
"../../../Engine/Content/EditorResources/S_Actor.uexp" 43
"D:/Wide_field_unreal_project/WideField_UnrealEditor/Content/MouseinandClick.uasset" 44
"D:/Wide_field_unreal_project/WideField_UnrealEditor/Content/MouseinandClick.uexp" 45
"../../../Engine/Content/EditorBlueprintResources/StandardMacros.uasset" 46
"../../../Engine/Content/EditorBlueprintResources/StandardMacros.uexp" 47
"../../../Engine/Plugins/VirtualProduction/VirtualCamera/Content/Common/Structs/S_VcamWidgetConfig.uasset" 48
"../../../Engine/Plugins/VirtualProduction/VirtualCamera/Content/Common/Structs/S_VcamWidgetConfig.uexp" 49
"../../../Engine/Plugins/VirtualProduction/VirtualCamera/Content/Common/Structs/S_VcamState.uasset" 50
"../../../Engine/Plugins/VirtualProduction/VirtualCamera/Content/Common/Structs/S_VcamState.uexp" 51
"../../../Engine/Plugins/VirtualProduction/VirtualCamera/Content/WidgetLibrary/BaseWidgets/BaseTextDisplay/Dependencies/BaseTextDisplayUserSettings.uasset" 52
"../../../Engine/Plugins/VirtualProduction/VirtualCamera/Content/WidgetLibrary/BaseWidgets/BaseTextDisplay/Dependencies/BaseTextDisplayUserSettings.uexp" 53
"../../../Engine/Plugins/VirtualProduction/VirtualCamera/Content/WidgetLibrary/BaseWidgets/BaseTextDisplay/Interfaces/BaseTextDisplayUserSettingsInterface.uasset" 54
"../../../Engine/Plugins/VirtualProduction/VirtualCamera/Content/WidgetLibrary/BaseWidgets/BaseTextDisplay/Interfaces/BaseTextDisplayUserSettingsInterface.uexp" 55
"../../../Engine/Plugins/VirtualProduction/VirtualCamera/Content/Common/TextStyles/VCamTextStyles.uasset" 56
"../../../Engine/Plugins/VirtualProduction/VirtualCamera/Content/Common/TextStyles/VCamTextStyles.uexp" 57
"../../../Engine/Plugins/VirtualProduction/VirtualCamera/Content/Common/TextStyles/VCamTextStyle.uasset" 58
"../../../Engine/Plugins/VirtualProduction/VirtualCamera/Content/Common/TextStyles/VCamTextStyle.uexp" 59
"../../../Engine/Content/EngineFonts/Faces/DroidSansFallback.uexp" 60
"../../../Engine/Content/EngineFonts/Faces/DroidSansFallback.uasset" 61
"../../../Engine/Content/EngineFonts/Faces/DroidSansFallback.ufont" 62
"../../../Engine/Content/EngineFonts/Faces/RobotoRegular.uexp" 63
"../../../Engine/Content/EngineFonts/Faces/RobotoRegular.uasset" 64
"../../../Engine/Content/EngineFonts/Faces/RobotoRegular.ufont" 65
"../../../Engine/Content/EngineFonts/Faces/RobotoLight.uexp" 66
"../../../Engine/Content/EngineFonts/Faces/RobotoLight.uasset" 67
"../../../Engine/Content/EngineFonts/Faces/RobotoLight.ufont" 68
"../../../Engine/Content/EngineFonts/Faces/RobotoItalic.uexp" 69
"../../../Engine/Content/EngineFonts/Faces/RobotoItalic.uasset" 70
"../../../Engine/Content/EngineFonts/Faces/RobotoItalic.ufont" 71
"../../../Engine/Content/EngineFonts/Faces/RobotoBoldItalic.uexp" 72
"../../../Engine/Content/EngineFonts/Faces/RobotoBoldItalic.uasset" 73
"../../../Engine/Content/EngineFonts/Faces/RobotoBoldItalic.ufont" 74
"../../../Engine/Content/EngineFonts/Faces/RobotoBold.uexp" 75
"../../../Engine/Content/EngineFonts/Faces/RobotoBold.uasset" 76
"../../../Engine/Content/EngineFonts/Faces/RobotoBold.ufont" 77
"../../../Engine/Content/EngineFonts/Roboto.uasset" 78
"../../../Engine/Content/EngineFonts/Roboto.uexp" 79
"../../../Engine/Plugins/VirtualProduction/VirtualCamera/Content/Common/TextStyles/VCamTextStyleTable.uasset" 80
"../../../Engine/Plugins/VirtualProduction/VirtualCamera/Content/Common/TextStyles/VCamTextStyleTable.uexp" 81
"../../../Engine/Plugins/VirtualProduction/VirtualCamera/Content/WidgetLibrary/BaseWidgets/BaseTextDisplay/Dependencies/BaseTextDisplayStyleSettings.uasset" 82
"../../../Engine/Plugins/VirtualProduction/VirtualCamera/Content/WidgetLibrary/BaseWidgets/BaseTextDisplay/Dependencies/BaseTextDisplayStyleSettings.uexp" 83
"../../../Engine/Plugins/VirtualProduction/VirtualCamera/Content/WidgetLibrary/BaseWidgets/BaseTextDisplay/Interfaces/BaseTextDisplayStyleSettingsInterface.uasset" 84
"../../../Engine/Plugins/VirtualProduction/VirtualCamera/Content/WidgetLibrary/BaseWidgets/BaseTextDisplay/Interfaces/BaseTextDisplayStyleSettingsInterface.uexp" 85
"../../../Engine/Plugins/VirtualProduction/VirtualCamera/Content/WidgetLibrary/BaseWidgets/BaseTextDisplay/BaseTextDisplay.uasset" 86
"../../../Engine/Plugins/VirtualProduction/VirtualCamera/Content/WidgetLibrary/BaseWidgets/BaseTextDisplay/BaseTextDisplay.uexp" 87
"../../../Engine/Plugins/VirtualProduction/VirtualCamera/Content/WidgetLibrary/Common/VCamIcons/IconHidden.uasset" 88
"../../../Engine/Plugins/VirtualProduction/VirtualCamera/Content/WidgetLibrary/Common/VCamIcons/IconHidden.uexp" 89
"../../../Engine/Plugins/VirtualProduction/VirtualCamera/Content/WidgetLibrary/Common/VCamIcons/IconTools.uasset" 90
"../../../Engine/Plugins/VirtualProduction/VirtualCamera/Content/WidgetLibrary/Common/VCamIcons/IconTools.uexp" 91
"../../../Engine/Plugins/VirtualProduction/VirtualCamera/Content/WidgetLibrary/Common/VCamIcons/IconVisible.uasset" 92
"../../../Engine/Plugins/VirtualProduction/VirtualCamera/Content/WidgetLibrary/Common/VCamIcons/IconVisible.uexp" 93
"../../../Engine/Plugins/VirtualProduction/VirtualCamera/Content/WidgetLibrary/VCamButton/Dependencies/VCamButtonStyleSettings.uasset" 94
"../../../Engine/Plugins/VirtualProduction/VirtualCamera/Content/WidgetLibrary/VCamButton/Dependencies/VCamButtonStyleSettings.uexp" 95
"../../../Engine/Plugins/VirtualProduction/VirtualCamera/Content/WidgetLibrary/VCamButton/Interfaces/VCamButtonStyleSettingsInterface.uasset" 96
"../../../Engine/Plugins/VirtualProduction/VirtualCamera/Content/WidgetLibrary/VCamButton/Interfaces/VCamButtonStyleSettingsInterface.uexp" 97
"../../../Engine/Plugins/VirtualProduction/VirtualCamera/Content/WidgetLibrary/VcamBadge/VCamBadgeTooltip.uasset" 98
"../../../Engine/Plugins/VirtualProduction/VirtualCamera/Content/WidgetLibrary/VcamBadge/VCamBadgeTooltip.uexp" 99
"../../../Engine/Plugins/VirtualProduction/VirtualCamera/Content/WidgetLibrary/VcamBadge/VCamBadgeStyleSettings.uasset" 100
"../../../Engine/Plugins/VirtualProduction/VirtualCamera/Content/WidgetLibrary/VcamBadge/VCamBadgeStyleSettings.uexp" 101
"../../../Engine/Plugins/VirtualProduction/VirtualCamera/Content/WidgetLibrary/VcamBadge/VCamBadgeStyleSettingsInterface.uasset" 102
"../../../Engine/Plugins/VirtualProduction/VirtualCamera/Content/WidgetLibrary/VcamBadge/VCamBadgeStyleSettingsInterface.uexp" 103
"../../../Engine/Plugins/VirtualProduction/VirtualCamera/Content/WidgetLibrary/VcamBadge/VCamBadge.uasset" 104
"../../../Engine/Plugins/VirtualProduction/VirtualCamera/Content/WidgetLibrary/VcamBadge/VCamBadge.uexp" 105
"../../../Engine/Plugins/VirtualProduction/VirtualCamera/Content/WidgetLibrary/Common/VCamIcons/IconSettings.uasset" 106
"../../../Engine/Plugins/VirtualProduction/VirtualCamera/Content/WidgetLibrary/Common/VCamIcons/IconSettings.uexp" 107
"../../../Engine/Plugins/VirtualProduction/VirtualCamera/Content/WidgetLibrary/VCamTakesBrowser/enum/E_VCamAssetBrowserOptionMode.uasset" 108
"../../../Engine/Plugins/VirtualProduction/VirtualCamera/Content/WidgetLibrary/VCamTakesBrowser/enum/E_VCamAssetBrowserOptionMode.uexp" 109
"../../../Engine/Plugins/VirtualProduction/VirtualCamera/Content/WidgetLibrary/VCamTakesBrowser/tex/T_IconFilter.uasset" 110
"../../../Engine/Plugins/VirtualProduction/VirtualCamera/Content/WidgetLibrary/VCamTakesBrowser/tex/T_IconFilter.uexp" 111
"../../../Engine/Plugins/VirtualProduction/VirtualCamera/Content/WidgetLibrary/VCamTakesBrowser/tex/T_IconSearch.uasset" 112
"../../../Engine/Plugins/VirtualProduction/VirtualCamera/Content/WidgetLibrary/VCamTakesBrowser/tex/T_IconSearch.uexp" 113
"../../../Engine/Plugins/VirtualProduction/VirtualCamera/Content/WidgetLibrary/VCamTakesBrowser/VCamAssetBrowser.uasset" 114
"../../../Engine/Plugins/VirtualProduction/VirtualCamera/Content/WidgetLibrary/VCamTakesBrowser/VCamAssetBrowser.uexp" 115
"../../../Engine/Plugins/VirtualProduction/VirtualCamera/Content/WidgetLibrary/VCamTakesBrowser/enum/E_VCamAssetBrowserSort.uasset" 116
"../../../Engine/Plugins/VirtualProduction/VirtualCamera/Content/WidgetLibrary/VCamTakesBrowser/enum/E_VCamAssetBrowserSort.uexp" 117
"../../../Engine/Plugins/VirtualProduction/VirtualCamera/Content/WidgetLibrary/VCamTakesBrowser/tex/T_IconFavorite.uasset" 118
"../../../Engine/Plugins/VirtualProduction/VirtualCamera/Content/WidgetLibrary/VCamTakesBrowser/tex/T_IconFavorite.uexp" 119
"../../../Engine/Plugins/VirtualProduction/VirtualCamera/Content/WidgetLibrary/VCamTakesBrowser/tex/T_IconFavorite_1.uasset" 120
"../../../Engine/Plugins/VirtualProduction/VirtualCamera/Content/WidgetLibrary/VCamTakesBrowser/tex/T_IconFavorite_1.uexp" 121
"../../../Engine/Plugins/VirtualProduction/VirtualCamera/Content/WidgetLibrary/VCamTakesBrowser/tex/T_IconFavorite_2.uasset" 122
"../../../Engine/Plugins/VirtualProduction/VirtualCamera/Content/WidgetLibrary/VCamTakesBrowser/tex/T_IconFavorite_2.uexp" 123
"../../../Engine/Plugins/VirtualProduction/VirtualCamera/Content/WidgetLibrary/VCamTakesBrowser/tex/T_IconFavorite_3.uasset" 124
"../../../Engine/Plugins/VirtualProduction/VirtualCamera/Content/WidgetLibrary/VCamTakesBrowser/tex/T_IconFavorite_3.uexp" 125
"../../../Engine/Plugins/VirtualProduction/VirtualCamera/Content/WidgetLibrary/VCamTakesBrowser/tex/T_IconFlag.uasset" 126
"../../../Engine/Plugins/VirtualProduction/VirtualCamera/Content/WidgetLibrary/VCamTakesBrowser/tex/T_IconFlag.uexp" 127
"../../../Engine/Plugins/VirtualProduction/VirtualCamera/Content/WidgetLibrary/VCamTakesBrowser/tex/T_IconAZdown.uasset" 128
"../../../Engine/Plugins/VirtualProduction/VirtualCamera/Content/WidgetLibrary/VCamTakesBrowser/tex/T_IconAZdown.uexp" 129
"../../../Engine/Plugins/VirtualProduction/VirtualCamera/Content/WidgetLibrary/VCamTakesBrowser/tex/T_IconAZup.uasset" 130
"../../../Engine/Plugins/VirtualProduction/VirtualCamera/Content/WidgetLibrary/VCamTakesBrowser/tex/T_IconAZup.uexp" 131
"../../../Engine/Plugins/VirtualProduction/VirtualCamera/Content/WidgetLibrary/VCamTakesBrowser/tex/T_IconRecent_Down.uasset" 132
"../../../Engine/Plugins/VirtualProduction/VirtualCamera/Content/WidgetLibrary/VCamTakesBrowser/tex/T_IconRecent_Down.uexp" 133
"../../../Engine/Plugins/VirtualProduction/VirtualCamera/Content/WidgetLibrary/VCamTakesBrowser/tex/T_IconRecent_Up.uasset" 134
"../../../Engine/Plugins/VirtualProduction/VirtualCamera/Content/WidgetLibrary/VCamTakesBrowser/tex/T_IconRecent_Up.uexp" 135
"../../../Engine/Plugins/VirtualProduction/VirtualCamera/Content/WidgetLibrary/VCamBookmarkBrowser/S_VCamBookmarkBrowserFilterState.uasset" 136
"../../../Engine/Plugins/VirtualProduction/VirtualCamera/Content/WidgetLibrary/VCamBookmarkBrowser/S_VCamBookmarkBrowserFilterState.uexp" 137
"../../../Engine/Plugins/VirtualProduction/VirtualCamera/Content/WidgetLibrary/Common/VCamIcons/IconReject.uasset" 138
"../../../Engine/Plugins/VirtualProduction/VirtualCamera/Content/WidgetLibrary/Common/VCamIcons/IconReject.uexp" 139
"../../../Engine/Plugins/VirtualProduction/VirtualCamera/Content/WidgetLibrary/VCamBookmarkBrowser/VCamBookmarkFilterWidget.uasset" 140
"../../../Engine/Plugins/VirtualProduction/VirtualCamera/Content/WidgetLibrary/VCamBookmarkBrowser/VCamBookmarkFilterWidget.uexp" 141
"../../../Engine/Plugins/VirtualProduction/VirtualCamera/Content/WidgetLibrary/VCamTakesBrowser/widgets/VCamTakeInterface.uasset" 142
"../../../Engine/Plugins/VirtualProduction/VirtualCamera/Content/WidgetLibrary/VCamTakesBrowser/widgets/VCamTakeInterface.uexp" 143
"../../../Engine/Plugins/VirtualProduction/VirtualCamera/Content/WidgetLibrary/VCamTakesBrowser/widgets/VCamAssetEntryData.uasset" 144
"../../../Engine/Plugins/VirtualProduction/VirtualCamera/Content/WidgetLibrary/VCamTakesBrowser/widgets/VCamAssetEntryData.uexp" 145
"../../../Engine/Plugins/VirtualProduction/VirtualCamera/Content/WidgetLibrary/VCamTakesBrowser/widgets/VCamAssetEntry.uasset" 146
"../../../Engine/Plugins/VirtualProduction/VirtualCamera/Content/WidgetLibrary/VCamTakesBrowser/widgets/VCamAssetEntry.uexp" 147
"../../../Engine/Content/Functions/Engine_MaterialFunctions01/Gradient/LinearGradient.uasset" 148
"../../../Engine/Content/Functions/Engine_MaterialFunctions01/Gradient/LinearGradient.uexp" 149
"../../../Engine/Plugins/VirtualProduction/VirtualCamera/Content/WidgetLibrary/VCamTakesBrowser/widgets/mat/M_Gradient.uasset" 150
"../../../Engine/Plugins/VirtualProduction/VirtualCamera/Content/WidgetLibrary/VCamTakesBrowser/widgets/mat/M_Gradient.uexp" 151
"../../../Engine/Plugins/VirtualProduction/VirtualCamera/Content/WidgetLibrary/VCamTakesBrowser/tex/T_ThumbsDown.uasset" 152
"../../../Engine/Plugins/VirtualProduction/VirtualCamera/Content/WidgetLibrary/VCamTakesBrowser/tex/T_ThumbsDown.uexp" 153
"../../../Engine/Plugins/VirtualProduction/VirtualCamera/Content/WidgetLibrary/Common/VCamIcons/IconUndo.uasset" 154
"../../../Engine/Plugins/VirtualProduction/VirtualCamera/Content/WidgetLibrary/Common/VCamIcons/IconUndo.uexp" 155
"../../../Engine/Plugins/VirtualProduction/VirtualCamera/Content/WidgetLibrary/VCamTakesBrowser/tex/T_IconFavorite_Mini.uasset" 156
"../../../Engine/Plugins/VirtualProduction/VirtualCamera/Content/WidgetLibrary/VCamTakesBrowser/tex/T_IconFavorite_Mini.uexp" 157
"../../../Engine/Plugins/VirtualProduction/VirtualCamera/Content/WidgetLibrary/Common/VCamIcons/IconBookmarks.uasset" 158
"../../../Engine/Plugins/VirtualProduction/VirtualCamera/Content/WidgetLibrary/Common/VCamIcons/IconBookmarks.uexp" 159
"../../../Engine/Plugins/VirtualProduction/VirtualCamera/Content/WidgetLibrary/VCamBookmarkBrowser/VCamBookmarkEntryObject.uasset" 160
"../../../Engine/Plugins/VirtualProduction/VirtualCamera/Content/WidgetLibrary/VCamBookmarkBrowser/VCamBookmarkEntryObject.uexp" 161
"../../../Engine/Plugins/VirtualProduction/VirtualCamera/Content/WidgetLibrary/VCamBookmarkBrowser/VCamBookmarkEntryWidget.uasset" 162
"../../../Engine/Plugins/VirtualProduction/VirtualCamera/Content/WidgetLibrary/VCamBookmarkBrowser/VCamBookmarkEntryWidget.uexp" 163
"../../../Engine/Plugins/VirtualProduction/VirtualCamera/Content/WidgetLibrary/Common/VCamIcons/IconCamera.uasset" 164
"../../../Engine/Plugins/VirtualProduction/VirtualCamera/Content/WidgetLibrary/Common/VCamIcons/IconCamera.uexp" 165
"../../../Engine/Plugins/VirtualProduction/VirtualCamera/Content/WidgetLibrary/Common/VCamIcons/IconUpdate.uasset" 166
"../../../Engine/Plugins/VirtualProduction/VirtualCamera/Content/WidgetLibrary/Common/VCamIcons/IconUpdate.uexp" 167
"../../../Engine/Plugins/VirtualProduction/VirtualCamera/Content/WidgetLibrary/Common/VCamIcons/IconCameraNot.uasset" 168
"../../../Engine/Plugins/VirtualProduction/VirtualCamera/Content/WidgetLibrary/Common/VCamIcons/IconCameraNot.uexp" 169
"../../../Engine/Plugins/VirtualProduction/VirtualCamera/Content/WidgetLibrary/VCamBookmarkBrowser/VCamBookmarkConfigWidget.uasset" 170
"../../../Engine/Plugins/VirtualProduction/VirtualCamera/Content/WidgetLibrary/VCamBookmarkBrowser/VCamBookmarkConfigWidget.uexp" 171
"../../../Engine/Plugins/VirtualProduction/VirtualCamera/Content/WidgetLibrary/VCamBookmarkBrowser/VCamBookmarkBrowserInterface.uasset" 172
"../../../Engine/Plugins/VirtualProduction/VirtualCamera/Content/WidgetLibrary/VCamBookmarkBrowser/VCamBookmarkBrowserInterface.uexp" 173
"../../../Engine/Plugins/VirtualProduction/VirtualCamera/Content/Modifiers/BookmarkModifier/Input/CreateBookmark.uasset" 174
"../../../Engine/Plugins/VirtualProduction/VirtualCamera/Content/Modifiers/BookmarkModifier/Input/CreateBookmark.uexp" 175
"../../../Engine/Plugins/VirtualProduction/VirtualCamera/Content/WidgetLibrary/VCamBookmarkBrowser/VCamBookmarkBrowser.uasset" 176
"../../../Engine/Plugins/VirtualProduction/VirtualCamera/Content/WidgetLibrary/VCamBookmarkBrowser/VCamBookmarkBrowser.uexp" 177
"../../../Engine/Content/Functions/Engine_MaterialFunctions02/Texturing/CustomRotator.uasset" 178
"../../../Engine/Content/Functions/Engine_MaterialFunctions02/Texturing/CustomRotator.uexp" 179
"../../../Engine/Content/Functions/Engine_MaterialFunctions02/Utility/BreakOutFloat3Components.uasset" 180
"../../../Engine/Content/Functions/Engine_MaterialFunctions02/Utility/BreakOutFloat3Components.uexp" 181
"../../../Engine/Content/Functions/Engine_MaterialFunctions01/Density/ExponentialDensity.uasset" 182
"../../../Engine/Content/Functions/Engine_MaterialFunctions01/Density/ExponentialDensity.uexp" 183
"../../../Engine/Content/Functions/Engine_MaterialFunctions01/Gradient/RadialGradientExponential.uasset" 184
"../../../Engine/Content/Functions/Engine_MaterialFunctions01/Gradient/RadialGradientExponential.uexp" 185
"../../../Engine/Content/Functions/Engine_MaterialFunctions02/Utility/VectorToRadialValue.uasset" 186
"../../../Engine/Content/Functions/Engine_MaterialFunctions02/Utility/VectorToRadialValue.uexp" 187
"../../../Engine/Plugins/VirtualProduction/VirtualCamera/Content/WidgetLibrary/Common/VCamIcons/IconTrash.uasset" 188
"../../../Engine/Plugins/VirtualProduction/VirtualCamera/Content/WidgetLibrary/Common/VCamIcons/IconTrash.uexp" 189
"../../../Engine/Plugins/VirtualProduction/VirtualCamera/Content/WidgetLibrary/VCamButton/Dependencies/M_HoldTimer.uasset" 190
"../../../Engine/Plugins/VirtualProduction/VirtualCamera/Content/WidgetLibrary/VCamButton/Dependencies/M_HoldTimer.uexp" 191
"../../../Engine/Plugins/VirtualProduction/VirtualCamera/Content/WidgetLibrary/VCamButton/VCamButton.uasset" 192
"../../../Engine/Plugins/VirtualProduction/VirtualCamera/Content/WidgetLibrary/VCamButton/VCamButton.uexp" 193
"../../../Engine/Plugins/VirtualProduction/VirtualCamera/Content/WidgetLibrary/VCamComboBox/Dependencies/VCamComboBoxUserSettings.uasset" 194
"../../../Engine/Plugins/VirtualProduction/VirtualCamera/Content/WidgetLibrary/VCamComboBox/Dependencies/VCamComboBoxUserSettings.uexp" 195
"../../../Engine/Plugins/VirtualProduction/VirtualCamera/Content/WidgetLibrary/VCamComboBox/Interfaces/VCamComboBoxInterface.uasset" 196
"../../../Engine/Plugins/VirtualProduction/VirtualCamera/Content/WidgetLibrary/VCamComboBox/Interfaces/VCamComboBoxInterface.uexp" 197
"../../../Engine/Plugins/VirtualProduction/VirtualCamera/Content/WidgetLibrary/VCamComboBox/Dependencies/VCamComboBoxDirection.uasset" 198
"../../../Engine/Plugins/VirtualProduction/VirtualCamera/Content/WidgetLibrary/VCamComboBox/Dependencies/VCamComboBoxDirection.uexp" 199
"../../../Engine/Plugins/VirtualProduction/VirtualCamera/Content/WidgetLibrary/Common/VCamIcons/Icon-chevron-down.uasset" 200
"../../../Engine/Plugins/VirtualProduction/VirtualCamera/Content/WidgetLibrary/Common/VCamIcons/Icon-chevron-down.uexp" 201
"../../../Engine/Plugins/VirtualProduction/VirtualCamera/Content/WidgetLibrary/VCamComboBox/Dependencies/VCamComboBoxEntryData.uasset" 202
"../../../Engine/Plugins/VirtualProduction/VirtualCamera/Content/WidgetLibrary/VCamComboBox/Dependencies/VCamComboBoxEntryData.uexp" 203
"../../../Engine/Plugins/VirtualProduction/VirtualCamera/Content/WidgetLibrary/VCamComboBox/Dependencies/VCamComboBoxEntryWidget.uasset" 204
"../../../Engine/Plugins/VirtualProduction/VirtualCamera/Content/WidgetLibrary/VCamComboBox/Dependencies/VCamComboBoxEntryWidget.uexp" 205
"../../../Engine/Plugins/VirtualProduction/VirtualCamera/Content/WidgetLibrary/Common/VCamIcons/Icon-chevron-up.uasset" 206
"../../../Engine/Plugins/VirtualProduction/VirtualCamera/Content/WidgetLibrary/Common/VCamIcons/Icon-chevron-up.uexp" 207
"../../../Engine/Plugins/VirtualProduction/VirtualCamera/Content/WidgetLibrary/VCamComboBox/VCamComboBox.uasset" 208
"../../../Engine/Plugins/VirtualProduction/VirtualCamera/Content/WidgetLibrary/VCamComboBox/VCamComboBox.uexp" 209
"../../../Engine/Plugins/VirtualProduction/VirtualCamera/Content/WidgetLibrary/Common/Enums/ESidedWidgetSide.uasset" 210
"../../../Engine/Plugins/VirtualProduction/VirtualCamera/Content/WidgetLibrary/Common/Enums/ESidedWidgetSide.uexp" 211
"../../../Engine/Plugins/VirtualProduction/VirtualCamera/Content/WidgetLibrary/VCamDial/Enums/VCamDialType.uasset" 212
"../../../Engine/Plugins/VirtualProduction/VirtualCamera/Content/WidgetLibrary/VCamDial/Enums/VCamDialType.uexp" 213
"../../../Engine/Plugins/VirtualProduction/VirtualCamera/Content/WidgetLibrary/VCamDial/Structs/VCamDialSettings.uasset" 214
"../../../Engine/Plugins/VirtualProduction/VirtualCamera/Content/WidgetLibrary/VCamDial/Structs/VCamDialSettings.uexp" 215
"../../../Engine/Plugins/VirtualProduction/VirtualCamera/Content/WidgetLibrary/VCamDial/Textures/T_VcamDial_Outer_R.uasset" 216
"../../../Engine/Plugins/VirtualProduction/VirtualCamera/Content/WidgetLibrary/VCamDial/Textures/T_VcamDial_Outer_R.uexp" 217
"../../../Engine/Plugins/VirtualProduction/VirtualCamera/Content/WidgetLibrary/VCamDial/Textures/T_VCamDial_Outer_L.uasset" 218
"../../../Engine/Plugins/VirtualProduction/VirtualCamera/Content/WidgetLibrary/VCamDial/Textures/T_VCamDial_Outer_L.uexp" 219
"../../../Engine/Plugins/VirtualProduction/VirtualCamera/Content/WidgetLibrary/VCamDial/Textures/T_VCamDial_Inner_R.uasset" 220
"../../../Engine/Plugins/VirtualProduction/VirtualCamera/Content/WidgetLibrary/VCamDial/Textures/T_VCamDial_Inner_R.uexp" 221
"../../../Engine/Plugins/VirtualProduction/VirtualCamera/Content/WidgetLibrary/VCamDial/Textures/T_VCamDial_Inner_L.uasset" 222
"../../../Engine/Plugins/VirtualProduction/VirtualCamera/Content/WidgetLibrary/VCamDial/Textures/T_VCamDial_Inner_L.uexp" 223
"../../../Engine/Plugins/VirtualProduction/VirtualCamera/Content/WidgetLibrary/VCamDial/SubWidgets/VCamDial_ValueLabel.uasset" 224
"../../../Engine/Plugins/VirtualProduction/VirtualCamera/Content/WidgetLibrary/VCamDial/SubWidgets/VCamDial_ValueLabel.uexp" 225
"../../../Engine/Plugins/VirtualProduction/VirtualCamera/Content/WidgetLibrary/VCamDial/SubWidgets/VCamDial_TouchHandler.uasset" 226
"../../../Engine/Plugins/VirtualProduction/VirtualCamera/Content/WidgetLibrary/VCamDial/SubWidgets/VCamDial_TouchHandler.uexp" 227
"../../../Engine/Plugins/VirtualProduction/VirtualCamera/Content/WidgetLibrary/VCamDial/Structs/VCamDialUserSettings.uasset" 228
"../../../Engine/Plugins/VirtualProduction/VirtualCamera/Content/WidgetLibrary/VCamDial/Structs/VCamDialUserSettings.uexp" 229
"../../../Engine/Plugins/VirtualProduction/VirtualCamera/Content/WidgetLibrary/VCamDial/Enums/VCamDialOptionsType.uasset" 230
"../../../Engine/Plugins/VirtualProduction/VirtualCamera/Content/WidgetLibrary/VCamDial/Enums/VCamDialOptionsType.uexp" 231
"../../../Engine/Plugins/VirtualProduction/VirtualCamera/Content/WidgetLibrary/BaseWidgets/BasicLabel/Structs/BasicLabelUserSettings.uasset" 232
"../../../Engine/Plugins/VirtualProduction/VirtualCamera/Content/WidgetLibrary/BaseWidgets/BasicLabel/Structs/BasicLabelUserSettings.uexp" 233
"../../../Engine/Plugins/VirtualProduction/VirtualCamera/Content/WidgetLibrary/VCamDial/Structs/VCamDialStyleSettings.uasset" 234
"../../../Engine/Plugins/VirtualProduction/VirtualCamera/Content/WidgetLibrary/VCamDial/Structs/VCamDialStyleSettings.uexp" 235
"../../../Engine/Plugins/VirtualProduction/VirtualCamera/Content/WidgetLibrary/VCamDial/Interfaces/VCamDialUserSettingsInterface.uasset" 236
"../../../Engine/Plugins/VirtualProduction/VirtualCamera/Content/WidgetLibrary/VCamDial/Interfaces/VCamDialUserSettingsInterface.uexp" 237
"../../../Engine/Plugins/VirtualProduction/VirtualCamera/Content/WidgetLibrary/VCamDial/Interfaces/VCamDialStyleSettingsInterface.uasset" 238
"../../../Engine/Plugins/VirtualProduction/VirtualCamera/Content/WidgetLibrary/VCamDial/Interfaces/VCamDialStyleSettingsInterface.uexp" 239
"../../../Engine/Plugins/VirtualProduction/VirtualCamera/Content/WidgetLibrary/VCamDial/Enums/VCamDialActivationState.uasset" 240
"../../../Engine/Plugins/VirtualProduction/VirtualCamera/Content/WidgetLibrary/VCamDial/Enums/VCamDialActivationState.uexp" 241
"../../../Engine/Plugins/VirtualProduction/VirtualCamera/Content/WidgetLibrary/BaseWidgets/SpinSlot/Structs/SpinSlotSettings.uasset" 242
"../../../Engine/Plugins/VirtualProduction/VirtualCamera/Content/WidgetLibrary/BaseWidgets/SpinSlot/Structs/SpinSlotSettings.uexp" 243
"../../../Engine/Plugins/VirtualProduction/VirtualCamera/Content/WidgetLibrary/BaseWidgets/SpinSlot/SpinSlot.uasset" 244
"../../../Engine/Plugins/VirtualProduction/VirtualCamera/Content/WidgetLibrary/BaseWidgets/SpinSlot/SpinSlot.uexp" 245
"../../../Engine/Plugins/VirtualProduction/VirtualCamera/Content/WidgetLibrary/BaseWidgets/BasicLabel/Enums/EBasicLabelType.uasset" 246
"../../../Engine/Plugins/VirtualProduction/VirtualCamera/Content/WidgetLibrary/BaseWidgets/BasicLabel/Enums/EBasicLabelType.uexp" 247
"../../../Engine/Plugins/VirtualProduction/VirtualCamera/Content/WidgetLibrary/BaseWidgets/BasicLabel/Structs/BasicLabelSettings.uasset" 248
"../../../Engine/Plugins/VirtualProduction/VirtualCamera/Content/WidgetLibrary/BaseWidgets/BasicLabel/Structs/BasicLabelSettings.uexp" 249
"../../../Engine/Plugins/VirtualProduction/VirtualCamera/Content/WidgetLibrary/BaseWidgets/BasicLabel/BasicLabel.uasset" 250
"../../../Engine/Plugins/VirtualProduction/VirtualCamera/Content/WidgetLibrary/BaseWidgets/BasicLabel/BasicLabel.uexp" 251
"../../../Engine/Plugins/VirtualProduction/VirtualCamera/Content/WidgetLibrary/BaseWidgets/BasicLabel/Textures/BasicLabel_TickLeft.uasset" 252
"../../../Engine/Plugins/VirtualProduction/VirtualCamera/Content/WidgetLibrary/BaseWidgets/BasicLabel/Textures/BasicLabel_TickLeft.uexp" 253
"../../../Engine/Plugins/VirtualProduction/VirtualCamera/Content/WidgetLibrary/BaseWidgets/BasicLabel/Textures/BasicLabel_TickRight.uasset" 254
"../../../Engine/Plugins/VirtualProduction/VirtualCamera/Content/WidgetLibrary/BaseWidgets/BasicLabel/Textures/BasicLabel_TickRight.uexp" 255
"../../../Engine/Plugins/VirtualProduction/VirtualCamera/Content/WidgetLibrary/BaseWidgets/RadialBox/Structs/RadialBoxEntry.uasset" 256
"../../../Engine/Plugins/VirtualProduction/VirtualCamera/Content/WidgetLibrary/BaseWidgets/RadialBox/Structs/RadialBoxEntry.uexp" 257
"../../../Engine/Plugins/VirtualProduction/VirtualCamera/Content/WidgetLibrary/BaseWidgets/RadialBox/Structs/RadialBoxSettings.uasset" 258
"../../../Engine/Plugins/VirtualProduction/VirtualCamera/Content/WidgetLibrary/BaseWidgets/RadialBox/Structs/RadialBoxSettings.uexp" 259
"../../../Engine/Plugins/VirtualProduction/VirtualCamera/Content/WidgetLibrary/BaseWidgets/RadialBox/RadialBox.uasset" 260
"../../../Engine/Plugins/VirtualProduction/VirtualCamera/Content/WidgetLibrary/BaseWidgets/RadialBox/RadialBox.uexp" 261
"../../../Engine/Plugins/VirtualProduction/VirtualCamera/Content/WidgetLibrary/VCamDial/VCamDial_Touch.uasset" 262
"../../../Engine/Plugins/VirtualProduction/VirtualCamera/Content/WidgetLibrary/VCamDial/VCamDial_Touch.uexp" 263
"../../../Engine/Plugins/VirtualProduction/VirtualCamera/Content/WidgetLibrary/VCamHUDButton/Dependencies/VCamHUDButtonUserSettings.uasset" 264
"../../../Engine/Plugins/VirtualProduction/VirtualCamera/Content/WidgetLibrary/VCamHUDButton/Dependencies/VCamHUDButtonUserSettings.uexp" 265
"../../../Engine/Plugins/VirtualProduction/VirtualCamera/Content/WidgetLibrary/VCamHUDButton/Interfaces/VCamHUDButtonInterface.uasset" 266
"../../../Engine/Plugins/VirtualProduction/VirtualCamera/Content/WidgetLibrary/VCamHUDButton/Interfaces/VCamHUDButtonInterface.uexp" 267
"../../../Engine/Plugins/VirtualProduction/VirtualCamera/Content/WidgetLibrary/Common/VCamIcons/IconDrive.uasset" 268
"../../../Engine/Plugins/VirtualProduction/VirtualCamera/Content/WidgetLibrary/Common/VCamIcons/IconDrive.uexp" 269
"../../../Engine/Plugins/VirtualProduction/VirtualCamera/Content/WidgetLibrary/VCamSlider/Dependencies/VCamSliderUserSettings.uasset" 270
"../../../Engine/Plugins/VirtualProduction/VirtualCamera/Content/WidgetLibrary/VCamSlider/Dependencies/VCamSliderUserSettings.uexp" 271
"../../../Engine/Plugins/VirtualProduction/VirtualCamera/Content/WidgetLibrary/VCamSlider/Dependencies/VCamSliderStyleSettings.uasset" 272
"../../../Engine/Plugins/VirtualProduction/VirtualCamera/Content/WidgetLibrary/VCamSlider/Dependencies/VCamSliderStyleSettings.uexp" 273
"../../../Engine/Plugins/VirtualProduction/VirtualCamera/Content/WidgetLibrary/VCamSlider/Interfaces/VCamSliderInterface.uasset" 274
"../../../Engine/Plugins/VirtualProduction/VirtualCamera/Content/WidgetLibrary/VCamSlider/Interfaces/VCamSliderInterface.uexp" 275
"../../../Engine/Plugins/VirtualProduction/VirtualCamera/Content/WidgetLibrary/VCamSequencerTimeline/Textures/T_Play.uasset" 276
"../../../Engine/Plugins/VirtualProduction/VirtualCamera/Content/WidgetLibrary/VCamSequencerTimeline/Textures/T_Play.uexp" 277
"../../../Engine/Plugins/VirtualProduction/VirtualCamera/Content/WidgetLibrary/VCamSequencerTimeline/Textures/T_ToPlaybackStart.uasset" 278
"../../../Engine/Plugins/VirtualProduction/VirtualCamera/Content/WidgetLibrary/VCamSequencerTimeline/Textures/T_ToPlaybackStart.uexp" 279
"../../../Engine/Plugins/VirtualProduction/VirtualCamera/Content/WidgetLibrary/VCamSequencerTimeline/Textures/T_Pause.uasset" 280
"../../../Engine/Plugins/VirtualProduction/VirtualCamera/Content/WidgetLibrary/VCamSequencerTimeline/Textures/T_Pause.uexp" 281
"../../../Engine/Plugins/VirtualProduction/VirtualCamera/Content/WidgetLibrary/Common/VCamIcons/IconPlayControlsLooping.uasset" 282
"../../../Engine/Plugins/VirtualProduction/VirtualCamera/Content/WidgetLibrary/Common/VCamIcons/IconPlayControlsLooping.uexp" 283
"../../../Engine/Plugins/VirtualProduction/VirtualCamera/Content/WidgetLibrary/Common/VCamIcons/IconPlayControlsNoLooping.uasset" 284
"../../../Engine/Plugins/VirtualProduction/VirtualCamera/Content/WidgetLibrary/Common/VCamIcons/IconPlayControlsNoLooping.uexp" 285
"../../../Engine/Plugins/VirtualProduction/VirtualCamera/Content/WidgetLibrary/VCamSequencerTimeline/Structs/VCamSequencerTimelineStyleSettings.uasset" 286
"../../../Engine/Plugins/VirtualProduction/VirtualCamera/Content/WidgetLibrary/VCamSequencerTimeline/Structs/VCamSequencerTimelineStyleSettings.uexp" 287
"../../../Engine/Plugins/VirtualProduction/VirtualCamera/Content/WidgetLibrary/VCamSequencerTimeline/Interfaces/VCamSequencerTimelineStyleInterface.uasset" 288
"../../../Engine/Plugins/VirtualProduction/VirtualCamera/Content/WidgetLibrary/VCamSequencerTimeline/Interfaces/VCamSequencerTimelineStyleInterface.uexp" 289
"../../../Engine/Plugins/VirtualProduction/VirtualCamera/Content/WidgetLibrary/VCamEarMenu/Updated/structs/VCamEarMenuButtonStyleSettings.uasset" 290
"../../../Engine/Plugins/VirtualProduction/VirtualCamera/Content/WidgetLibrary/VCamEarMenu/Updated/structs/VCamEarMenuButtonStyleSettings.uexp" 291
"../../../Engine/Plugins/VirtualProduction/VirtualCamera/Content/WidgetLibrary/VCamEarMenu/Updated/interfaces/VCamEarMenuButtonStyleSettingsInterface.uasset" 292
"../../../Engine/Plugins/VirtualProduction/VirtualCamera/Content/WidgetLibrary/VCamEarMenu/Updated/interfaces/VCamEarMenuButtonStyleSettingsInterface.uexp" 293
"../../../Engine/Plugins/VirtualProduction/VirtualCamera/Content/Modifiers/ZeroOutModifier/Interfaces/ZeroOutModifierInterface.uasset" 294
"../../../Engine/Plugins/VirtualProduction/VirtualCamera/Content/Modifiers/ZeroOutModifier/Interfaces/ZeroOutModifierInterface.uexp" 295
"../../../Engine/Plugins/VirtualProduction/VirtualCamera/Content/WidgetLibrary/VCamDial/Blueprints/VCamDialHelperFunctions.uasset" 296
"../../../Engine/Plugins/VirtualProduction/VirtualCamera/Content/WidgetLibrary/VCamDial/Blueprints/VCamDialHelperFunctions.uexp" 297
"../../../Engine/Plugins/VirtualProduction/VirtualCamera/Content/Modifiers/MultiUserModifier/Interfaces/MultiUserModifierInterface.uasset" 298
"../../../Engine/Plugins/VirtualProduction/VirtualCamera/Content/Modifiers/MultiUserModifier/Interfaces/MultiUserModifierInterface.uexp" 299
"../../../Engine/Plugins/VirtualProduction/VirtualCamera/Content/WidgetLibrary/VCamSequencerTimeline/Textures/T_PlayReverse.uasset" 300
"../../../Engine/Plugins/VirtualProduction/VirtualCamera/Content/WidgetLibrary/VCamSequencerTimeline/Textures/T_PlayReverse.uexp" 301
"../../../Engine/Plugins/VirtualProduction/VirtualCamera/Content/WidgetLibrary/VCamDial/Textures/T_VCamDial_LeftArrow.ubulk" 302
"../../../Engine/Plugins/VirtualProduction/VirtualCamera/Content/WidgetLibrary/VCamDial/Textures/T_VCamDial_LeftArrow.uasset" 303
"../../../Engine/Plugins/VirtualProduction/VirtualCamera/Content/WidgetLibrary/VCamDial/Textures/T_VCamDial_LeftArrow.uexp" 304
"../../../Engine/Plugins/VirtualProduction/VirtualCamera/Content/WidgetLibrary/Common/VCamIcons/IconArrowLeft.uasset" 305
"../../../Engine/Plugins/VirtualProduction/VirtualCamera/Content/WidgetLibrary/Common/VCamIcons/IconArrowLeft.uexp" 306
"../../../Engine/Plugins/VirtualProduction/VirtualCamera/Content/WidgetLibrary/Common/VCamIcons/IconArrowRight.uasset" 307
"../../../Engine/Plugins/VirtualProduction/VirtualCamera/Content/WidgetLibrary/Common/VCamIcons/IconArrowRight.uexp" 308
"../../../Engine/Plugins/VirtualProduction/VirtualCamera/Content/WidgetLibrary/Common/VCamIcons/IconAttach.uasset" 309
"../../../Engine/Plugins/VirtualProduction/VirtualCamera/Content/WidgetLibrary/Common/VCamIcons/IconAttach.uexp" 310
"../../../Engine/Plugins/VirtualProduction/VirtualCamera/Content/WidgetLibrary/Common/VCamIcons/IconAutoKey.uasset" 311
"../../../Engine/Plugins/VirtualProduction/VirtualCamera/Content/WidgetLibrary/Common/VCamIcons/IconAutoKey.uexp" 312
"../../../Engine/Plugins/VirtualProduction/VirtualCamera/Content/WidgetLibrary/Common/VCamIcons/IconMinus.uasset" 313
"../../../Engine/Plugins/VirtualProduction/VirtualCamera/Content/WidgetLibrary/Common/VCamIcons/IconMinus.uexp" 314
"../../../Engine/Plugins/VirtualProduction/VirtualCamera/Content/WidgetLibrary/Common/VCamIcons/IconRecent.uasset" 315
"../../../Engine/Plugins/VirtualProduction/VirtualCamera/Content/WidgetLibrary/Common/VCamIcons/IconRecent.uexp" 316
"../../../Engine/Plugins/VirtualProduction/VirtualCamera/Content/WidgetLibrary/Common/VCamIcons/IconSpeed.uasset" 317
"../../../Engine/Plugins/VirtualProduction/VirtualCamera/Content/WidgetLibrary/Common/VCamIcons/IconSpeed.uexp" 318
"../../../Engine/Plugins/VirtualProduction/VirtualCamera/Content/WidgetLibrary/Common/VCamIcons/IconSplineAppend.uasset" 319
"../../../Engine/Plugins/VirtualProduction/VirtualCamera/Content/WidgetLibrary/Common/VCamIcons/IconSplineAppend.uexp" 320
"../../../Engine/Plugins/VirtualProduction/VirtualCamera/Content/WidgetLibrary/Common/VCamIcons/IconSplineInsert.uasset" 321
"../../../Engine/Plugins/VirtualProduction/VirtualCamera/Content/WidgetLibrary/Common/VCamIcons/IconSplineInsert.uexp" 322
"../../../Engine/Plugins/VirtualProduction/VirtualCamera/Content/WidgetLibrary/Common/VCamIcons/IconSplineSplit.uasset" 323
"../../../Engine/Plugins/VirtualProduction/VirtualCamera/Content/WidgetLibrary/Common/VCamIcons/IconSplineSplit.uexp" 324
"../../../Engine/Plugins/VirtualProduction/VirtualCamera/Content/WidgetLibrary/Common/VCamIcons/IconRotate.uasset" 325
"../../../Engine/Plugins/VirtualProduction/VirtualCamera/Content/WidgetLibrary/Common/VCamIcons/IconRotate.uexp" 326
"../../../Engine/Plugins/VirtualProduction/VirtualCamera/Content/WidgetLibrary/Common/VCamIcons/IconPlus.uasset" 327
"../../../Engine/Plugins/VirtualProduction/VirtualCamera/Content/WidgetLibrary/Common/VCamIcons/IconPlus.uexp" 328
"../../../Engine/Plugins/VirtualProduction/VirtualCamera/Content/WidgetLibrary/Common/VCamIcons/IconPlayControlsBounce.ubulk" 329
"../../../Engine/Plugins/VirtualProduction/VirtualCamera/Content/WidgetLibrary/Common/VCamIcons/IconPlayControlsBounce.uasset" 330
"../../../Engine/Plugins/VirtualProduction/VirtualCamera/Content/WidgetLibrary/Common/VCamIcons/IconPlayControlsBounce.uexp" 331
"../../../Engine/Plugins/VirtualProduction/VirtualCamera/Content/Modifiers/SplineModifier/Input/UpdateSplinePoint.uasset" 332
"../../../Engine/Plugins/VirtualProduction/VirtualCamera/Content/Modifiers/SplineModifier/Input/UpdateSplinePoint.uexp" 333
"../../../Engine/Plugins/VirtualProduction/VirtualCamera/Content/Modifiers/SplineModifier/Input/ToggleSpeedMode.uasset" 334
"../../../Engine/Plugins/VirtualProduction/VirtualCamera/Content/Modifiers/SplineModifier/Input/ToggleSpeedMode.uexp" 335
"../../../Engine/Plugins/VirtualProduction/VirtualCamera/Content/Modifiers/SplineModifier/Input/ToggleDurationMode.uasset" 336
"../../../Engine/Plugins/VirtualProduction/VirtualCamera/Content/Modifiers/SplineModifier/Input/ToggleDurationMode.uexp" 337
"../../../Engine/Plugins/VirtualProduction/VirtualCamera/Content/Modifiers/SplineModifier/Input/AddKeyframe.uasset" 338
"../../../Engine/Plugins/VirtualProduction/VirtualCamera/Content/Modifiers/SplineModifier/Input/AddKeyframe.uexp" 339
"../../../Engine/Plugins/VirtualProduction/VirtualCamera/Content/Modifiers/SplineModifier/Input/AddSplinePoint.uasset" 340
"../../../Engine/Plugins/VirtualProduction/VirtualCamera/Content/Modifiers/SplineModifier/Input/AddSplinePoint.uexp" 341
"../../../Engine/Plugins/VirtualProduction/VirtualCamera/Content/Modifiers/SplineModifier/Input/AppendSplinePoint.uasset" 342
"../../../Engine/Plugins/VirtualProduction/VirtualCamera/Content/Modifiers/SplineModifier/Input/AppendSplinePoint.uexp" 343
"../../../Engine/Plugins/VirtualProduction/VirtualCamera/Content/Modifiers/SplineModifier/Input/CreateRigRail.uasset" 344
"../../../Engine/Plugins/VirtualProduction/VirtualCamera/Content/Modifiers/SplineModifier/Input/CreateRigRail.uexp" 345
"../../../Engine/Plugins/VirtualProduction/VirtualCamera/Content/Modifiers/SplineModifier/Input/CurrentRigRail.uasset" 346
"../../../Engine/Plugins/VirtualProduction/VirtualCamera/Content/Modifiers/SplineModifier/Input/CurrentRigRail.uexp" 347
"../../../Engine/Plugins/VirtualProduction/VirtualCamera/Content/Modifiers/SplineModifier/Input/DeleteKeyframe.uasset" 348
"../../../Engine/Plugins/VirtualProduction/VirtualCamera/Content/Modifiers/SplineModifier/Input/DeleteKeyframe.uexp" 349
"../../../Engine/Plugins/VirtualProduction/VirtualCamera/Content/Modifiers/SplineModifier/Input/DeleteRigRail.uasset" 350
"../../../Engine/Plugins/VirtualProduction/VirtualCamera/Content/Modifiers/SplineModifier/Input/DeleteRigRail.uexp" 351
"../../../Engine/Plugins/VirtualProduction/VirtualCamera/Content/Modifiers/SplineModifier/Input/DeleteSplinePoint.uasset" 352
"../../../Engine/Plugins/VirtualProduction/VirtualCamera/Content/Modifiers/SplineModifier/Input/DeleteSplinePoint.uexp" 353
"../../../Engine/Plugins/VirtualProduction/VirtualCamera/Content/Modifiers/SplineModifier/Input/GoToStartPosition.uasset" 354
"../../../Engine/Plugins/VirtualProduction/VirtualCamera/Content/Modifiers/SplineModifier/Input/GoToStartPosition.uexp" 355
"../../../Engine/Plugins/VirtualProduction/VirtualCamera/Content/Modifiers/SplineModifier/Input/InsertSplinePoint.uasset" 356
"../../../Engine/Plugins/VirtualProduction/VirtualCamera/Content/Modifiers/SplineModifier/Input/InsertSplinePoint.uexp" 357
"../../../Engine/Plugins/VirtualProduction/VirtualCamera/Content/Modifiers/SplineModifier/Input/NextKeyframe.uasset" 358
"../../../Engine/Plugins/VirtualProduction/VirtualCamera/Content/Modifiers/SplineModifier/Input/NextKeyframe.uexp" 359
"../../../Engine/Plugins/VirtualProduction/VirtualCamera/Content/Modifiers/SplineModifier/Input/NextRigRail.uasset" 360
"../../../Engine/Plugins/VirtualProduction/VirtualCamera/Content/Modifiers/SplineModifier/Input/NextRigRail.uexp" 361
"../../../Engine/Plugins/VirtualProduction/VirtualCamera/Content/Modifiers/SplineModifier/Input/NextSplinePoint.uasset" 362
"../../../Engine/Plugins/VirtualProduction/VirtualCamera/Content/Modifiers/SplineModifier/Input/NextSplinePoint.uexp" 363
"../../../Engine/Plugins/VirtualProduction/VirtualCamera/Content/Modifiers/SplineModifier/Input/PreviousKeyframe.uasset" 364
"../../../Engine/Plugins/VirtualProduction/VirtualCamera/Content/Modifiers/SplineModifier/Input/PreviousKeyframe.uexp" 365
"../../../Engine/Plugins/VirtualProduction/VirtualCamera/Content/Modifiers/SplineModifier/Input/PreviousRigRail.uasset" 366
"../../../Engine/Plugins/VirtualProduction/VirtualCamera/Content/Modifiers/SplineModifier/Input/PreviousRigRail.uexp" 367
"../../../Engine/Plugins/VirtualProduction/VirtualCamera/Content/Modifiers/SplineModifier/Input/PreviousSplinePoint.uasset" 368
"../../../Engine/Plugins/VirtualProduction/VirtualCamera/Content/Modifiers/SplineModifier/Input/PreviousSplinePoint.uexp" 369
"../../../Engine/Plugins/VirtualProduction/VirtualCamera/Content/Modifiers/SplineModifier/Input/SetDriveModeToManual.uasset" 370
"../../../Engine/Plugins/VirtualProduction/VirtualCamera/Content/Modifiers/SplineModifier/Input/SetDriveModeToManual.uexp" 371
"../../../Engine/Plugins/VirtualProduction/VirtualCamera/Content/Modifiers/SplineModifier/Input/SetSplineCurrentPosition.uasset" 372
"../../../Engine/Plugins/VirtualProduction/VirtualCamera/Content/Modifiers/SplineModifier/Input/SetSplineCurrentPosition.uexp" 373
"../../../Engine/Plugins/VirtualProduction/VirtualCamera/Content/Modifiers/SplineModifier/Input/SetSplineDriveMode.uasset" 374
"../../../Engine/Plugins/VirtualProduction/VirtualCamera/Content/Modifiers/SplineModifier/Input/SetSplineDriveMode.uexp" 375
"../../../Engine/Plugins/VirtualProduction/VirtualCamera/Content/Modifiers/SplineModifier/Input/SetSplineDriveModeOptionValueAxis.uasset" 376
"../../../Engine/Plugins/VirtualProduction/VirtualCamera/Content/Modifiers/SplineModifier/Input/SetSplineDriveModeOptionValueAxis.uexp" 377
"../../../Engine/Plugins/VirtualProduction/VirtualCamera/Content/Modifiers/SplineModifier/Input/SplineAttachStatus.uasset" 378
"../../../Engine/Plugins/VirtualProduction/VirtualCamera/Content/Modifiers/SplineModifier/Input/SplineAttachStatus.uexp" 379
"../../../Engine/Plugins/VirtualProduction/VirtualCamera/Content/Modifiers/SplineModifier/Input/SplitSplineSegment.uasset" 380
"../../../Engine/Plugins/VirtualProduction/VirtualCamera/Content/Modifiers/SplineModifier/Input/SplitSplineSegment.uexp" 381
"../../../Engine/Plugins/VirtualProduction/VirtualCamera/Content/Modifiers/SplineModifier/Input/ToggleAttach.uasset" 382
"../../../Engine/Plugins/VirtualProduction/VirtualCamera/Content/Modifiers/SplineModifier/Input/ToggleAttach.uexp" 383
"../../../Engine/Plugins/VirtualProduction/VirtualCamera/Content/Modifiers/SplineModifier/Input/ToggleAttachCameraParameters.uasset" 384
"../../../Engine/Plugins/VirtualProduction/VirtualCamera/Content/Modifiers/SplineModifier/Input/ToggleAttachCameraParameters.uexp" 385
"../../../Engine/Plugins/VirtualProduction/VirtualCamera/Content/Modifiers/SplineModifier/Input/ToggleAttachLocationX.uasset" 386
"../../../Engine/Plugins/VirtualProduction/VirtualCamera/Content/Modifiers/SplineModifier/Input/ToggleAttachLocationX.uexp" 387
"../../../Engine/Plugins/VirtualProduction/VirtualCamera/Content/Modifiers/SplineModifier/Input/ToggleAttachLocationY.uasset" 388
"../../../Engine/Plugins/VirtualProduction/VirtualCamera/Content/Modifiers/SplineModifier/Input/ToggleAttachLocationY.uexp" 389
"../../../Engine/Plugins/VirtualProduction/VirtualCamera/Content/Modifiers/SplineModifier/Input/ToggleAttachLocationZ.uasset" 390
"../../../Engine/Plugins/VirtualProduction/VirtualCamera/Content/Modifiers/SplineModifier/Input/ToggleAttachLocationZ.uexp" 391
"../../../Engine/Plugins/VirtualProduction/VirtualCamera/Content/Modifiers/SplineModifier/Input/ToggleAttachRotationX.uasset" 392
"../../../Engine/Plugins/VirtualProduction/VirtualCamera/Content/Modifiers/SplineModifier/Input/ToggleAttachRotationX.uexp" 393
"../../../Engine/Plugins/VirtualProduction/VirtualCamera/Content/Modifiers/SplineModifier/Input/ToggleAttachRotationY.uasset" 394
"../../../Engine/Plugins/VirtualProduction/VirtualCamera/Content/Modifiers/SplineModifier/Input/ToggleAttachRotationY.uexp" 395
"../../../Engine/Plugins/VirtualProduction/VirtualCamera/Content/Modifiers/SplineModifier/Input/ToggleAttachRotationZ.uasset" 396
"../../../Engine/Plugins/VirtualProduction/VirtualCamera/Content/Modifiers/SplineModifier/Input/ToggleAttachRotationZ.uexp" 397
"../../../Engine/Plugins/VirtualProduction/VirtualCamera/Content/Modifiers/SplineModifier/Input/ToggleAutoKey.uasset" 398
"../../../Engine/Plugins/VirtualProduction/VirtualCamera/Content/Modifiers/SplineModifier/Input/ToggleAutoKey.uexp" 399
"../../../Engine/Plugins/VirtualProduction/VirtualCamera/Content/Modifiers/SplineModifier/Input/ToggleDriveForward.uasset" 400
"../../../Engine/Plugins/VirtualProduction/VirtualCamera/Content/Modifiers/SplineModifier/Input/ToggleDriveForward.uexp" 401
"../../../Engine/Plugins/VirtualProduction/VirtualCamera/Content/Modifiers/SplineModifier/Input/ToggleDriveInReverse.uasset" 402
"../../../Engine/Plugins/VirtualProduction/VirtualCamera/Content/Modifiers/SplineModifier/Input/ToggleDriveInReverse.uexp" 403
"../../../Engine/Plugins/VirtualProduction/VirtualCamera/Content/Modifiers/SplineModifier/Input/ToggleDriveLoop.uasset" 404
"../../../Engine/Plugins/VirtualProduction/VirtualCamera/Content/Modifiers/SplineModifier/Input/ToggleDriveLoop.uexp" 405
"../../../Engine/Plugins/VirtualProduction/VirtualCamera/Content/Modifiers/SplineModifier/Input/SplineModifierInputMappingContext.uasset" 406
"../../../Engine/Plugins/VirtualProduction/VirtualCamera/Content/Modifiers/SplineModifier/Input/SplineModifierInputMappingContext.uexp" 407
"../../../Engine/Plugins/VirtualProduction/VirtualCamera/Content/Modifiers/SplineModifier/SplineModifier.uasset" 408
"../../../Engine/Plugins/VirtualProduction/VirtualCamera/Content/Modifiers/SplineModifier/SplineModifier.uexp" 409
"../../../Engine/Plugins/VirtualProduction/VirtualCamera/Content/WidgetLibrary/Common/VCamIcons/IconSpline.uasset" 410
"../../../Engine/Plugins/VirtualProduction/VirtualCamera/Content/WidgetLibrary/Common/VCamIcons/IconSpline.uexp" 411
"../../../Engine/Plugins/VirtualProduction/VirtualCamera/Content/WidgetLibrary/Common/VCamIcons/IconAxis.uasset" 412
"../../../Engine/Plugins/VirtualProduction/VirtualCamera/Content/WidgetLibrary/Common/VCamIcons/IconAxis.uexp" 413
"../../../Engine/Plugins/VirtualProduction/VirtualCamera/Content/WidgetLibrary/Common/VCamIcons/IconFlight.uasset" 414
"../../../Engine/Plugins/VirtualProduction/VirtualCamera/Content/WidgetLibrary/Common/VCamIcons/IconFlight.uexp" 415
"../../../Engine/Plugins/VirtualProduction/VirtualCamera/Content/WidgetLibrary/Common/VCamIcons/IconHold.uasset" 416
"../../../Engine/Plugins/VirtualProduction/VirtualCamera/Content/WidgetLibrary/Common/VCamIcons/IconHold.uexp" 417
"../../../Engine/Plugins/VirtualProduction/VirtualCamera/Content/WidgetLibrary/Common/VCamIcons/IconKillRoll.uasset" 418
"../../../Engine/Plugins/VirtualProduction/VirtualCamera/Content/WidgetLibrary/Common/VCamIcons/IconKillRoll.uexp" 419
"../../../Engine/Plugins/VirtualProduction/VirtualCamera/Content/WidgetLibrary/Common/VCamIcons/IconZeroState.uasset" 420
"../../../Engine/Plugins/VirtualProduction/VirtualCamera/Content/WidgetLibrary/Common/VCamIcons/IconZeroState.uexp" 421
"../../../Engine/Plugins/VirtualProduction/VirtualCamera/Content/WidgetLibrary/Common/VCamIcons/IconCrane.uasset" 422
"../../../Engine/Plugins/VirtualProduction/VirtualCamera/Content/WidgetLibrary/Common/VCamIcons/IconCrane.uexp" 423
"../../../Engine/Plugins/VirtualProduction/VirtualCamera/Content/WidgetLibrary/Common/VCamIcons/IconDolly.uasset" 424
"../../../Engine/Plugins/VirtualProduction/VirtualCamera/Content/WidgetLibrary/Common/VCamIcons/IconDolly.uexp" 425
"../../../Engine/Plugins/VirtualProduction/VirtualCamera/Content/WidgetLibrary/Common/VCamIcons/IconPan.uasset" 426
"../../../Engine/Plugins/VirtualProduction/VirtualCamera/Content/WidgetLibrary/Common/VCamIcons/IconPan.uexp" 427
"../../../Engine/Plugins/VirtualProduction/VirtualCamera/Content/WidgetLibrary/Common/VCamIcons/IconRoll.uasset" 428
"../../../Engine/Plugins/VirtualProduction/VirtualCamera/Content/WidgetLibrary/Common/VCamIcons/IconRoll.uexp" 429
"../../../Engine/Plugins/VirtualProduction/VirtualCamera/Content/WidgetLibrary/Common/VCamIcons/IconTilt.uasset" 430
"../../../Engine/Plugins/VirtualProduction/VirtualCamera/Content/WidgetLibrary/Common/VCamIcons/IconTilt.uexp" 431
"../../../Engine/Plugins/VirtualProduction/VirtualCamera/Content/WidgetLibrary/Common/VCamIcons/IconTruck.uasset" 432
"../../../Engine/Plugins/VirtualProduction/VirtualCamera/Content/WidgetLibrary/Common/VCamIcons/IconTruck.uexp" 433
"../../../Engine/Plugins/VirtualProduction/VirtualCamera/Content/WidgetLibrary/Common/VCamIcons/T_MultiUser.ubulk" 434
"../../../Engine/Plugins/VirtualProduction/VirtualCamera/Content/WidgetLibrary/Common/VCamIcons/T_MultiUser.uasset" 435
"../../../Engine/Plugins/VirtualProduction/VirtualCamera/Content/WidgetLibrary/Common/VCamIcons/T_MultiUser.uexp" 436
"../../../Engine/Plugins/VirtualProduction/VirtualCamera/Content/WidgetLibrary/VCamEarMenu/Updated/hierarchy/WS_EarButton.uasset" 437
"../../../Engine/Plugins/VirtualProduction/VirtualCamera/Content/WidgetLibrary/VCamEarMenu/Updated/hierarchy/WS_EarButton.uexp" 438
"../../../Engine/Plugins/VirtualProduction/VirtualCamera/Content/WidgetLibrary/Common/VCamIcons/IconAttachOptions.uasset" 439
"../../../Engine/Plugins/VirtualProduction/VirtualCamera/Content/WidgetLibrary/Common/VCamIcons/IconAttachOptions.uexp" 440
"../../../Engine/Plugins/VirtualProduction/VirtualCamera/Content/WidgetLibrary/Common/VCamIcons/IconEditOptions.uasset" 441
"../../../Engine/Plugins/VirtualProduction/VirtualCamera/Content/WidgetLibrary/Common/VCamIcons/IconEditOptions.uexp" 442
"../../../Engine/Plugins/VirtualProduction/VirtualCamera/Content/WidgetLibrary/Common/VCamIcons/IconFilm.uasset" 443
"../../../Engine/Plugins/VirtualProduction/VirtualCamera/Content/WidgetLibrary/Common/VCamIcons/IconFilm.uexp" 444
"../../../Engine/Plugins/VirtualProduction/VirtualCamera/Content/WidgetLibrary/Common/VCamIcons/IconGameView.uasset" 445
"../../../Engine/Plugins/VirtualProduction/VirtualCamera/Content/WidgetLibrary/Common/VCamIcons/IconGameView.uexp" 446
"../../../Engine/Plugins/VirtualProduction/VirtualCamera/Content/WidgetLibrary/Common/VCamIcons/IconSplineUpdate.uasset" 447
"../../../Engine/Plugins/VirtualProduction/VirtualCamera/Content/WidgetLibrary/Common/VCamIcons/IconSplineUpdate.uexp" 448
"../../../Engine/Plugins/VirtualProduction/VirtualCamera/Content/WidgetLibrary/Common/VCamIcons/IconZeroToParent.uasset" 449
"../../../Engine/Plugins/VirtualProduction/VirtualCamera/Content/WidgetLibrary/Common/VCamIcons/IconZeroToParent.uexp" 450
"../../../Engine/Plugins/VirtualProduction/VirtualCamera/Content/WidgetLibrary/Common/VCamIcons/TiltOffset.uasset" 451
"../../../Engine/Plugins/VirtualProduction/VirtualCamera/Content/WidgetLibrary/Common/VCamIcons/TiltOffset.uexp" 452
"../../../Engine/Plugins/VirtualProduction/VirtualCamera/Content/WidgetLibrary/VCamEarMenu/Updated/hierarchy/MBWS_EarMenu_Right.uasset" 453
"../../../Engine/Plugins/VirtualProduction/VirtualCamera/Content/WidgetLibrary/VCamEarMenu/Updated/hierarchy/MBWS_EarMenu_Right.uexp" 454
"../../../Engine/Plugins/VirtualProduction/VirtualCamera/Content/WidgetLibrary/VCamEarMenu/Updated/hierarchy/MH_EarMenu_Right.uasset" 455
"../../../Engine/Plugins/VirtualProduction/VirtualCamera/Content/WidgetLibrary/VCamEarMenu/Updated/hierarchy/MH_EarMenu_Right.uexp" 456
"../../../Engine/Plugins/VirtualProduction/VirtualCamera/Content/WidgetLibrary/VCamEarMenu/Textures/T_LeftEarBottom.uasset" 457
"../../../Engine/Plugins/VirtualProduction/VirtualCamera/Content/WidgetLibrary/VCamEarMenu/Textures/T_LeftEarBottom.uexp" 458
"../../../Engine/Plugins/VirtualProduction/VirtualCamera/Content/WidgetLibrary/Common/VCamIcons/IconArrowDown.uasset" 459
"../../../Engine/Plugins/VirtualProduction/VirtualCamera/Content/WidgetLibrary/Common/VCamIcons/IconArrowDown.uexp" 460
"../../../Engine/Plugins/VirtualProduction/VirtualCamera/Content/WidgetLibrary/VCamEarMenu/Updated/BPI_VCamEar.uasset" 461
"../../../Engine/Plugins/VirtualProduction/VirtualCamera/Content/WidgetLibrary/VCamEarMenu/Updated/BPI_VCamEar.uexp" 462
"../../../Engine/Content/EngineResources/WhiteSquareTexture.uasset" 463
"../../../Engine/Content/EngineResources/WhiteSquareTexture.uexp" 464
"../../../Engine/Plugins/VirtualProduction/VirtualCamera/Content/WidgetLibrary/Common/VCamIcons/IconAperture.uasset" 465
"../../../Engine/Plugins/VirtualProduction/VirtualCamera/Content/WidgetLibrary/Common/VCamIcons/IconAperture.uexp" 466
"../../../Engine/Plugins/VirtualProduction/VirtualCamera/Content/WidgetLibrary/VCamEarMenu/Updated/widgets/EarButton/EarButton.uasset" 467
"../../../Engine/Plugins/VirtualProduction/VirtualCamera/Content/WidgetLibrary/VCamEarMenu/Updated/widgets/EarButton/EarButton.uexp" 468
"../../../Engine/Plugins/VirtualProduction/VirtualCamera/Content/WidgetLibrary/VCamEarMenu/Updated/tex/ScrollFade_Top.uasset" 469
"../../../Engine/Plugins/VirtualProduction/VirtualCamera/Content/WidgetLibrary/VCamEarMenu/Updated/tex/ScrollFade_Top.uexp" 470
"../../../Engine/Plugins/VirtualProduction/VirtualCamera/Content/WidgetLibrary/VCamEarMenu/Updated/tex/ScrollFade_Bottom.uasset" 471
"../../../Engine/Plugins/VirtualProduction/VirtualCamera/Content/WidgetLibrary/VCamEarMenu/Updated/tex/ScrollFade_Bottom.uexp" 472
"../../../Engine/Plugins/VirtualProduction/VirtualCamera/Content/WidgetLibrary/VCamEarMenu/Updated/hierarchy/MH_EarMenu_Left.uasset" 473
"../../../Engine/Plugins/VirtualProduction/VirtualCamera/Content/WidgetLibrary/VCamEarMenu/Updated/hierarchy/MH_EarMenu_Left.uexp" 474
"../../../Engine/Plugins/VirtualProduction/VirtualCamera/Content/WidgetLibrary/Common/VCamIcons/IconClipPlane.uasset" 475
"../../../Engine/Plugins/VirtualProduction/VirtualCamera/Content/WidgetLibrary/Common/VCamIcons/IconClipPlane.uexp" 476
"../../../Engine/Plugins/VirtualProduction/VirtualCamera/Content/WidgetLibrary/Common/VCamIcons/IconISO.uasset" 477
"../../../Engine/Plugins/VirtualProduction/VirtualCamera/Content/WidgetLibrary/Common/VCamIcons/IconISO.uexp" 478
"../../../Engine/Plugins/VirtualProduction/VirtualCamera/Content/WidgetLibrary/Common/VCamIcons/IconLens.uasset" 479
"../../../Engine/Plugins/VirtualProduction/VirtualCamera/Content/WidgetLibrary/Common/VCamIcons/IconLens.uexp" 480
"../../../Engine/Plugins/VirtualProduction/VirtualCamera/Content/WidgetLibrary/Common/VCamIcons/IconViewfinder.uasset" 481
"../../../Engine/Plugins/VirtualProduction/VirtualCamera/Content/WidgetLibrary/Common/VCamIcons/IconViewfinder.uexp" 482
"../../../Engine/Plugins/VirtualProduction/VirtualCamera/Content/WidgetLibrary/Common/VCamIcons/IconFocusPeaking.uasset" 483
"../../../Engine/Plugins/VirtualProduction/VirtualCamera/Content/WidgetLibrary/Common/VCamIcons/IconFocusPeaking.uexp" 484
"../../../Engine/Plugins/VirtualProduction/VirtualCamera/Content/WidgetLibrary/Common/VCamIcons/IconZebraPattern.uasset" 485
"../../../Engine/Plugins/VirtualProduction/VirtualCamera/Content/WidgetLibrary/Common/VCamIcons/IconZebraPattern.uexp" 486
"../../../Engine/Plugins/VirtualProduction/VirtualCamera/Content/WidgetLibrary/Common/VCamIcons/IconFocus.uasset" 487
"../../../Engine/Plugins/VirtualProduction/VirtualCamera/Content/WidgetLibrary/Common/VCamIcons/IconFocus.uexp" 488
"../../../Engine/Plugins/VirtualProduction/VirtualCamera/Content/WidgetLibrary/Common/VCamIcons/IconFocusPlane.uasset" 489
"../../../Engine/Plugins/VirtualProduction/VirtualCamera/Content/WidgetLibrary/Common/VCamIcons/IconFocusPlane.uexp" 490
"../../../Engine/Plugins/VirtualProduction/VirtualCamera/Content/WidgetLibrary/Common/VCamIcons/IconTrackFocus.uasset" 491
"../../../Engine/Plugins/VirtualProduction/VirtualCamera/Content/WidgetLibrary/Common/VCamIcons/IconTrackFocus.uexp" 492
"../../../Engine/Plugins/VirtualProduction/VirtualCamera/Content/WidgetLibrary/VCamEarMenu/Updated/hierarchy/MBWS_EarMenu_Left.uasset" 493
"../../../Engine/Plugins/VirtualProduction/VirtualCamera/Content/WidgetLibrary/VCamEarMenu/Updated/hierarchy/MBWS_EarMenu_Left.uexp" 494
"../../../Engine/Plugins/VirtualProduction/VirtualCamera/Content/WidgetLibrary/VCamEarMenu/Updated/enum/E_VCamEarState.uasset" 495
"../../../Engine/Plugins/VirtualProduction/VirtualCamera/Content/WidgetLibrary/VCamEarMenu/Updated/enum/E_VCamEarState.uexp" 496
"../../../Engine/Plugins/VirtualProduction/VirtualCamera/Content/WidgetLibrary/VCamEarMenu/Updated/curves/C_AnimIn.uasset" 497
"../../../Engine/Plugins/VirtualProduction/VirtualCamera/Content/WidgetLibrary/VCamEarMenu/Updated/curves/C_AnimIn.uexp" 498
"../../../Engine/Plugins/VirtualProduction/VirtualCamera/Content/WidgetLibrary/VCamEarMenu/Updated/VCamEar.uasset" 499
"../../../Engine/Plugins/VirtualProduction/VirtualCamera/Content/WidgetLibrary/VCamEarMenu/Updated/VCamEar.uexp" 500
"../../../Engine/Plugins/VirtualProduction/VirtualCamera/Content/WidgetLibrary/VCamEarMenu/Updated/widgets/EarButton/EarButtonTooltip.uasset" 501
"../../../Engine/Plugins/VirtualProduction/VirtualCamera/Content/WidgetLibrary/VCamEarMenu/Updated/widgets/EarButton/EarButtonTooltip.uexp" 502
"../../../Engine/Plugins/VirtualProduction/VirtualCamera/Content/WidgetLibrary/VCamJoysticks/Dependencies/T_DollyJoystickOuter.uasset" 503
"../../../Engine/Plugins/VirtualProduction/VirtualCamera/Content/WidgetLibrary/VCamJoysticks/Dependencies/T_DollyJoystickOuter.uexp" 504
"../../../Engine/Plugins/VirtualProduction/VirtualCamera/Content/WidgetLibrary/VCamJoysticks/Dependencies/T_DollyJoystickInner.uasset" 505
"../../../Engine/Plugins/VirtualProduction/VirtualCamera/Content/WidgetLibrary/VCamJoysticks/Dependencies/T_DollyJoystickInner.uexp" 506
"../../../Engine/Plugins/VirtualProduction/VirtualCamera/Content/WidgetLibrary/BaseWidgets/BaseJoystick/BaseJoystick.uasset" 507
"../../../Engine/Plugins/VirtualProduction/VirtualCamera/Content/WidgetLibrary/BaseWidgets/BaseJoystick/BaseJoystick.uexp" 508
"../../../Engine/Plugins/VirtualProduction/VirtualCamera/Content/WidgetLibrary/VCamJoysticks/VCamJoystick_Planar.uasset" 509
"../../../Engine/Plugins/VirtualProduction/VirtualCamera/Content/WidgetLibrary/VCamJoysticks/VCamJoystick_Planar.uexp" 510
"../../../Engine/Plugins/VirtualProduction/VirtualCamera/Content/WidgetLibrary/VCamJoysticks/Dependencies/T_PanJoystickInner.uasset" 511
"../../../Engine/Plugins/VirtualProduction/VirtualCamera/Content/WidgetLibrary/VCamJoysticks/Dependencies/T_PanJoystickInner.uexp" 512
"../../../Engine/Plugins/VirtualProduction/VirtualCamera/Content/WidgetLibrary/VCamJoysticks/Dependencies/T_CraneJoystickOuter.uasset" 513
"../../../Engine/Plugins/VirtualProduction/VirtualCamera/Content/WidgetLibrary/VCamJoysticks/Dependencies/T_CraneJoystickOuter.uexp" 514
"../../../Engine/Plugins/VirtualProduction/VirtualCamera/Content/WidgetLibrary/VCamJoysticks/Dependencies/T_CraneJoystickInner.uasset" 515
"../../../Engine/Plugins/VirtualProduction/VirtualCamera/Content/WidgetLibrary/VCamJoysticks/Dependencies/T_CraneJoystickInner.uexp" 516
"../../../Engine/Plugins/VirtualProduction/VirtualCamera/Content/WidgetLibrary/VCamJoysticks/Dependencies/Joysticks_CranePanDirection.uasset" 517
"../../../Engine/Plugins/VirtualProduction/VirtualCamera/Content/WidgetLibrary/VCamJoysticks/Dependencies/Joysticks_CranePanDirection.uexp" 518
"../../../Engine/Plugins/VirtualProduction/VirtualCamera/Content/WidgetLibrary/VCamJoysticks/VCamJoysticks_CranePan.uasset" 519
"../../../Engine/Plugins/VirtualProduction/VirtualCamera/Content/WidgetLibrary/VCamJoysticks/VCamJoysticks_CranePan.uexp" 520
"../../../Engine/Plugins/VirtualProduction/VirtualCamera/Content/WidgetLibrary/VCW_AspectRatioMask/Dependencies/AspectRatioMaskUserSettings.uasset" 521
"../../../Engine/Plugins/VirtualProduction/VirtualCamera/Content/WidgetLibrary/VCW_AspectRatioMask/Dependencies/AspectRatioMaskUserSettings.uexp" 522
"../../../Engine/Plugins/VirtualProduction/VirtualCamera/Content/WidgetLibrary/VCW_AspectRatioMask/Interfaces/AspectRatioMaskInterface.uasset" 523
"../../../Engine/Plugins/VirtualProduction/VirtualCamera/Content/WidgetLibrary/VCW_AspectRatioMask/Interfaces/AspectRatioMaskInterface.uexp" 524
"../../../Engine/Plugins/VirtualProduction/VirtualCamera/Content/WidgetLibrary/VCamJoysticks/VCamJoysticks.uasset" 525
"../../../Engine/Plugins/VirtualProduction/VirtualCamera/Content/WidgetLibrary/VCamJoysticks/VCamJoysticks.uexp" 526
"../../../Engine/Plugins/VirtualProduction/VirtualCamera/Content/WidgetLibrary/VCamGestureWidget/Structs/VCamGestureUserSettings.uasset" 527
"../../../Engine/Plugins/VirtualProduction/VirtualCamera/Content/WidgetLibrary/VCamGestureWidget/Structs/VCamGestureUserSettings.uexp" 528
"../../../Engine/Plugins/VirtualProduction/VirtualCamera/Content/WidgetLibrary/VCamGestureWidget/Interfaces/VCamGestureUserSettings.uasset" 529
"../../../Engine/Plugins/VirtualProduction/VirtualCamera/Content/WidgetLibrary/VCamGestureWidget/Interfaces/VCamGestureUserSettings.uexp" 530
"../../../Engine/Plugins/VirtualProduction/VirtualCamera/Content/WidgetLibrary/VCamGestureWidget/Dependencies/VCamGestureIndex.uasset" 531
"../../../Engine/Plugins/VirtualProduction/VirtualCamera/Content/WidgetLibrary/VCamGestureWidget/Dependencies/VCamGestureIndex.uexp" 532
"../../../Engine/Content/Functions/Engine_MaterialFunctions02/Utility/BreakOutFloat2Components.uasset" 533
"../../../Engine/Content/Functions/Engine_MaterialFunctions02/Utility/BreakOutFloat2Components.uexp" 534
"../../../Engine/Content/Functions/Engine_MaterialFunctions03/Math/RemapValueRange.uasset" 535
"../../../Engine/Content/Functions/Engine_MaterialFunctions03/Math/RemapValueRange.uexp" 536
"../../../Engine/Plugins/VirtualProduction/VirtualCamera/Content/WidgetLibrary/VCamGestureWidget/Dependencies/M_GestureFocus.uasset" 537
"../../../Engine/Plugins/VirtualProduction/VirtualCamera/Content/WidgetLibrary/VCamGestureWidget/Dependencies/M_GestureFocus.uexp" 538
"../../../Engine/Plugins/VirtualProduction/VirtualCamera/Content/WidgetLibrary/VCamGestureWidget/Dependencies/MI_GestureFocus.uasset" 539
"../../../Engine/Plugins/VirtualProduction/VirtualCamera/Content/WidgetLibrary/VCamGestureWidget/Dependencies/MI_GestureFocus.uexp" 540
"../../../Engine/Plugins/VirtualProduction/VirtualCamera/Content/WidgetLibrary/VCamGestureWidget/Dependencies/M_GestureFeedback.uasset" 541
"../../../Engine/Plugins/VirtualProduction/VirtualCamera/Content/WidgetLibrary/VCamGestureWidget/Dependencies/M_GestureFeedback.uexp" 542
"../../../Engine/Plugins/VirtualProduction/VirtualCamera/Content/WidgetLibrary/VCamGestureWidget/Dependencies/MI_GestureFeedback.uasset" 543
"../../../Engine/Plugins/VirtualProduction/VirtualCamera/Content/WidgetLibrary/VCamGestureWidget/Dependencies/MI_GestureFeedback.uexp" 544
"../../../Engine/Plugins/VirtualProduction/VirtualCamera/Content/WidgetLibrary/VCamGestureWidget/VCamGestureUXWidget.uasset" 545
"../../../Engine/Plugins/VirtualProduction/VirtualCamera/Content/WidgetLibrary/VCamGestureWidget/VCamGestureUXWidget.uexp" 546
"../../../Engine/Plugins/VirtualProduction/VirtualCamera/Content/WidgetLibrary/VCamGestureWidget/Interfaces/VCamGestureViewportSettings.uasset" 547
"../../../Engine/Plugins/VirtualProduction/VirtualCamera/Content/WidgetLibrary/VCamGestureWidget/Interfaces/VCamGestureViewportSettings.uexp" 548
"../../../Engine/Plugins/VirtualProduction/VirtualCamera/Content/WidgetLibrary/VCamGestureWidget/Dependencies/EVcamGestureTutorials.uasset" 549
"../../../Engine/Plugins/VirtualProduction/VirtualCamera/Content/WidgetLibrary/VCamGestureWidget/Dependencies/EVcamGestureTutorials.uexp" 550
"../../../Engine/Plugins/VirtualProduction/VirtualCamera/Content/WidgetLibrary/VCamGestureWidget/Dependencies/TutorialImages/GestureTwoFinger.uasset" 551
"../../../Engine/Plugins/VirtualProduction/VirtualCamera/Content/WidgetLibrary/VCamGestureWidget/Dependencies/TutorialImages/GestureTwoFinger.uexp" 552
"../../../Engine/Plugins/VirtualProduction/VirtualCamera/Content/WidgetLibrary/VCamGestureWidget/Dependencies/TutorialImages/GestureThumbsUp.uasset" 553
"../../../Engine/Plugins/VirtualProduction/VirtualCamera/Content/WidgetLibrary/VCamGestureWidget/Dependencies/TutorialImages/GestureThumbsUp.uexp" 554
"../../../Engine/Plugins/VirtualProduction/VirtualCamera/Content/WidgetLibrary/VCamGestureWidget/Dependencies/TutorialImages/GesturePinch.uasset" 555
"../../../Engine/Plugins/VirtualProduction/VirtualCamera/Content/WidgetLibrary/VCamGestureWidget/Dependencies/TutorialImages/GesturePinch.uexp" 556
"../../../Engine/Plugins/VirtualProduction/VirtualCamera/Content/WidgetLibrary/VCamGestureWidget/Dependencies/TutorialImages/GestureDrag.uasset" 557
"../../../Engine/Plugins/VirtualProduction/VirtualCamera/Content/WidgetLibrary/VCamGestureWidget/Dependencies/TutorialImages/GestureDrag.uexp" 558
"../../../Engine/Plugins/VirtualProduction/VirtualCamera/Content/WidgetLibrary/VCamGestureWidget/Dependencies/TutorialImages/GestureDoubleTap.uasset" 559
"../../../Engine/Plugins/VirtualProduction/VirtualCamera/Content/WidgetLibrary/VCamGestureWidget/Dependencies/TutorialImages/GestureDoubleTap.uexp" 560
"../../../Engine/Plugins/VirtualProduction/VirtualCamera/Content/WidgetLibrary/VCamGestureWidget/VCamGestureWidget.uasset" 561
"../../../Engine/Plugins/VirtualProduction/VirtualCamera/Content/WidgetLibrary/VCamGestureWidget/VCamGestureWidget.uexp" 562
"../../../Engine/Plugins/VirtualProduction/VirtualCamera/Content/WidgetLibrary/VCamHUDBorder/Dependencies/VCamHUDBottomFrameLeft.uasset" 563
"../../../Engine/Plugins/VirtualProduction/VirtualCamera/Content/WidgetLibrary/VCamHUDBorder/Dependencies/VCamHUDBottomFrameLeft.uexp" 564
"../../../Engine/Plugins/VirtualProduction/VirtualCamera/Content/WidgetLibrary/VCamHUDBorder/Dependencies/T_VCamHUDTopFrameRight.uasset" 565
"../../../Engine/Plugins/VirtualProduction/VirtualCamera/Content/WidgetLibrary/VCamHUDBorder/Dependencies/T_VCamHUDTopFrameRight.uexp" 566
"../../../Engine/Plugins/VirtualProduction/VirtualCamera/Content/WidgetLibrary/VCamHUDBorder/Dependencies/T_VCamHUDTopFrameLeft.uasset" 567
"../../../Engine/Plugins/VirtualProduction/VirtualCamera/Content/WidgetLibrary/VCamHUDBorder/Dependencies/T_VCamHUDTopFrameLeft.uexp" 568
"../../../Engine/Plugins/VirtualProduction/VirtualCamera/Content/WidgetLibrary/VCamHUDBorder/Dependencies/T_VCamHUDTopFrameGap.uasset" 569
"../../../Engine/Plugins/VirtualProduction/VirtualCamera/Content/WidgetLibrary/VCamHUDBorder/Dependencies/T_VCamHUDTopFrameGap.uexp" 570
"../../../Engine/Plugins/VirtualProduction/VirtualCamera/Content/WidgetLibrary/VCamHUDBorder/Dependencies/T_VCamHUDCorner.uasset" 571
"../../../Engine/Plugins/VirtualProduction/VirtualCamera/Content/WidgetLibrary/VCamHUDBorder/Dependencies/T_VCamHUDCorner.uexp" 572
"../../../Engine/Plugins/VirtualProduction/VirtualCamera/Content/WidgetLibrary/VCamHUDBorder/Dependencies/T_VCamHUDBottomFrameMiddle.uasset" 573
"../../../Engine/Plugins/VirtualProduction/VirtualCamera/Content/WidgetLibrary/VCamHUDBorder/Dependencies/T_VCamHUDBottomFrameMiddle.uexp" 574
"../../../Engine/Plugins/VirtualProduction/VirtualCamera/Content/WidgetLibrary/VCamHUDBorder/Dependencies/T_VCamHUDBottomFrameRight.uasset" 575
"../../../Engine/Plugins/VirtualProduction/VirtualCamera/Content/WidgetLibrary/VCamHUDBorder/Dependencies/T_VCamHUDBottomFrameRight.uexp" 576
"../../../Engine/Plugins/VirtualProduction/VirtualCamera/Content/WidgetLibrary/VCamHUDBorder/VCamHUDBorder.uasset" 577
"../../../Engine/Plugins/VirtualProduction/VirtualCamera/Content/WidgetLibrary/VCamHUDBorder/VCamHUDBorder.uexp" 578
"../../../Engine/Plugins/VirtualProduction/VirtualCamera/Content/WidgetLibrary/VCamHUDButton/Dependencies/VCamHUDButtonStyleSettings.uasset" 579
"../../../Engine/Plugins/VirtualProduction/VirtualCamera/Content/WidgetLibrary/VCamHUDButton/Dependencies/VCamHUDButtonStyleSettings.uexp" 580
"../../../Engine/Plugins/VirtualProduction/VirtualCamera/Content/WidgetLibrary/VCamHUDButton/Interfaces/VCamHUDButtonStyleInterface.uasset" 581
"../../../Engine/Plugins/VirtualProduction/VirtualCamera/Content/WidgetLibrary/VCamHUDButton/Interfaces/VCamHUDButtonStyleInterface.uexp" 582
"../../../Engine/Plugins/VirtualProduction/VirtualCamera/Content/WidgetLibrary/VCamHUDButton/VCamHUDButton.uasset" 583
"../../../Engine/Plugins/VirtualProduction/VirtualCamera/Content/WidgetLibrary/VCamHUDButton/VCamHUDButton.uexp" 584
"../../../Engine/Plugins/VirtualProduction/VirtualCamera/Content/WidgetLibrary/VCamOptionStepper/VCamOptionStepper.uasset" 585
"../../../Engine/Plugins/VirtualProduction/VirtualCamera/Content/WidgetLibrary/VCamOptionStepper/VCamOptionStepper.uexp" 586
"../../../Engine/Plugins/VirtualProduction/VirtualCamera/Content/WidgetLibrary/VCamOptionMenu/Dependencies/VCamOptionMenuItemDataStruct.uasset" 587
"../../../Engine/Plugins/VirtualProduction/VirtualCamera/Content/WidgetLibrary/VCamOptionMenu/Dependencies/VCamOptionMenuItemDataStruct.uexp" 588
"../../../Engine/Plugins/VirtualProduction/VirtualCamera/Content/WidgetLibrary/VCamOptionMenu/Dependencies/VCamOptionMenuUserSettings.uasset" 589
"../../../Engine/Plugins/VirtualProduction/VirtualCamera/Content/WidgetLibrary/VCamOptionMenu/Dependencies/VCamOptionMenuUserSettings.uexp" 590
"../../../Engine/Plugins/VirtualProduction/VirtualCamera/Content/WidgetLibrary/VCamOptionMenu/Interfaces/VCamOptionMenuUserSettingsInterface.uasset" 591
"../../../Engine/Plugins/VirtualProduction/VirtualCamera/Content/WidgetLibrary/VCamOptionMenu/Interfaces/VCamOptionMenuUserSettingsInterface.uexp" 592
"../../../Engine/Plugins/VirtualProduction/VirtualCamera/Content/WidgetLibrary/VCamOptionMenu/Dependencies/VCamOptionMenuItemDataObject.uasset" 593
"../../../Engine/Plugins/VirtualProduction/VirtualCamera/Content/WidgetLibrary/VCamOptionMenu/Dependencies/VCamOptionMenuItemDataObject.uexp" 594
"../../../Engine/Plugins/VirtualProduction/VirtualCamera/Content/WidgetLibrary/VCamOptionMenu/Dependencies/VCamOptionMenuItem.uasset" 595
"../../../Engine/Plugins/VirtualProduction/VirtualCamera/Content/WidgetLibrary/VCamOptionMenu/Dependencies/VCamOptionMenuItem.uexp" 596
"../../../Engine/Plugins/VirtualProduction/VirtualCamera/Content/WidgetLibrary/VCamButton/Dependencies/T_VCamButton.uasset" 597
"../../../Engine/Plugins/VirtualProduction/VirtualCamera/Content/WidgetLibrary/VCamButton/Dependencies/T_VCamButton.uexp" 598
"../../../Engine/Plugins/VirtualProduction/VirtualCamera/Content/WidgetLibrary/VCamOptionMenu/VCamOptionMenu.uasset" 599
"../../../Engine/Plugins/VirtualProduction/VirtualCamera/Content/WidgetLibrary/VCamOptionMenu/VCamOptionMenu.uexp" 600
"../../../Engine/Plugins/VirtualProduction/VirtualCamera/Content/WidgetLibrary/VCamParentWidget/VCamParentWidget.uasset" 601
"../../../Engine/Plugins/VirtualProduction/VirtualCamera/Content/WidgetLibrary/VCamParentWidget/VCamParentWidget.uexp" 602
"../../../Engine/Plugins/VirtualProduction/VirtualCamera/Content/WidgetLibrary/VCamTimeScale/Structs/VCamTimeScaleUserSettings.uasset" 603
"../../../Engine/Plugins/VirtualProduction/VirtualCamera/Content/WidgetLibrary/VCamTimeScale/Structs/VCamTimeScaleUserSettings.uexp" 604
"../../../Engine/Plugins/VirtualProduction/VirtualCamera/Content/WidgetLibrary/VCamTimeScale/Interfaces/VCamTimeScaleInterface.uasset" 605
"../../../Engine/Plugins/VirtualProduction/VirtualCamera/Content/WidgetLibrary/VCamTimeScale/Interfaces/VCamTimeScaleInterface.uexp" 606
"../../../Engine/Plugins/VirtualProduction/VirtualCamera/Content/WidgetLibrary/VCamTimeScale/VCamTimeScale.uasset" 607
"../../../Engine/Plugins/VirtualProduction/VirtualCamera/Content/WidgetLibrary/VCamTimeScale/VCamTimeScale.uexp" 608
"../../../Engine/Plugins/VirtualProduction/VirtualCamera/Content/WidgetLibrary/Common/VCamIcons/IconTimer.ubulk" 609
"../../../Engine/Plugins/VirtualProduction/VirtualCamera/Content/WidgetLibrary/Common/VCamIcons/IconTimer.uasset" 610
"../../../Engine/Plugins/VirtualProduction/VirtualCamera/Content/WidgetLibrary/Common/VCamIcons/IconTimer.uexp" 611
"../../../Engine/Plugins/VirtualProduction/VirtualCamera/Content/WidgetLibrary/VCamRecordButton/VCamRecordButton.uasset" 612
"../../../Engine/Plugins/VirtualProduction/VirtualCamera/Content/WidgetLibrary/VCamRecordButton/VCamRecordButton.uexp" 613
"../../../Engine/Plugins/VirtualProduction/VirtualCamera/Content/WidgetLibrary/VCamSensorCorrectionMask/Structs/VCamSensorCorrectionMaskUserSettings.uasset" 614
"../../../Engine/Plugins/VirtualProduction/VirtualCamera/Content/WidgetLibrary/VCamSensorCorrectionMask/Structs/VCamSensorCorrectionMaskUserSettings.uexp" 615
"../../../Engine/Plugins/VirtualProduction/VirtualCamera/Content/WidgetLibrary/VCamSensorCorrectionMask/Interfaces/VCamSensorCorrectionMaskInterface.uasset" 616
"../../../Engine/Plugins/VirtualProduction/VirtualCamera/Content/WidgetLibrary/VCamSensorCorrectionMask/Interfaces/VCamSensorCorrectionMaskInterface.uexp" 617
"../../../Engine/Content/Functions/Engine_MaterialFunctions02/Utility/MakeFloat2.uasset" 618
"../../../Engine/Content/Functions/Engine_MaterialFunctions02/Utility/MakeFloat2.uexp" 619
"../../../Engine/Content/Functions/Engine_MaterialFunctions02/Utility/VectorLength.uasset" 620
"../../../Engine/Content/Functions/Engine_MaterialFunctions02/Utility/VectorLength.uexp" 621
"../../../Engine/Content/Functions/Engine_MaterialFunctions01/Gradient/BoxMask-2D.uasset" 622
"../../../Engine/Content/Functions/Engine_MaterialFunctions01/Gradient/BoxMask-2D.uexp" 623
"../../../Engine/Plugins/VirtualProduction/VirtualCamera/Content/WidgetLibrary/VCW_AspectRatioMask/Dependencies/M_MaskAspectRatio.uasset" 624
"../../../Engine/Plugins/VirtualProduction/VirtualCamera/Content/WidgetLibrary/VCW_AspectRatioMask/Dependencies/M_MaskAspectRatio.uexp" 625
"../../../Engine/Plugins/VirtualProduction/VirtualCamera/Content/WidgetLibrary/VCamSensorCorrectionMask/Interfaces/VCamSensorTargetViewportSize.uasset" 626
"../../../Engine/Plugins/VirtualProduction/VirtualCamera/Content/WidgetLibrary/VCamSensorCorrectionMask/Interfaces/VCamSensorTargetViewportSize.uexp" 627
"../../../Engine/Plugins/VirtualProduction/VirtualCamera/Content/WidgetLibrary/VCamSensorCorrectionMask/VCamSensorCorrectionMask.uasset" 628
"../../../Engine/Plugins/VirtualProduction/VirtualCamera/Content/WidgetLibrary/VCamSensorCorrectionMask/VCamSensorCorrectionMask.uexp" 629
"../../../Engine/Plugins/VirtualProduction/VirtualCamera/Content/WidgetLibrary/VCamSequencerTimeline/VCamSequencerKeyframeMarker.uasset" 630
"../../../Engine/Plugins/VirtualProduction/VirtualCamera/Content/WidgetLibrary/VCamSequencerTimeline/VCamSequencerKeyframeMarker.uexp" 631
"../../../Engine/Plugins/VirtualProduction/VirtualCamera/Content/WidgetLibrary/VCamSequencerTimeline/Textures/T_VCamTimelineDefaultGrey.uasset" 632
"../../../Engine/Plugins/VirtualProduction/VirtualCamera/Content/WidgetLibrary/VCamSequencerTimeline/Textures/T_VCamTimelineDefaultGrey.uexp" 633
"../../../Engine/Plugins/VirtualProduction/VirtualCamera/Content/WidgetLibrary/VCamSequencerTimeline/Structs/VCamSequencerTimelineUserSettings.uasset" 634
"../../../Engine/Plugins/VirtualProduction/VirtualCamera/Content/WidgetLibrary/VCamSequencerTimeline/Structs/VCamSequencerTimelineUserSettings.uexp" 635
"../../../Engine/Content/Functions/Engine_MaterialFunctions01/Gradient/GeneratedRoundRect.uasset" 636
"../../../Engine/Content/Functions/Engine_MaterialFunctions01/Gradient/GeneratedRoundRect.uexp" 637
"../../../Engine/Plugins/VirtualProduction/VirtualCamera/Content/WidgetLibrary/VCamSequencerTimeline/Materials/M_TimelineRoundedBox.uasset" 638
"../../../Engine/Plugins/VirtualProduction/VirtualCamera/Content/WidgetLibrary/VCamSequencerTimeline/Materials/M_TimelineRoundedBox.uexp" 639
"../../../Engine/Plugins/VirtualProduction/VirtualCamera/Content/WidgetLibrary/VCamSequencerTimeline/Materials/MI_TimelineRoundedBox.uasset" 640
"../../../Engine/Plugins/VirtualProduction/VirtualCamera/Content/WidgetLibrary/VCamSequencerTimeline/Materials/MI_TimelineRoundedBox.uexp" 641
"../../../Engine/Plugins/VirtualProduction/VirtualCamera/Content/WidgetLibrary/VCamSequencerTimeline/Interfaces/VCamSequencerTimelineInterface.uasset" 642
"../../../Engine/Plugins/VirtualProduction/VirtualCamera/Content/WidgetLibrary/VCamSequencerTimeline/Interfaces/VCamSequencerTimelineInterface.uexp" 643
"../../../Engine/Plugins/VirtualProduction/VirtualCamera/Content/WidgetLibrary/VCamSequencerTimeline/VCamSequencerTimeline.uasset" 644
"../../../Engine/Plugins/VirtualProduction/VirtualCamera/Content/WidgetLibrary/VCamSequencerTimeline/VCamSequencerTimeline.uexp" 645
"../../../Engine/Plugins/VirtualProduction/VirtualCamera/Content/WidgetLibrary/VCamSequencerTimeline/Textures/T_ToPlaybackEnd.uasset" 646
"../../../Engine/Plugins/VirtualProduction/VirtualCamera/Content/WidgetLibrary/VCamSequencerTimeline/Textures/T_ToPlaybackEnd.uexp" 647
"../../../Engine/Plugins/VirtualProduction/VirtualCamera/Content/WidgetLibrary/VCamSequencerTimeline/Textures/T_PreviousFrame.uasset" 648
"../../../Engine/Plugins/VirtualProduction/VirtualCamera/Content/WidgetLibrary/VCamSequencerTimeline/Textures/T_PreviousFrame.uexp" 649
"../../../Engine/Plugins/VirtualProduction/VirtualCamera/Content/WidgetLibrary/VCamSequencerTimeline/Textures/T_NextFrame.uasset" 650
"../../../Engine/Plugins/VirtualProduction/VirtualCamera/Content/WidgetLibrary/VCamSequencerTimeline/Textures/T_NextFrame.uexp" 651
"../../../Engine/Plugins/VirtualProduction/VirtualCamera/Content/WidgetLibrary/VCamSequencerTimeline/Textures/T_JumpToPreviousKey.uasset" 652
"../../../Engine/Plugins/VirtualProduction/VirtualCamera/Content/WidgetLibrary/VCamSequencerTimeline/Textures/T_JumpToPreviousKey.uexp" 653
"../../../Engine/Plugins/VirtualProduction/VirtualCamera/Content/WidgetLibrary/VCamSequencerTimeline/Textures/T_JumpToNextKey.uasset" 654
"../../../Engine/Plugins/VirtualProduction/VirtualCamera/Content/WidgetLibrary/VCamSequencerTimeline/Textures/T_JumpToNextKey.uexp" 655
"../../../Engine/Plugins/VirtualProduction/VirtualCamera/Content/WidgetLibrary/VCamSequencerTimeline/Structs/VCamSequencerTransportUserSettings.uasset" 656
"../../../Engine/Plugins/VirtualProduction/VirtualCamera/Content/WidgetLibrary/VCamSequencerTimeline/Structs/VCamSequencerTransportUserSettings.uexp" 657
"../../../Engine/Plugins/VirtualProduction/VirtualCamera/Content/WidgetLibrary/VCamSequencerTimeline/Interfaces/VCamSequencerTransportInterface.uasset" 658
"../../../Engine/Plugins/VirtualProduction/VirtualCamera/Content/WidgetLibrary/VCamSequencerTimeline/Interfaces/VCamSequencerTransportInterface.uexp" 659
"../../../Engine/Plugins/VirtualProduction/VirtualCamera/Content/WidgetLibrary/VCamSequencerTimeline/VCamSequencerTransportControls.uasset" 660
"../../../Engine/Plugins/VirtualProduction/VirtualCamera/Content/WidgetLibrary/VCamSequencerTimeline/VCamSequencerTransportControls.uexp" 661
"../../../Engine/Plugins/VirtualProduction/VirtualCamera/Content/WidgetLibrary/VCamSplineEditor/VCamSplineEditMode.uasset" 662
"../../../Engine/Plugins/VirtualProduction/VirtualCamera/Content/WidgetLibrary/VCamSplineEditor/VCamSplineEditMode.uexp" 663
"../../../Engine/Plugins/VirtualProduction/VirtualCamera/Content/WidgetLibrary/Common/VCamIcons/IconEdit.uasset" 664
"../../../Engine/Plugins/VirtualProduction/VirtualCamera/Content/WidgetLibrary/Common/VCamIcons/IconEdit.uexp" 665
"../../../Engine/Plugins/VirtualProduction/VirtualCamera/Content/WidgetLibrary/VCamSplineEditor/VCamSplineModeSelector.uasset" 666
"../../../Engine/Plugins/VirtualProduction/VirtualCamera/Content/WidgetLibrary/VCamSplineEditor/VCamSplineModeSelector.uexp" 667
"../../../Engine/Plugins/VirtualProduction/VirtualCamera/Content/WidgetLibrary/VCamSlider/VCamSliderMarker.uasset" 668
"../../../Engine/Plugins/VirtualProduction/VirtualCamera/Content/WidgetLibrary/VCamSlider/VCamSliderMarker.uexp" 669
"../../../Engine/Plugins/VirtualProduction/VirtualCamera/Content/WidgetLibrary/VCamSlider/VCamSlider.uasset" 670
"../../../Engine/Plugins/VirtualProduction/VirtualCamera/Content/WidgetLibrary/VCamSlider/VCamSlider.uexp" 671
"../../../Engine/Plugins/VirtualProduction/VirtualCamera/Content/WidgetLibrary/VCamComboButton/Dependencies/VCamComboButtonEntryDataStruct.uasset" 672
"../../../Engine/Plugins/VirtualProduction/VirtualCamera/Content/WidgetLibrary/VCamComboButton/Dependencies/VCamComboButtonEntryDataStruct.uexp" 673
"../../../Engine/Plugins/VirtualProduction/VirtualCamera/Content/WidgetLibrary/VCamComboButton/Dependencies/VCamComboButtonUserSettings.uasset" 674
"../../../Engine/Plugins/VirtualProduction/VirtualCamera/Content/WidgetLibrary/VCamComboButton/Dependencies/VCamComboButtonUserSettings.uexp" 675
"../../../Engine/Plugins/VirtualProduction/VirtualCamera/Content/WidgetLibrary/VCamSplineEditor/VCamSplineEditor.uasset" 676
"../../../Engine/Plugins/VirtualProduction/VirtualCamera/Content/WidgetLibrary/VCamSplineEditor/VCamSplineEditor.uexp" 677
"../../../Engine/Plugins/VirtualProduction/VirtualCamera/Content/WidgetLibrary/VCamTakesBrowser/enum/E_VCamAssetBrowserFilter.uasset" 678
"../../../Engine/Plugins/VirtualProduction/VirtualCamera/Content/WidgetLibrary/VCamTakesBrowser/enum/E_VCamAssetBrowserFilter.uexp" 679
"../../../Engine/Plugins/VirtualProduction/VirtualCamera/Content/WidgetLibrary/Common/VCamIcons/BTNTakes.uasset" 680
"../../../Engine/Plugins/VirtualProduction/VirtualCamera/Content/WidgetLibrary/Common/VCamIcons/BTNTakes.uexp" 681
"../../../Engine/Plugins/VirtualProduction/VirtualCamera/Content/WidgetLibrary/VCamTakesBrowser/tex/T_IconTag.uasset" 682
"../../../Engine/Plugins/VirtualProduction/VirtualCamera/Content/WidgetLibrary/VCamTakesBrowser/tex/T_IconTag.uexp" 683
"../../../Engine/Plugins/VirtualProduction/VirtualCamera/Content/WidgetLibrary/VCamTakesBrowser/widgets/VCamTakeFilterWidget.uasset" 684
"../../../Engine/Plugins/VirtualProduction/VirtualCamera/Content/WidgetLibrary/VCamTakesBrowser/widgets/VCamTakeFilterWidget.uexp" 685
"../../../Engine/Plugins/VirtualProduction/VirtualCamera/Content/WidgetLibrary/VCamTakesBrowser/struct/S_VCamTakeData.uasset" 686
"../../../Engine/Plugins/VirtualProduction/VirtualCamera/Content/WidgetLibrary/VCamTakesBrowser/struct/S_VCamTakeData.uexp" 687
"../../../Engine/Plugins/VirtualProduction/VirtualCamera/Content/WidgetLibrary/VCamTakesBrowser/widgets/VCamTakeEntryData.uasset" 688
"../../../Engine/Plugins/VirtualProduction/VirtualCamera/Content/WidgetLibrary/VCamTakesBrowser/widgets/VCamTakeEntryData.uexp" 689
"../../../Engine/Content/Functions/Engine_MaterialFunctions02/SmoothStep.uasset" 690
"../../../Engine/Content/Functions/Engine_MaterialFunctions02/SmoothStep.uexp" 691
"../../../Engine/Plugins/Compositing/Composure/Content/Materials/Compositing/Radial.uasset" 692
"../../../Engine/Plugins/Compositing/Composure/Content/Materials/Compositing/Radial.uexp" 693
"../../../Engine/Plugins/VirtualProduction/VirtualCamera/Content/WidgetLibrary/VCamTakesBrowser/widgets/mat/T_TakesBrowser_TakeThumbMask.ubulk" 694
"../../../Engine/Plugins/VirtualProduction/VirtualCamera/Content/WidgetLibrary/VCamTakesBrowser/widgets/mat/T_TakesBrowser_TakeThumbMask.uasset" 695
"../../../Engine/Plugins/VirtualProduction/VirtualCamera/Content/WidgetLibrary/VCamTakesBrowser/widgets/mat/T_TakesBrowser_TakeThumbMask.uexp" 696
"../../../Engine/Plugins/VirtualProduction/VirtualCamera/Content/WidgetLibrary/VCamTakesBrowser/widgets/mat/M_ThumbnailMask.uasset" 697
"../../../Engine/Plugins/VirtualProduction/VirtualCamera/Content/WidgetLibrary/VCamTakesBrowser/widgets/mat/M_ThumbnailMask.uexp" 698
"../../../Engine/Plugins/VirtualProduction/VirtualCamera/Content/WidgetLibrary/VCamTakesBrowser/tex/T_IconView.uasset" 699
"../../../Engine/Plugins/VirtualProduction/VirtualCamera/Content/WidgetLibrary/VCamTakesBrowser/tex/T_IconView.uexp" 700
"../../../Engine/Plugins/VirtualProduction/VirtualCamera/Content/WidgetLibrary/Common/VCamIcons/IconContentDirty.uasset" 701
"../../../Engine/Plugins/VirtualProduction/VirtualCamera/Content/WidgetLibrary/Common/VCamIcons/IconContentDirty.uexp" 702
"../../../Engine/Plugins/VirtualProduction/VirtualCamera/Content/WidgetLibrary/VCamTakesBrowser/tex/T_IconRecordOpen.uasset" 703
"../../../Engine/Plugins/VirtualProduction/VirtualCamera/Content/WidgetLibrary/VCamTakesBrowser/tex/T_IconRecordOpen.uexp" 704
"../../../Engine/Plugins/VirtualProduction/VirtualCamera/Content/WidgetLibrary/VCamTakesBrowser/widgets/VCamTake.uasset" 705
"../../../Engine/Plugins/VirtualProduction/VirtualCamera/Content/WidgetLibrary/VCamTakesBrowser/widgets/VCamTake.uexp" 706
"../../../Engine/Plugins/VirtualProduction/VirtualCamera/Content/WidgetLibrary/VCamTakesBrowser/VCamTakesBrowser.uasset" 707
"../../../Engine/Plugins/VirtualProduction/VirtualCamera/Content/WidgetLibrary/VCamTakesBrowser/VCamTakesBrowser.uexp" 708
"../../../Engine/Plugins/VirtualProduction/VirtualCamera/Content/WidgetLibrary/VCamTakesBrowser/widgets/mat/M_ThumbnailMask_AllCorners.uasset" 709
"../../../Engine/Plugins/VirtualProduction/VirtualCamera/Content/WidgetLibrary/VCamTakesBrowser/widgets/mat/M_ThumbnailMask_AllCorners.uexp" 710
"../../../Engine/Plugins/VirtualProduction/VirtualCamera/Content/WidgetLibrary/VCamTakesBrowser/widgets/VCamTakeThumbnailButton.uasset" 711
"../../../Engine/Plugins/VirtualProduction/VirtualCamera/Content/WidgetLibrary/VCamTakesBrowser/widgets/VCamTakeThumbnailButton.uexp" 712
"../../../Engine/Plugins/VirtualProduction/VirtualCamera/Content/WidgetLibrary/VCamTakesBrowser/widgets/VCamTakeCarouselEntry.uasset" 713
"../../../Engine/Plugins/VirtualProduction/VirtualCamera/Content/WidgetLibrary/VCamTakesBrowser/widgets/VCamTakeCarouselEntry.uexp" 714
"../../../Engine/Content/EngineResources/DefaultTexture.ubulk" 715
"../../../Engine/Content/EngineResources/DefaultTexture.uasset" 716
"../../../Engine/Content/EngineResources/DefaultTexture.uexp" 717
"../../../Engine/Plugins/VirtualProduction/VirtualCamera/Content/WidgetLibrary/VCamTakesBrowser/widgets/mat/M_Carousel.uasset" 718
"../../../Engine/Plugins/VirtualProduction/VirtualCamera/Content/WidgetLibrary/VCamTakesBrowser/widgets/mat/M_Carousel.uexp" 719
"../../../Engine/Plugins/VirtualProduction/VirtualCamera/Content/WidgetLibrary/Common/VCamIcons/IConCurveEditorMiscFilters.uasset" 720
"../../../Engine/Plugins/VirtualProduction/VirtualCamera/Content/WidgetLibrary/Common/VCamIcons/IConCurveEditorMiscFilters.uexp" 721
"../../../Engine/Plugins/VirtualProduction/VirtualCamera/Content/WidgetLibrary/Common/VCamIcons/IconSearch.uasset" 722
"../../../Engine/Plugins/VirtualProduction/VirtualCamera/Content/WidgetLibrary/Common/VCamIcons/IconSearch.uexp" 723
"../../../Engine/Plugins/VirtualProduction/VirtualCamera/Content/WidgetLibrary/Common/VCamIcons/T_IconPlusMinimal.uasset" 724
"../../../Engine/Plugins/VirtualProduction/VirtualCamera/Content/WidgetLibrary/Common/VCamIcons/T_IconPlusMinimal.uexp" 725
"../../../Engine/Plugins/VirtualProduction/VirtualCamera/Content/WidgetLibrary/VCamTakesBrowser/widgets/VCamTakeViewer.uasset" 726
"../../../Engine/Plugins/VirtualProduction/VirtualCamera/Content/WidgetLibrary/VCamTakesBrowser/widgets/VCamTakeViewer.uexp" 727
"../../../Engine/Plugins/VirtualProduction/VirtualCamera/Content/WidgetLibrary/VCamTeleport/Structs/VCamTeleportUserSettings.uasset" 728
"../../../Engine/Plugins/VirtualProduction/VirtualCamera/Content/WidgetLibrary/VCamTeleport/Structs/VCamTeleportUserSettings.uexp" 729
"../../../Engine/Plugins/VirtualProduction/VirtualCamera/Content/WidgetLibrary/VCamTeleport/Structs/VCamTeleportStyleSettings.uasset" 730
"../../../Engine/Plugins/VirtualProduction/VirtualCamera/Content/WidgetLibrary/VCamTeleport/Structs/VCamTeleportStyleSettings.uexp" 731
"../../../Engine/Plugins/VirtualProduction/VirtualCamera/Content/WidgetLibrary/VCamTeleport/Interfaces/VCamTeleportStyleInterface.uasset" 732
"../../../Engine/Plugins/VirtualProduction/VirtualCamera/Content/WidgetLibrary/VCamTeleport/Interfaces/VCamTeleportStyleInterface.uexp" 733
"../../../Engine/Plugins/VirtualProduction/VirtualCamera/Content/WidgetLibrary/VCamTeleport/Interfaces/VCamTeleportInterface.uasset" 734
"../../../Engine/Plugins/VirtualProduction/VirtualCamera/Content/WidgetLibrary/VCamTeleport/Interfaces/VCamTeleportInterface.uexp" 735
"../../../Engine/Plugins/VirtualProduction/VirtualCamera/Content/WidgetLibrary/VCamGestureWidget/Dependencies/TwoFingerPressHoldRelease.uasset" 736
"../../../Engine/Plugins/VirtualProduction/VirtualCamera/Content/WidgetLibrary/VCamGestureWidget/Dependencies/TwoFingerPressHoldRelease.uexp" 737
"../../../Engine/Plugins/VirtualProduction/VirtualCamera/Content/WidgetLibrary/VCamGestureWidget/Dependencies/TwoFingerPressHold.uasset" 738
"../../../Engine/Plugins/VirtualProduction/VirtualCamera/Content/WidgetLibrary/VCamGestureWidget/Dependencies/TwoFingerPressHold.uexp" 739
"../../../Engine/Plugins/VirtualProduction/VirtualCamera/Content/Modifiers/TeleportModifier/Input/TeleportRotationOffset.uasset" 740
"../../../Engine/Plugins/VirtualProduction/VirtualCamera/Content/Modifiers/TeleportModifier/Input/TeleportRotationOffset.uexp" 741
"../../../Engine/Plugins/VirtualProduction/VirtualCamera/Content/Modifiers/TeleportModifier/Input/TeleportDistance.uasset" 742
"../../../Engine/Plugins/VirtualProduction/VirtualCamera/Content/Modifiers/TeleportModifier/Input/TeleportDistance.uexp" 743
"../../../Engine/Plugins/VirtualProduction/VirtualCamera/Content/Modifiers/TeleportModifier/Input/Teleport.uasset" 744
"../../../Engine/Plugins/VirtualProduction/VirtualCamera/Content/Modifiers/TeleportModifier/Input/Teleport.uexp" 745
"../../../Engine/Plugins/VirtualProduction/VirtualCamera/Content/Modifiers/TeleportModifier/Input/Aim.uasset" 746
"../../../Engine/Plugins/VirtualProduction/VirtualCamera/Content/Modifiers/TeleportModifier/Input/Aim.uexp" 747
"../../../Engine/Plugins/VirtualProduction/VirtualCamera/Content/Modifiers/TeleportModifier/Input/TeleportModifierInputMappingContext.uasset" 748
"../../../Engine/Plugins/VirtualProduction/VirtualCamera/Content/Modifiers/TeleportModifier/Input/TeleportModifierInputMappingContext.uexp" 749
"../../../Engine/Plugins/VirtualProduction/VirtualCamera/Content/WidgetLibrary/Common/VCamIcons/CameraOrientationBG.uasset" 750
"../../../Engine/Plugins/VirtualProduction/VirtualCamera/Content/WidgetLibrary/Common/VCamIcons/CameraOrientationBG.uexp" 751
"../../../Engine/Plugins/VirtualProduction/VirtualCamera/Content/WidgetLibrary/Common/VCamIcons/CameraOrientationFG.uasset" 752
"../../../Engine/Plugins/VirtualProduction/VirtualCamera/Content/WidgetLibrary/Common/VCamIcons/CameraOrientationFG.uexp" 753
"../../../Engine/Plugins/VirtualProduction/VirtualCamera/Content/WidgetLibrary/VCamTeleport/VCamTeleport.uasset" 754
"../../../Engine/Plugins/VirtualProduction/VirtualCamera/Content/WidgetLibrary/VCamTeleport/VCamTeleport.uexp" 755
"../../../Engine/Plugins/VirtualProduction/VirtualCamera/Content/WidgetLibrary/VCW_AspectRatioMask/Dependencies/AspectRatioMaskStyleSettings.uasset" 756
"../../../Engine/Plugins/VirtualProduction/VirtualCamera/Content/WidgetLibrary/VCW_AspectRatioMask/Dependencies/AspectRatioMaskStyleSettings.uexp" 757
"../../../Engine/Plugins/VirtualProduction/VirtualCamera/Content/WidgetLibrary/VCW_AspectRatioMask/Interfaces/AspectRatioMaskStyleSettings.uasset" 758
"../../../Engine/Plugins/VirtualProduction/VirtualCamera/Content/WidgetLibrary/VCW_AspectRatioMask/Interfaces/AspectRatioMaskStyleSettings.uexp" 759
"../../../Engine/Plugins/VirtualProduction/VirtualCamera/Content/WidgetLibrary/VCW_AspectRatioMask/VCamAspectRatioMask.uasset" 760
"../../../Engine/Plugins/VirtualProduction/VirtualCamera/Content/WidgetLibrary/VCW_AspectRatioMask/VCamAspectRatioMask.uexp" 761
"../../../Engine/Plugins/VirtualProduction/VirtualCamera/Content/WidgetLibrary/VCW_GridOverlay/Dependencies/VCamGridOverlayStyleSettings.uasset" 762
"../../../Engine/Plugins/VirtualProduction/VirtualCamera/Content/WidgetLibrary/VCW_GridOverlay/Dependencies/VCamGridOverlayStyleSettings.uexp" 763
"../../../Engine/Plugins/VirtualProduction/VirtualCamera/Content/WidgetLibrary/VCW_GridOverlay/Interfaces/VCamGridOverlayStyleSettings.uasset" 764
"../../../Engine/Plugins/VirtualProduction/VirtualCamera/Content/WidgetLibrary/VCW_GridOverlay/Interfaces/VCamGridOverlayStyleSettings.uexp" 765
"../../../Engine/Plugins/VirtualProduction/VirtualCamera/Content/WidgetLibrary/VCW_GridOverlay/Dependencies/VCamGridOverlayUserSettings.uasset" 766
"../../../Engine/Plugins/VirtualProduction/VirtualCamera/Content/WidgetLibrary/VCW_GridOverlay/Dependencies/VCamGridOverlayUserSettings.uexp" 767
"../../../Engine/Plugins/VirtualProduction/VirtualCamera/Content/WidgetLibrary/VCW_GridOverlay/Interfaces/VCamGridOverlayUserSettings.uasset" 768
"../../../Engine/Plugins/VirtualProduction/VirtualCamera/Content/WidgetLibrary/VCW_GridOverlay/Interfaces/VCamGridOverlayUserSettings.uexp" 769
"../../../Engine/Plugins/VirtualProduction/VirtualCamera/Content/WidgetLibrary/VCW_GridOverlay/Dependencies/M_GridOverlay.uasset" 770
"../../../Engine/Plugins/VirtualProduction/VirtualCamera/Content/WidgetLibrary/VCW_GridOverlay/Dependencies/M_GridOverlay.uexp" 771
"../../../Engine/Plugins/VirtualProduction/VirtualCamera/Content/WidgetLibrary/VCW_GridOverlay/VCamGridOverlay.uasset" 772
"../../../Engine/Plugins/VirtualProduction/VirtualCamera/Content/WidgetLibrary/VCW_GridOverlay/VCamGridOverlay.uexp" 773
"../../../Engine/Plugins/VirtualProduction/VirtualCamera/Content/WidgetLibrary/VCW_Reticle/Dependencies/ReticleStyleSettings.uasset" 774
"../../../Engine/Plugins/VirtualProduction/VirtualCamera/Content/WidgetLibrary/VCW_Reticle/Dependencies/ReticleStyleSettings.uexp" 775
"../../../Engine/Plugins/VirtualProduction/VirtualCamera/Content/WidgetLibrary/VCW_Reticle/Interfaces/ReticleStyleSettings.uasset" 776
"../../../Engine/Plugins/VirtualProduction/VirtualCamera/Content/WidgetLibrary/VCW_Reticle/Interfaces/ReticleStyleSettings.uexp" 777
"../../../Engine/Plugins/VirtualProduction/VirtualCamera/Content/WidgetLibrary/VCW_Reticle/Dependencies/M_ReticleCircle.uasset" 778
"../../../Engine/Plugins/VirtualProduction/VirtualCamera/Content/WidgetLibrary/VCW_Reticle/Dependencies/M_ReticleCircle.uexp" 779
"../../../Engine/Plugins/VirtualProduction/VirtualCamera/Content/WidgetLibrary/VCW_Reticle/VCamReticle.uasset" 780
"../../../Engine/Plugins/VirtualProduction/VirtualCamera/Content/WidgetLibrary/VCW_Reticle/VCamReticle.uexp" 781
"../../../Engine/Plugins/VirtualProduction/VirtualCamera/Content/VCamHUD.uasset" 782
"../../../Engine/Plugins/VirtualProduction/VirtualCamera/Content/VCamHUD.uexp" 783
"../../../Engine/Plugins/VirtualProduction/VirtualCamera/Content/Modifiers/ZeroOutModifier/Inputs/ZeroToStage.uasset" 784
"../../../Engine/Plugins/VirtualProduction/VirtualCamera/Content/Modifiers/ZeroOutModifier/Inputs/ZeroToStage.uexp" 785
"../../../Engine/Plugins/VirtualProduction/VirtualCamera/Content/Modifiers/ZeroOutModifier/Inputs/ZeroToParent.uasset" 786
"../../../Engine/Plugins/VirtualProduction/VirtualCamera/Content/Modifiers/ZeroOutModifier/Inputs/ZeroToParent.uexp" 787
"../../../Engine/Plugins/VirtualProduction/VirtualCamera/Content/Modifiers/ZeroOutModifier/Inputs/ZeroOutModifierInputMappingContext.uasset" 788
"../../../Engine/Plugins/VirtualProduction/VirtualCamera/Content/Modifiers/ZeroOutModifier/Inputs/ZeroOutModifierInputMappingContext.uexp" 789
"../../../Engine/Plugins/VirtualProduction/VirtualCamera/Content/Modifiers/ZeroOutModifier/ZeroOutModifier.uasset" 790
"../../../Engine/Plugins/VirtualProduction/VirtualCamera/Content/Modifiers/ZeroOutModifier/ZeroOutModifier.uexp" 791
"../../../Engine/Plugins/VirtualProduction/VirtualCamera/Content/Modifiers/VisualizationModifier/M_VCamVisualizationPPM.uasset" 792
"../../../Engine/Plugins/VirtualProduction/VirtualCamera/Content/Modifiers/VisualizationModifier/M_VCamVisualizationPPM.uexp" 793
"../../../Engine/Plugins/VirtualProduction/VirtualCamera/Content/Modifiers/VisualizationModifier/Input/ZebraPatternThreshold.uasset" 794
"../../../Engine/Plugins/VirtualProduction/VirtualCamera/Content/Modifiers/VisualizationModifier/Input/ZebraPatternThreshold.uexp" 795
"../../../Engine/Plugins/VirtualProduction/VirtualCamera/Content/Modifiers/VisualizationModifier/Input/ToggleZebraPattern.uasset" 796
"../../../Engine/Plugins/VirtualProduction/VirtualCamera/Content/Modifiers/VisualizationModifier/Input/ToggleZebraPattern.uexp" 797
"../../../Engine/Plugins/VirtualProduction/VirtualCamera/Content/Modifiers/VisualizationModifier/Input/ToggleGameView.uasset" 798
"../../../Engine/Plugins/VirtualProduction/VirtualCamera/Content/Modifiers/VisualizationModifier/Input/ToggleGameView.uexp" 799
"../../../Engine/Plugins/VirtualProduction/VirtualCamera/Content/Modifiers/VisualizationModifier/Input/ToggleFocusPeaking.uasset" 800
"../../../Engine/Plugins/VirtualProduction/VirtualCamera/Content/Modifiers/VisualizationModifier/Input/ToggleFocusPeaking.uexp" 801
"../../../Engine/Plugins/VirtualProduction/VirtualCamera/Content/Modifiers/VisualizationModifier/Input/VisualizationModifierInputMappingContext.uasset" 802
"../../../Engine/Plugins/VirtualProduction/VirtualCamera/Content/Modifiers/VisualizationModifier/Input/VisualizationModifierInputMappingContext.uexp" 803
"../../../Engine/Plugins/VirtualProduction/VirtualCamera/Content/Modifiers/VisualizationModifier/VisualizationModifier.uasset" 804
"../../../Engine/Plugins/VirtualProduction/VirtualCamera/Content/Modifiers/VisualizationModifier/VisualizationModifier.uexp" 805
"../../../Engine/Plugins/VirtualProduction/VirtualCamera/Content/Common/BPFL_VcamHelperFunctions.uasset" 806
"../../../Engine/Plugins/VirtualProduction/VirtualCamera/Content/Common/BPFL_VcamHelperFunctions.uexp" 807
"../../../Engine/Plugins/VirtualProduction/VirtualCamera/Content/Modifiers/TiltOffsetModifier/Interface/TiltOffsetInterface.uasset" 808
"../../../Engine/Plugins/VirtualProduction/VirtualCamera/Content/Modifiers/TiltOffsetModifier/Interface/TiltOffsetInterface.uexp" 809
"../../../Engine/Plugins/VirtualProduction/VirtualCamera/Content/Modifiers/TiltOffsetModifier/Inputs/ToggleTiltOffset.uasset" 810
"../../../Engine/Plugins/VirtualProduction/VirtualCamera/Content/Modifiers/TiltOffsetModifier/Inputs/ToggleTiltOffset.uexp" 811
"../../../Engine/Plugins/VirtualProduction/VirtualCamera/Content/Modifiers/TiltOffsetModifier/Inputs/TiltOffsetAmount.uasset" 812
"../../../Engine/Plugins/VirtualProduction/VirtualCamera/Content/Modifiers/TiltOffsetModifier/Inputs/TiltOffsetAmount.uexp" 813
"../../../Engine/Plugins/VirtualProduction/VirtualCamera/Content/Modifiers/TiltOffsetModifier/Inputs/TiltOffsetModifierInputMappingContext.uasset" 814
"../../../Engine/Plugins/VirtualProduction/VirtualCamera/Content/Modifiers/TiltOffsetModifier/Inputs/TiltOffsetModifierInputMappingContext.uexp" 815
"../../../Engine/Plugins/VirtualProduction/VirtualCamera/Content/Modifiers/TiltOffsetModifier/TiltOffsetModifier.uasset" 816
"../../../Engine/Plugins/VirtualProduction/VirtualCamera/Content/Modifiers/TiltOffsetModifier/TiltOffsetModifier.uexp" 817
"../../../Engine/Plugins/FX/Niagara/Content/Enums/ENiagara_EmitterStateOptions.uasset" 818
"../../../Engine/Plugins/FX/Niagara/Content/Enums/ENiagara_EmitterStateOptions.uexp" 819
"../../../Engine/Plugins/FX/Niagara/Content/Enums/ENiagara_InfiniteLoopDuration.uasset" 820
"../../../Engine/Plugins/FX/Niagara/Content/Enums/ENiagara_InfiniteLoopDuration.uexp" 821
"../../../Engine/Plugins/FX/Niagara/Content/Enums/ENiagaraEmitterLifeCycleMode.uasset" 822
"../../../Engine/Plugins/FX/Niagara/Content/Enums/ENiagaraEmitterLifeCycleMode.uexp" 823
"../../../Engine/Plugins/FX/Niagara/Content/Enums/ENiagaraEmitterScalabilityMode_Limited.uasset" 824
"../../../Engine/Plugins/FX/Niagara/Content/Enums/ENiagaraEmitterScalabilityMode_Limited.uexp" 825
"../../../Engine/Plugins/FX/Niagara/Content/Enums/ENiagaraInactiveMode.uasset" 826
"../../../Engine/Plugins/FX/Niagara/Content/Enums/ENiagaraInactiveMode.uexp" 827
"../../../Engine/Plugins/FX/Niagara/Content/Enums/ENiagaraSystemInactiveMode.uasset" 828
"../../../Engine/Plugins/FX/Niagara/Content/Enums/ENiagaraSystemInactiveMode.uexp" 829
"../../../Engine/Plugins/FX/Niagara/Content/Icons/Modules/T_Icon_Scalability_Emitter.uasset" 830
"../../../Engine/Plugins/FX/Niagara/Content/Icons/Modules/T_Icon_Scalability_Emitter.uexp" 831
"../../../Engine/Plugins/FX/Niagara/Content/Icons/Modules/T_Icon_Scalability_System.uasset" 832
"../../../Engine/Plugins/FX/Niagara/Content/Icons/Modules/T_Icon_Scalability_System.uexp" 833
"../../../Engine/Plugins/FX/Niagara/Content/Enums/ENiagaraRandomnessMode.uasset" 834
"../../../Engine/Plugins/FX/Niagara/Content/Enums/ENiagaraRandomnessMode.uexp" 835
"../../../Engine/Plugins/FX/Niagara/Content/Enums/ENiagaraRandomnessEvaluation.uasset" 836
"../../../Engine/Plugins/FX/Niagara/Content/Enums/ENiagaraRandomnessEvaluation.uexp" 837
"../../../Engine/Plugins/FX/Niagara/Content/Icons/Modules/T_Icon_Particle_InfiniteLife.uasset" 838
"../../../Engine/Plugins/FX/Niagara/Content/Icons/Modules/T_Icon_Particle_InfiniteLife.uexp" 839
"../../../Engine/Plugins/FX/Niagara/Content/Icons/Modules/T_Icon_Solver_LimitAccel.uasset" 840
"../../../Engine/Plugins/FX/Niagara/Content/Icons/Modules/T_Icon_Solver_LimitAccel.uexp" 841
"../../../Engine/Plugins/FX/Niagara/Content/Icons/Modules/T_Icon_Solver_LimitSpeed.uasset" 842
"../../../Engine/Plugins/FX/Niagara/Content/Icons/Modules/T_Icon_Solver_LimitSpeed.uexp" 843
"../../../Engine/Plugins/FX/Niagara/Content/Icons/Modules/T_Icon_Solver_RotationalSolve.uasset" 844
"../../../Engine/Plugins/FX/Niagara/Content/Icons/Modules/T_Icon_Solver_RotationalSolve.uexp" 845
"../../../Engine/Plugins/FX/Niagara/Content/Enums/ENiagaraTorusDistributionMode.uasset" 846
"../../../Engine/Plugins/FX/Niagara/Content/Enums/ENiagaraTorusDistributionMode.uexp" 847
"../../../Engine/Plugins/FX/Niagara/Content/Enums/ENiagara_UVFlippingMode.uasset" 848
"../../../Engine/Plugins/FX/Niagara/Content/Enums/ENiagara_UVFlippingMode.uexp" 849
"../../../Engine/Plugins/FX/Niagara/Content/Enums/ENiagara_SpriteRotationMode.uasset" 850
"../../../Engine/Plugins/FX/Niagara/Content/Enums/ENiagara_SpriteRotationMode.uexp" 851
"../../../Engine/Plugins/FX/Niagara/Content/Enums/ENiagara_SizeScaleMode.uasset" 852
"../../../Engine/Plugins/FX/Niagara/Content/Enums/ENiagara_SizeScaleMode.uexp" 853
"../../../Engine/Plugins/FX/Niagara/Content/Enums/ENiagara_PositionInitializationMode.uasset" 854
"../../../Engine/Plugins/FX/Niagara/Content/Enums/ENiagara_PositionInitializationMode.uexp" 855
"../../../Engine/Plugins/FX/Niagara/Content/Enums/ENiagara_MassInitializationMode.uasset" 856
"../../../Engine/Plugins/FX/Niagara/Content/Enums/ENiagara_MassInitializationMode.uexp" 857
"../../../Engine/Plugins/FX/Niagara/Content/Enums/ENiagara_LifetimeMode.uasset" 858
"../../../Engine/Plugins/FX/Niagara/Content/Enums/ENiagara_LifetimeMode.uexp" 859
"../../../Engine/Plugins/FX/Niagara/Content/Enums/ENiagara_ColorInitializationMode.uasset" 860
"../../../Engine/Plugins/FX/Niagara/Content/Enums/ENiagara_ColorInitializationMode.uexp" 861
"../../../Engine/Plugins/FX/Niagara/Content/Enums/ENiagara_AttributeSamplingApplyOutput.uasset" 862
"../../../Engine/Plugins/FX/Niagara/Content/Enums/ENiagara_AttributeSamplingApplyOutput.uexp" 863
"../../../Engine/Plugins/FX/Niagara/Content/Enums/ENiagaraSphereDistributionMode.uasset" 864
"../../../Engine/Plugins/FX/Niagara/Content/Enums/ENiagaraSphereDistributionMode.uexp" 865
"../../../Engine/Plugins/FX/Niagara/Content/Enums/ENiagaraShapeTorusMode.uasset" 866
"../../../Engine/Plugins/FX/Niagara/Content/Enums/ENiagaraShapeTorusMode.uexp" 867
"../../../Engine/Plugins/FX/Niagara/Content/Enums/ENiagaraScaleColorMode.uasset" 868
"../../../Engine/Plugins/FX/Niagara/Content/Enums/ENiagaraScaleColorMode.uexp" 869
"../../../Engine/Plugins/FX/Niagara/Content/Enums/ENiagaraChannelCorrelation.uasset" 870
"../../../Engine/Plugins/FX/Niagara/Content/Enums/ENiagaraChannelCorrelation.uexp" 871
"../../../Engine/Plugins/FX/Niagara/Content/Enums/Ribbons/ENiagara_UnsetDirectSet.uasset" 872
"../../../Engine/Plugins/FX/Niagara/Content/Enums/Ribbons/ENiagara_UnsetDirectSet.uexp" 873
"../../../Engine/Plugins/FX/Niagara/Content/Enums/Ribbons/ENiagara_UnsetDirectSetRandom.uasset" 874
"../../../Engine/Plugins/FX/Niagara/Content/Enums/Ribbons/ENiagara_UnsetDirectSetRandom.uexp" 875
"../../../Engine/Plugins/FX/Niagara/Content/Enums/Angles/ENiagara_AngleInput.uasset" 876
"../../../Engine/Plugins/FX/Niagara/Content/Enums/Angles/ENiagara_AngleInput.uexp" 877
"../../../Engine/Plugins/FX/Niagara/Content/Enums/Location/ENiagara_BoxPlaneMode.uasset" 878
"../../../Engine/Plugins/FX/Niagara/Content/Enums/Location/ENiagara_BoxPlaneMode.uexp" 879
"../../../Engine/Plugins/FX/Niagara/Content/Enums/Location/ENiagara_ConeMode.uasset" 880
"../../../Engine/Plugins/FX/Niagara/Content/Enums/Location/ENiagara_ConeMode.uexp" 881
"../../../Engine/Plugins/FX/Niagara/Content/Enums/Location/ENiagara_CylinderMode.uasset" 882
"../../../Engine/Plugins/FX/Niagara/Content/Enums/Location/ENiagara_CylinderMode.uexp" 883
"../../../Engine/Plugins/FX/Niagara/Content/Enums/Location/ENiagara_LocationShapes.uasset" 884
"../../../Engine/Plugins/FX/Niagara/Content/Enums/Location/ENiagara_LocationShapes.uexp" 885
"../../../Engine/Plugins/FX/Niagara/Content/Enums/Location/ENiagaraRingDiscMode.uasset" 886
"../../../Engine/Plugins/FX/Niagara/Content/Enums/Location/ENiagaraRingDiscMode.uexp" 887
"../../../Engine/Plugins/FX/Niagara/Content/Enums/Transforms/ENiagara_OffsetMode.uasset" 888
"../../../Engine/Plugins/FX/Niagara/Content/Enums/Transforms/ENiagara_OffsetMode.uexp" 889
"../../../Engine/Plugins/FX/Niagara/Content/Enums/Transforms/ENiagara_RotationMode.uasset" 890
"../../../Engine/Plugins/FX/Niagara/Content/Enums/Transforms/ENiagara_RotationMode.uexp" 891
"../../../Engine/Plugins/FX/Niagara/Content/Enums/Transforms/ENiagara_ScaleMode.uasset" 892
"../../../Engine/Plugins/FX/Niagara/Content/Enums/Transforms/ENiagara_ScaleMode.uexp" 893
"../../../Engine/Plugins/FX/Niagara/Content/Enums/Transforms/ENiagara_TransformOrder.uasset" 894
"../../../Engine/Plugins/FX/Niagara/Content/Enums/Transforms/ENiagara_TransformOrder.uexp" 895
"../../../Engine/Plugins/FX/Niagara/Content/Enums/Transforms/ENiagara_TransformType.uasset" 896
"../../../Engine/Plugins/FX/Niagara/Content/Enums/Transforms/ENiagara_TransformType.uexp" 897
"../../../Engine/Plugins/FX/Niagara/Content/Enums/Utility/ENiagara_VelocityMode.uasset" 898
"../../../Engine/Plugins/FX/Niagara/Content/Enums/Utility/ENiagara_VelocityMode.uexp" 899
"../../../Engine/Plugins/FX/Niagara/Content/Enums/ENiagaraExpansionMode.uasset" 900
"../../../Engine/Plugins/FX/Niagara/Content/Enums/ENiagaraExpansionMode.uexp" 901
"../../../Engine/Plugins/FX/Niagara/Content/Enums/SpriteRenderer/ENiagara_ScaleSpriteSize.uasset" 902
"../../../Engine/Plugins/FX/Niagara/Content/Enums/SpriteRenderer/ENiagara_ScaleSpriteSize.uexp" 903
"../../../Engine/Plugins/VirtualProduction/VirtualCamera/Content/Common/Materials/MF_IgnoreExposure.uasset" 904
"../../../Engine/Plugins/VirtualProduction/VirtualCamera/Content/Common/Materials/MF_IgnoreExposure.uexp" 905
"../../../Engine/Plugins/VirtualProduction/VirtualCamera/Content/Modifiers/TeleportModifier/Dependencies/M_TeleportUXDisc.uasset" 906
"../../../Engine/Plugins/VirtualProduction/VirtualCamera/Content/Modifiers/TeleportModifier/Dependencies/M_TeleportUXDisc.uexp" 907
"../../../Engine/Plugins/VirtualProduction/VirtualCamera/Content/Modifiers/TeleportModifier/Dependencies/M_TeleportUXBeam.uasset" 908
"../../../Engine/Plugins/VirtualProduction/VirtualCamera/Content/Modifiers/TeleportModifier/Dependencies/M_TeleportUXBeam.uexp" 909
"../../../Engine/Plugins/VirtualProduction/VirtualCamera/Content/Modifiers/TeleportModifier/Dependencies/NS_TeleportUX.uasset" 910
"../../../Engine/Plugins/VirtualProduction/VirtualCamera/Content/Modifiers/TeleportModifier/Dependencies/NS_TeleportUX.uexp" 911
"../../../Engine/Plugins/VirtualProduction/VirtualCamera/Content/Modifiers/TeleportModifier/Dependencies/VCamTeleportUXActor.uasset" 912
"../../../Engine/Plugins/VirtualProduction/VirtualCamera/Content/Modifiers/TeleportModifier/Dependencies/VCamTeleportUXActor.uexp" 913
"../../../Engine/Plugins/VirtualProduction/VirtualCamera/Content/Common/Blueprints/VCamAim/Dependencies/LowPassFilter.uasset" 914
"../../../Engine/Plugins/VirtualProduction/VirtualCamera/Content/Common/Blueprints/VCamAim/Dependencies/LowPassFilter.uexp" 915
"../../../Engine/Plugins/VirtualProduction/VirtualCamera/Content/Common/Blueprints/VCamAim/Dependencies/OneEuroFilter.uasset" 916
"../../../Engine/Plugins/VirtualProduction/VirtualCamera/Content/Common/Blueprints/VCamAim/Dependencies/OneEuroFilter.uexp" 917
"../../../Engine/Plugins/FX/Niagara/Content/DefaultAssets/DefaultSpriteMaterial.uasset" 918
"../../../Engine/Plugins/FX/Niagara/Content/DefaultAssets/DefaultSpriteMaterial.uexp" 919
"../../../Engine/Plugins/VirtualProduction/VirtualCamera/Content/Common/Blueprints/VCamAim/Dependencies/Materials/M_LaserHit.uasset" 920
"../../../Engine/Plugins/VirtualProduction/VirtualCamera/Content/Common/Blueprints/VCamAim/Dependencies/Materials/M_LaserHit.uexp" 921
"../../../Engine/Plugins/VirtualProduction/VirtualCamera/Content/Common/Blueprints/VCamAim/Dependencies/Materials/MI_LaserHit.uasset" 922
"../../../Engine/Plugins/VirtualProduction/VirtualCamera/Content/Common/Blueprints/VCamAim/Dependencies/Materials/MI_LaserHit.uexp" 923
"../../../Engine/Plugins/VirtualProduction/VirtualCamera/Content/Common/Blueprints/VCamAim/Dependencies/Meshes/SM_LaserPointerHit.ubulk" 924
"../../../Engine/Plugins/VirtualProduction/VirtualCamera/Content/Common/Blueprints/VCamAim/Dependencies/Meshes/SM_LaserPointerHit.uasset" 925
"../../../Engine/Plugins/VirtualProduction/VirtualCamera/Content/Common/Blueprints/VCamAim/Dependencies/Meshes/SM_LaserPointerHit.uexp" 926
"../../../Engine/Plugins/VirtualProduction/VirtualCamera/Content/Common/Blueprints/VCamAim/Dependencies/Materials/M_LaserTube.uasset" 927
"../../../Engine/Plugins/VirtualProduction/VirtualCamera/Content/Common/Blueprints/VCamAim/Dependencies/Materials/M_LaserTube.uexp" 928
"../../../Engine/Plugins/VirtualProduction/VirtualCamera/Content/Common/Blueprints/VCamAim/Dependencies/Materials/MI_LaserTube.uasset" 929
"../../../Engine/Plugins/VirtualProduction/VirtualCamera/Content/Common/Blueprints/VCamAim/Dependencies/Materials/MI_LaserTube.uexp" 930
"../../../Engine/Plugins/VirtualProduction/VirtualCamera/Content/Common/Blueprints/VCamAim/Dependencies/NS_AimLaser.uasset" 931
"../../../Engine/Plugins/VirtualProduction/VirtualCamera/Content/Common/Blueprints/VCamAim/Dependencies/NS_AimLaser.uexp" 932
"../../../Engine/Plugins/VirtualProduction/VirtualCamera/Content/Modifiers/TeleportModifier/TeleportModifier.uasset" 933
"../../../Engine/Plugins/VirtualProduction/VirtualCamera/Content/Modifiers/TeleportModifier/TeleportModifier.uexp" 934
"../../../Engine/Plugins/VirtualProduction/VirtualCamera/Content/WidgetLibrary/Common/VCamIcons/UnableToRecord.uasset" 935
"../../../Engine/Plugins/VirtualProduction/VirtualCamera/Content/WidgetLibrary/Common/VCamIcons/UnableToRecord.uexp" 936
"../../../Engine/Plugins/VirtualProduction/VirtualCamera/Content/WidgetLibrary/Common/VCamIcons/Record.uasset" 937
"../../../Engine/Plugins/VirtualProduction/VirtualCamera/Content/WidgetLibrary/Common/VCamIcons/Record.uexp" 938
"../../../Engine/Plugins/VirtualProduction/VirtualCamera/Content/WidgetLibrary/Common/VCamIcons/EndRecord.uasset" 939
"../../../Engine/Plugins/VirtualProduction/VirtualCamera/Content/WidgetLibrary/Common/VCamIcons/EndRecord.uexp" 940
"../../../Engine/Content/EngineMaterials/DefaultDiffuse.ubulk" 941
"../../../Engine/Content/EngineMaterials/DefaultDiffuse.uasset" 942
"../../../Engine/Content/EngineMaterials/DefaultDiffuse.uexp" 943
"../../../Engine/Content/Functions/Engine_MaterialFunctions01/Texturing/TextureCropping.uasset" 944
"../../../Engine/Content/Functions/Engine_MaterialFunctions01/Texturing/TextureCropping.uexp" 945
"../../../Engine/Content/Functions/Engine_MaterialFunctions02/ExampleContent/DebugNumberStrip.uasset" 946
"../../../Engine/Content/Functions/Engine_MaterialFunctions02/ExampleContent/DebugNumberStrip.uexp" 947
"../../../Engine/Plugins/VirtualProduction/VirtualCamera/Content/Modifiers/TakeRecorderModifier/M_CountDown.uasset" 948
"../../../Engine/Plugins/VirtualProduction/VirtualCamera/Content/Modifiers/TakeRecorderModifier/M_CountDown.uexp" 949
"../../../Engine/Plugins/VirtualProduction/VirtualCamera/Content/Modifiers/TakeRecorderModifier/Inputs/ToggleRecording.uasset" 950
"../../../Engine/Plugins/VirtualProduction/VirtualCamera/Content/Modifiers/TakeRecorderModifier/Inputs/ToggleRecording.uexp" 951
"../../../Engine/Plugins/VirtualProduction/VirtualCamera/Content/Modifiers/TakeRecorderModifier/Inputs/StopRecording.uasset" 952
"../../../Engine/Plugins/VirtualProduction/VirtualCamera/Content/Modifiers/TakeRecorderModifier/Inputs/StopRecording.uexp" 953
"../../../Engine/Plugins/VirtualProduction/VirtualCamera/Content/Modifiers/TakeRecorderModifier/Inputs/StartRecording.uasset" 954
"../../../Engine/Plugins/VirtualProduction/VirtualCamera/Content/Modifiers/TakeRecorderModifier/Inputs/StartRecording.uexp" 955
"../../../Engine/Plugins/VirtualProduction/VirtualCamera/Content/Modifiers/TakeRecorderModifier/Inputs/RecordingSpeed.uasset" 956
"../../../Engine/Plugins/VirtualProduction/VirtualCamera/Content/Modifiers/TakeRecorderModifier/Inputs/RecordingSpeed.uexp" 957
"../../../Engine/Plugins/VirtualProduction/VirtualCamera/Content/Modifiers/TakeRecorderModifier/Inputs/IC_TakeRecorder.uasset" 958
"../../../Engine/Plugins/VirtualProduction/VirtualCamera/Content/Modifiers/TakeRecorderModifier/Inputs/IC_TakeRecorder.uexp" 959
"../../../Engine/Plugins/VirtualProduction/VirtualCamera/Content/Modifiers/MultiUserModifier/Interfaces/ReplicationSuspendableInterface.uasset" 960
"../../../Engine/Plugins/VirtualProduction/VirtualCamera/Content/Modifiers/MultiUserModifier/Interfaces/ReplicationSuspendableInterface.uexp" 961
"../../../Engine/Plugins/VirtualProduction/VirtualCamera/Content/Modifiers/PhotoModifier/Interfaces/VCamPhotoActorInterface.uasset" 962
"../../../Engine/Plugins/VirtualProduction/VirtualCamera/Content/Modifiers/PhotoModifier/Interfaces/VCamPhotoActorInterface.uexp" 963
"../../../Engine/Plugins/VirtualProduction/VirtualCamera/Content/Modifiers/StabilizationModifier/Inputs/SetRotationStabilization.uasset" 964
"../../../Engine/Plugins/VirtualProduction/VirtualCamera/Content/Modifiers/StabilizationModifier/Inputs/SetRotationStabilization.uexp" 965
"../../../Engine/Plugins/VirtualProduction/VirtualCamera/Content/Modifiers/StabilizationModifier/Inputs/SetLocationStabilization.uasset" 966
"../../../Engine/Plugins/VirtualProduction/VirtualCamera/Content/Modifiers/StabilizationModifier/Inputs/SetLocationStabilization.uexp" 967
"../../../Engine/Plugins/VirtualProduction/VirtualCamera/Content/Modifiers/StabilizationModifier/Inputs/StabilizationModifierInputMappingContext.uasset" 968
"../../../Engine/Plugins/VirtualProduction/VirtualCamera/Content/Modifiers/StabilizationModifier/Inputs/StabilizationModifierInputMappingContext.uexp" 969
"../../../Engine/Plugins/VirtualProduction/VirtualCamera/Content/Modifiers/StabilizationModifier/StabilizationModifier.uasset" 970
"../../../Engine/Plugins/VirtualProduction/VirtualCamera/Content/Modifiers/StabilizationModifier/StabilizationModifier.uexp" 971
"../../../Engine/Plugins/VirtualProduction/VirtualCamera/Content/Modifiers/SequencerModifier/Inputs/ToPlaybackStart.uasset" 972
"../../../Engine/Plugins/VirtualProduction/VirtualCamera/Content/Modifiers/SequencerModifier/Inputs/ToPlaybackStart.uexp" 973
"../../../Engine/Plugins/VirtualProduction/VirtualCamera/Content/Modifiers/SequencerModifier/Inputs/ToPlaybackEnd.uasset" 974
"../../../Engine/Plugins/VirtualProduction/VirtualCamera/Content/Modifiers/SequencerModifier/Inputs/ToPlaybackEnd.uexp" 975
"../../../Engine/Plugins/VirtualProduction/VirtualCamera/Content/Modifiers/SequencerModifier/Inputs/TogglePlayPause.uasset" 976
"../../../Engine/Plugins/VirtualProduction/VirtualCamera/Content/Modifiers/SequencerModifier/Inputs/TogglePlayPause.uexp" 977
"../../../Engine/Plugins/VirtualProduction/VirtualCamera/Content/Modifiers/SequencerModifier/Inputs/SetSequenceFrameNormalized.uasset" 978
"../../../Engine/Plugins/VirtualProduction/VirtualCamera/Content/Modifiers/SequencerModifier/Inputs/SetSequenceFrameNormalized.uexp" 979
"../../../Engine/Plugins/VirtualProduction/VirtualCamera/Content/Modifiers/SequencerModifier/Inputs/SetScrubSpeed.uasset" 980
"../../../Engine/Plugins/VirtualProduction/VirtualCamera/Content/Modifiers/SequencerModifier/Inputs/SetScrubSpeed.uexp" 981
"../../../Engine/Plugins/VirtualProduction/VirtualCamera/Content/Modifiers/SequencerModifier/Inputs/PreviousFrame.uasset" 982
"../../../Engine/Plugins/VirtualProduction/VirtualCamera/Content/Modifiers/SequencerModifier/Inputs/PreviousFrame.uexp" 983
"../../../Engine/Plugins/VirtualProduction/VirtualCamera/Content/Modifiers/SequencerModifier/Inputs/PlaybackSpeed.uasset" 984
"../../../Engine/Plugins/VirtualProduction/VirtualCamera/Content/Modifiers/SequencerModifier/Inputs/PlaybackSpeed.uexp" 985
"../../../Engine/Plugins/VirtualProduction/VirtualCamera/Content/Modifiers/SequencerModifier/Inputs/NextFrame.uasset" 986
"../../../Engine/Plugins/VirtualProduction/VirtualCamera/Content/Modifiers/SequencerModifier/Inputs/NextFrame.uexp" 987
"../../../Engine/Plugins/VirtualProduction/VirtualCamera/Content/Modifiers/SequencerModifier/Inputs/JumpToPreviousKey.uasset" 988
"../../../Engine/Plugins/VirtualProduction/VirtualCamera/Content/Modifiers/SequencerModifier/Inputs/JumpToPreviousKey.uexp" 989
"../../../Engine/Plugins/VirtualProduction/VirtualCamera/Content/Modifiers/SequencerModifier/Inputs/JumpToNextKey.uasset" 990
"../../../Engine/Plugins/VirtualProduction/VirtualCamera/Content/Modifiers/SequencerModifier/Inputs/JumpToNextKey.uexp" 991
"../../../Engine/Plugins/VirtualProduction/VirtualCamera/Content/Modifiers/SequencerModifier/Inputs/ToggleLoop.uasset" 992
"../../../Engine/Plugins/VirtualProduction/VirtualCamera/Content/Modifiers/SequencerModifier/Inputs/ToggleLoop.uexp" 993
"../../../Engine/Plugins/VirtualProduction/VirtualCamera/Content/Modifiers/SequencerModifier/Inputs/SequencerModifierInputMappingContext.uasset" 994
"../../../Engine/Plugins/VirtualProduction/VirtualCamera/Content/Modifiers/SequencerModifier/Inputs/SequencerModifierInputMappingContext.uexp" 995
"../../../Engine/Plugins/VirtualProduction/VirtualCamera/Content/Modifiers/SensorCorrectionModifier/Input/ToggleSensorCorrection.uasset" 996
"../../../Engine/Plugins/VirtualProduction/VirtualCamera/Content/Modifiers/SensorCorrectionModifier/Input/ToggleSensorCorrection.uexp" 997
"../../../Engine/Plugins/VirtualProduction/VirtualCamera/Content/Modifiers/SensorCorrectionModifier/Input/SensorCorrectionModifierInputMappingContext.uasset" 998
"../../../Engine/Plugins/VirtualProduction/VirtualCamera/Content/Modifiers/SensorCorrectionModifier/Input/SensorCorrectionModifierInputMappingContext.uexp" 999
"../../../Engine/Plugins/VirtualProduction/VirtualCamera/Content/Modifiers/SensorCorrectionModifier/SensorCorrectionModifier.uasset" 1000
"../../../Engine/Plugins/VirtualProduction/VirtualCamera/Content/Modifiers/SensorCorrectionModifier/SensorCorrectionModifier.uexp" 1001
"../../../Engine/Plugins/VirtualProduction/VirtualCamera/Content/Modifiers/PhotoModifier/Enum/VCamPhotoSizeSettings.uasset" 1002
"../../../Engine/Plugins/VirtualProduction/VirtualCamera/Content/Modifiers/PhotoModifier/Enum/VCamPhotoSizeSettings.uexp" 1003
"../../../Engine/Plugins/VirtualProduction/VirtualCamera/Content/Modifiers/PhotoModifier/Dependencies/RT_VCamPhoto_tmp.uasset" 1004
"../../../Engine/Plugins/VirtualProduction/VirtualCamera/Content/Modifiers/PhotoModifier/Dependencies/RT_VCamPhoto_tmp.uexp" 1005
"../../../Engine/Plugins/VirtualProduction/VirtualCamera/Content/Modifiers/PhotoModifier/Dependencies/PPM_VCamPhotoAlphaInvert.uasset" 1006
"../../../Engine/Plugins/VirtualProduction/VirtualCamera/Content/Modifiers/PhotoModifier/Dependencies/PPM_VCamPhotoAlphaInvert.uexp" 1007
"../../../Engine/Plugins/VirtualProduction/VirtualCamera/Content/Modifiers/BookmarkModifier/Input/ToggleShouldLoadCameraParamsFromBookmark.uasset" 1008
"../../../Engine/Plugins/VirtualProduction/VirtualCamera/Content/Modifiers/BookmarkModifier/Input/ToggleShouldLoadCameraParamsFromBookmark.uexp" 1009
"../../../Engine/Plugins/VirtualProduction/VirtualCamera/Content/Modifiers/BookmarkModifier/Input/PreviousBookmark.uasset" 1010
"../../../Engine/Plugins/VirtualProduction/VirtualCamera/Content/Modifiers/BookmarkModifier/Input/PreviousBookmark.uexp" 1011
"../../../Engine/Plugins/VirtualProduction/VirtualCamera/Content/Modifiers/BookmarkModifier/Input/NextBookmark.uasset" 1012
"../../../Engine/Plugins/VirtualProduction/VirtualCamera/Content/Modifiers/BookmarkModifier/Input/NextBookmark.uexp" 1013
"../../../Engine/Plugins/VirtualProduction/VirtualCamera/Content/Modifiers/BookmarkModifier/Input/DeleteCurrentBookmark.uasset" 1014
"../../../Engine/Plugins/VirtualProduction/VirtualCamera/Content/Modifiers/BookmarkModifier/Input/DeleteCurrentBookmark.uexp" 1015
"../../../Engine/Plugins/VirtualProduction/VirtualCamera/Content/Modifiers/BookmarkModifier/Input/CurrentBookmark.uasset" 1016
"../../../Engine/Plugins/VirtualProduction/VirtualCamera/Content/Modifiers/BookmarkModifier/Input/CurrentBookmark.uexp" 1017
"../../../Engine/Plugins/VirtualProduction/VirtualCamera/Content/Modifiers/BookmarkModifier/Input/BookmarkModifierInputMappingContext.uasset" 1018
"../../../Engine/Plugins/VirtualProduction/VirtualCamera/Content/Modifiers/BookmarkModifier/Input/BookmarkModifierInputMappingContext.uexp" 1019
"../../../Engine/Plugins/VirtualProduction/VirtualCamera/Content/WidgetLibrary/Common/VCamIcons/Icon_SpringArm.uasset" 1020
"../../../Engine/Plugins/VirtualProduction/VirtualCamera/Content/WidgetLibrary/Common/VCamIcons/Icon_SpringArm.uexp" 1021
"../../../Engine/Plugins/VirtualProduction/VirtualCamera/Content/WidgetLibrary/Common/VCamIcons/IconTruckLock.uasset" 1022
"../../../Engine/Plugins/VirtualProduction/VirtualCamera/Content/WidgetLibrary/Common/VCamIcons/IconTruckLock.uexp" 1023
"../../../Engine/Plugins/VirtualProduction/VirtualCamera/Content/WidgetLibrary/Common/VCamIcons/IconTiltLock.uasset" 1024
"../../../Engine/Plugins/VirtualProduction/VirtualCamera/Content/WidgetLibrary/Common/VCamIcons/IconTiltLock.uexp" 1025
"../../../Engine/Plugins/VirtualProduction/VirtualCamera/Content/WidgetLibrary/Common/VCamIcons/IconRollLock.uasset" 1026
"../../../Engine/Plugins/VirtualProduction/VirtualCamera/Content/WidgetLibrary/Common/VCamIcons/IconRollLock.uexp" 1027
"../../../Engine/Plugins/VirtualProduction/VirtualCamera/Content/WidgetLibrary/Common/VCamIcons/IconPanLock.uasset" 1028
"../../../Engine/Plugins/VirtualProduction/VirtualCamera/Content/WidgetLibrary/Common/VCamIcons/IconPanLock.uexp" 1029
"../../../Engine/Plugins/VirtualProduction/VirtualCamera/Content/WidgetLibrary/Common/VCamIcons/IconDollyLock.uasset" 1030
"../../../Engine/Plugins/VirtualProduction/VirtualCamera/Content/WidgetLibrary/Common/VCamIcons/IconDollyLock.uexp" 1031
"../../../Engine/Plugins/VirtualProduction/VirtualCamera/Content/WidgetLibrary/Common/VCamIcons/IconCraneLock.uasset" 1032
"../../../Engine/Plugins/VirtualProduction/VirtualCamera/Content/WidgetLibrary/Common/VCamIcons/IconCraneLock.uexp" 1033
"../../../Engine/Plugins/VirtualProduction/VirtualCamera/Content/Modifiers/ParentModifier/InheritanceFilterState.uasset" 1034
"../../../Engine/Plugins/VirtualProduction/VirtualCamera/Content/Modifiers/ParentModifier/InheritanceFilterState.uexp" 1035
"../../../Engine/Plugins/VirtualProduction/VirtualCamera/Content/Modifiers/ParentModifier/InheritanceFilterElement.uasset" 1036
"../../../Engine/Plugins/VirtualProduction/VirtualCamera/Content/Modifiers/ParentModifier/InheritanceFilterElement.uexp" 1037
"../../../Engine/Plugins/VirtualProduction/VirtualCamera/Content/Modifiers/ParentModifier/Input/ToggleSpring.uasset" 1038
"../../../Engine/Plugins/VirtualProduction/VirtualCamera/Content/Modifiers/ParentModifier/Input/ToggleSpring.uexp" 1039
"../../../Engine/Plugins/VirtualProduction/VirtualCamera/Content/Modifiers/ParentModifier/Input/ToggleParent.uasset" 1040
"../../../Engine/Plugins/VirtualProduction/VirtualCamera/Content/Modifiers/ParentModifier/Input/ToggleParent.uexp" 1041
"../../../Engine/Plugins/VirtualProduction/VirtualCamera/Content/Modifiers/ParentModifier/Input/SetCurrentParent.uasset" 1042
"../../../Engine/Plugins/VirtualProduction/VirtualCamera/Content/Modifiers/ParentModifier/Input/SetCurrentParent.uexp" 1043
"../../../Engine/Plugins/VirtualProduction/VirtualCamera/Content/Modifiers/ParentModifier/Input/ParentModifierInputMappingContext.uasset" 1044
"../../../Engine/Plugins/VirtualProduction/VirtualCamera/Content/Modifiers/ParentModifier/Input/ParentModifierInputMappingContext.uexp" 1045
"../../../Engine/Plugins/VirtualProduction/VirtualCamera/Content/Modifiers/ParentModifier/ParentModifier.uasset" 1046
"../../../Engine/Plugins/VirtualProduction/VirtualCamera/Content/Modifiers/ParentModifier/ParentModifier.uexp" 1047
"../../../Engine/Plugins/VirtualProduction/VirtualCamera/Content/Modifiers/MultiUserModifier/EAuthorityOwner.uasset" 1048
"../../../Engine/Plugins/VirtualProduction/VirtualCamera/Content/Modifiers/MultiUserModifier/EAuthorityOwner.uexp" 1049
"../../../Engine/Plugins/VirtualProduction/VirtualCamera/Content/Modifiers/MultiUserModifier/Inputs/ToggleReplication.uasset" 1050
"../../../Engine/Plugins/VirtualProduction/VirtualCamera/Content/Modifiers/MultiUserModifier/Inputs/ToggleReplication.uexp" 1051
"../../../Engine/Plugins/VirtualProduction/VirtualCamera/Content/Modifiers/MultiUserModifier/Inputs/StartReplication.uasset" 1052
"../../../Engine/Plugins/VirtualProduction/VirtualCamera/Content/Modifiers/MultiUserModifier/Inputs/StartReplication.uexp" 1053
"../../../Engine/Plugins/VirtualProduction/VirtualCamera/Content/Modifiers/MultiUserModifier/Inputs/MultiUserModifierInputMappingContext.uasset" 1054
"../../../Engine/Plugins/VirtualProduction/VirtualCamera/Content/Modifiers/MultiUserModifier/Inputs/MultiUserModifierInputMappingContext.uexp" 1055
"../../../Engine/Plugins/VirtualProduction/VirtualCamera/Content/WidgetLibrary/VCW_Reticle/Dependencies/M_ReticleSplitCircle.uasset" 1056
"../../../Engine/Plugins/VirtualProduction/VirtualCamera/Content/WidgetLibrary/VCW_Reticle/Dependencies/M_ReticleSplitCircle.uexp" 1057
"../../../Engine/Plugins/VirtualProduction/VirtualCamera/Content/WidgetLibrary/VCW_Reticle/Dependencies/M_ReticleNone.uasset" 1058
"../../../Engine/Plugins/VirtualProduction/VirtualCamera/Content/WidgetLibrary/VCW_Reticle/Dependencies/M_ReticleNone.uexp" 1059
"../../../Engine/Plugins/VirtualProduction/VirtualCamera/Content/WidgetLibrary/VCW_Reticle/Dependencies/M_ReticleDot.uasset" 1060
"../../../Engine/Plugins/VirtualProduction/VirtualCamera/Content/WidgetLibrary/VCW_Reticle/Dependencies/M_ReticleDot.uexp" 1061
"../../../Engine/Plugins/VirtualProduction/VirtualCamera/Content/WidgetLibrary/VCW_Reticle/Dependencies/M_ReticleCross.uasset" 1062
"../../../Engine/Plugins/VirtualProduction/VirtualCamera/Content/WidgetLibrary/VCW_Reticle/Dependencies/M_ReticleCross.uexp" 1063
"../../../Engine/Plugins/VirtualProduction/VirtualCamera/Content/WidgetLibrary/VCW_GridOverlay/Dependencies/VCamGridOverlayOptions.uasset" 1064
"../../../Engine/Plugins/VirtualProduction/VirtualCamera/Content/WidgetLibrary/VCW_GridOverlay/Dependencies/VCamGridOverlayOptions.uexp" 1065
"../../../Engine/Plugins/VirtualProduction/VirtualCamera/Content/WidgetLibrary/VCW_GridOverlay/Dependencies/M_SafeZones.uasset" 1066
"../../../Engine/Plugins/VirtualProduction/VirtualCamera/Content/WidgetLibrary/VCW_GridOverlay/Dependencies/M_SafeZones.uexp" 1067
"../../../Engine/Plugins/VirtualProduction/VirtualCamera/Content/WidgetLibrary/VCW_AspectRatioMask/Dependencies/AspectRatioOptions.uasset" 1068
"../../../Engine/Plugins/VirtualProduction/VirtualCamera/Content/WidgetLibrary/VCW_AspectRatioMask/Dependencies/AspectRatioOptions.uexp" 1069
"../../../Engine/Plugins/VirtualProduction/VirtualCamera/Content/Modifiers/MaskAndOverlayModifier/Input/ReticleOpacityAxis.uasset" 1070
"../../../Engine/Plugins/VirtualProduction/VirtualCamera/Content/Modifiers/MaskAndOverlayModifier/Input/ReticleOpacityAxis.uexp" 1071
"../../../Engine/Plugins/VirtualProduction/VirtualCamera/Content/Modifiers/MaskAndOverlayModifier/Input/Reticle.uasset" 1072
"../../../Engine/Plugins/VirtualProduction/VirtualCamera/Content/Modifiers/MaskAndOverlayModifier/Input/Reticle.uexp" 1073
"../../../Engine/Plugins/VirtualProduction/VirtualCamera/Content/Modifiers/MaskAndOverlayModifier/Input/PreviousReticle.uasset" 1074
"../../../Engine/Plugins/VirtualProduction/VirtualCamera/Content/Modifiers/MaskAndOverlayModifier/Input/PreviousReticle.uexp" 1075
"../../../Engine/Plugins/VirtualProduction/VirtualCamera/Content/Modifiers/MaskAndOverlayModifier/Input/PreviousOverlay.uasset" 1076
"../../../Engine/Plugins/VirtualProduction/VirtualCamera/Content/Modifiers/MaskAndOverlayModifier/Input/PreviousOverlay.uexp" 1077
"../../../Engine/Plugins/VirtualProduction/VirtualCamera/Content/Modifiers/MaskAndOverlayModifier/Input/OverlaySelection.uasset" 1078
"../../../Engine/Plugins/VirtualProduction/VirtualCamera/Content/Modifiers/MaskAndOverlayModifier/Input/OverlaySelection.uexp" 1079
"../../../Engine/Plugins/VirtualProduction/VirtualCamera/Content/Modifiers/MaskAndOverlayModifier/Input/OverlayOpacityAxis.uasset" 1080
"../../../Engine/Plugins/VirtualProduction/VirtualCamera/Content/Modifiers/MaskAndOverlayModifier/Input/OverlayOpacityAxis.uexp" 1081
"../../../Engine/Plugins/VirtualProduction/VirtualCamera/Content/Modifiers/MaskAndOverlayModifier/Input/OverlayMaterial.uasset" 1082
"../../../Engine/Plugins/VirtualProduction/VirtualCamera/Content/Modifiers/MaskAndOverlayModifier/Input/OverlayMaterial.uexp" 1083
"../../../Engine/Plugins/VirtualProduction/VirtualCamera/Content/Modifiers/MaskAndOverlayModifier/Input/Overlay.uasset" 1084
"../../../Engine/Plugins/VirtualProduction/VirtualCamera/Content/Modifiers/MaskAndOverlayModifier/Input/Overlay.uexp" 1085
"../../../Engine/Plugins/VirtualProduction/VirtualCamera/Content/Modifiers/MaskAndOverlayModifier/Input/NextReticle.uasset" 1086
"../../../Engine/Plugins/VirtualProduction/VirtualCamera/Content/Modifiers/MaskAndOverlayModifier/Input/NextReticle.uexp" 1087
"../../../Engine/Plugins/VirtualProduction/VirtualCamera/Content/Modifiers/MaskAndOverlayModifier/Dependencies/OverlaySelection.uasset" 1088
"../../../Engine/Plugins/VirtualProduction/VirtualCamera/Content/Modifiers/MaskAndOverlayModifier/Dependencies/OverlaySelection.uexp" 1089
"../../../Engine/Plugins/VirtualProduction/VirtualCamera/Content/Modifiers/MaskAndOverlayModifier/Input/CustomAspectRatio.uasset" 1090
"../../../Engine/Plugins/VirtualProduction/VirtualCamera/Content/Modifiers/MaskAndOverlayModifier/Input/CustomAspectRatio.uexp" 1091
"../../../Engine/Plugins/VirtualProduction/VirtualCamera/Content/Modifiers/MaskAndOverlayModifier/Input/NextOverlay.uasset" 1092
"../../../Engine/Plugins/VirtualProduction/VirtualCamera/Content/Modifiers/MaskAndOverlayModifier/Input/NextOverlay.uexp" 1093
"../../../Engine/Plugins/VirtualProduction/VirtualCamera/Content/Modifiers/MaskAndOverlayModifier/Input/MaskAndOverlayMappingContext.uasset" 1094
"../../../Engine/Plugins/VirtualProduction/VirtualCamera/Content/Modifiers/MaskAndOverlayModifier/Input/MaskAndOverlayMappingContext.uexp" 1095
"../../../Engine/Plugins/VirtualProduction/VirtualCamera/Content/Modifiers/MaskAndOverlayModifier/MaskAndOverlayModifier.uasset" 1096
"../../../Engine/Plugins/VirtualProduction/VirtualCamera/Content/Modifiers/MaskAndOverlayModifier/MaskAndOverlayModifier.uexp" 1097
"../../../Engine/Plugins/VirtualProduction/VirtualCamera/Content/WidgetLibrary/VCamGestureWidget/Dependencies/PinchToZoom.uasset" 1098
"../../../Engine/Plugins/VirtualProduction/VirtualCamera/Content/WidgetLibrary/VCamGestureWidget/Dependencies/PinchToZoom.uexp" 1099
"../../../Engine/Plugins/VirtualProduction/VirtualCamera/Content/WidgetLibrary/VCamGestureWidget/Dependencies/DoubleTapHold.uasset" 1100
"../../../Engine/Plugins/VirtualProduction/VirtualCamera/Content/WidgetLibrary/VCamGestureWidget/Dependencies/DoubleTapHold.uexp" 1101
"../../../Engine/Plugins/VirtualProduction/VirtualCamera/Content/WidgetLibrary/VCamGestureWidget/Dependencies/DoubleTap.uasset" 1102
"../../../Engine/Plugins/VirtualProduction/VirtualCamera/Content/WidgetLibrary/VCamGestureWidget/Dependencies/DoubleTap.uexp" 1103
"../../../Engine/Plugins/VirtualProduction/VirtualCamera/Content/WidgetLibrary/Common/VCamIcons/IconAutoFocus.uasset" 1104
"../../../Engine/Plugins/VirtualProduction/VirtualCamera/Content/WidgetLibrary/Common/VCamIcons/IconAutoFocus.uexp" 1105
"../../../Engine/Plugins/VirtualProduction/VirtualCamera/Content/Modifiers/LensModifier/FocalLengthGestureCurve.uasset" 1106
"../../../Engine/Plugins/VirtualProduction/VirtualCamera/Content/Modifiers/LensModifier/FocalLengthGestureCurve.uexp" 1107
"../../../Engine/Plugins/VirtualProduction/VirtualCamera/Content/Modifiers/LensModifier/Inputs/ToggleFocusMode.uasset" 1108
"../../../Engine/Plugins/VirtualProduction/VirtualCamera/Content/Modifiers/LensModifier/Inputs/ToggleFocusMode.uexp" 1109
"../../../Engine/Plugins/VirtualProduction/VirtualCamera/Content/Modifiers/LensModifier/Inputs/StopUp.uasset" 1110
"../../../Engine/Plugins/VirtualProduction/VirtualCamera/Content/Modifiers/LensModifier/Inputs/StopUp.uexp" 1111
"../../../Engine/Plugins/VirtualProduction/VirtualCamera/Content/Modifiers/LensModifier/Inputs/StopDown.uasset" 1112
"../../../Engine/Plugins/VirtualProduction/VirtualCamera/Content/Modifiers/LensModifier/Inputs/StopDown.uexp" 1113
"../../../Engine/Plugins/VirtualProduction/VirtualCamera/Content/Modifiers/LensModifier/Inputs/ShutterSpeed.uasset" 1114
"../../../Engine/Plugins/VirtualProduction/VirtualCamera/Content/Modifiers/LensModifier/Inputs/ShutterSpeed.uexp" 1115
"../../../Engine/Plugins/VirtualProduction/VirtualCamera/Content/Modifiers/LensModifier/Inputs/PreviousShutterSpeed.uasset" 1116
"../../../Engine/Plugins/VirtualProduction/VirtualCamera/Content/Modifiers/LensModifier/Inputs/PreviousShutterSpeed.uexp" 1117
"../../../Engine/Plugins/VirtualProduction/VirtualCamera/Content/Modifiers/LensModifier/Inputs/PreviousLens.uasset" 1118
"../../../Engine/Plugins/VirtualProduction/VirtualCamera/Content/Modifiers/LensModifier/Inputs/PreviousLens.uexp" 1119
"../../../Engine/Plugins/VirtualProduction/VirtualCamera/Content/Modifiers/LensModifier/Inputs/PreviousISO.uasset" 1120
"../../../Engine/Plugins/VirtualProduction/VirtualCamera/Content/Modifiers/LensModifier/Inputs/PreviousISO.uexp" 1121
"../../../Engine/Plugins/VirtualProduction/VirtualCamera/Content/Modifiers/LensModifier/Inputs/PickActorToTrack.uasset" 1122
"../../../Engine/Plugins/VirtualProduction/VirtualCamera/Content/Modifiers/LensModifier/Inputs/PickActorToTrack.uexp" 1123
"../../../Engine/Plugins/VirtualProduction/VirtualCamera/Content/Modifiers/LensModifier/Inputs/NextShutterSpeed.uasset" 1124
"../../../Engine/Plugins/VirtualProduction/VirtualCamera/Content/Modifiers/LensModifier/Inputs/NextShutterSpeed.uexp" 1125
"../../../Engine/Plugins/VirtualProduction/VirtualCamera/Content/Modifiers/LensModifier/Inputs/NextLens.uasset" 1126
"../../../Engine/Plugins/VirtualProduction/VirtualCamera/Content/Modifiers/LensModifier/Inputs/NextLens.uexp" 1127
"../../../Engine/Plugins/VirtualProduction/VirtualCamera/Content/Modifiers/LensModifier/Inputs/NextISO.uasset" 1128
"../../../Engine/Plugins/VirtualProduction/VirtualCamera/Content/Modifiers/LensModifier/Inputs/NextISO.uexp" 1129
"../../../Engine/Plugins/VirtualProduction/VirtualCamera/Content/Modifiers/LensModifier/Inputs/Lens.uasset" 1130
"../../../Engine/Plugins/VirtualProduction/VirtualCamera/Content/Modifiers/LensModifier/Inputs/Lens.uexp" 1131
"../../../Engine/Plugins/VirtualProduction/VirtualCamera/Content/Modifiers/LensModifier/Inputs/ISO.uasset" 1132
"../../../Engine/Plugins/VirtualProduction/VirtualCamera/Content/Modifiers/LensModifier/Inputs/ISO.uexp" 1133
"../../../Engine/Plugins/VirtualProduction/VirtualCamera/Content/Modifiers/LensModifier/Inputs/Iris.uasset" 1134
"../../../Engine/Plugins/VirtualProduction/VirtualCamera/Content/Modifiers/LensModifier/Inputs/Iris.uexp" 1135
"../../../Engine/Plugins/VirtualProduction/VirtualCamera/Content/Modifiers/LensModifier/Inputs/FocusPlane.uasset" 1136
"../../../Engine/Plugins/VirtualProduction/VirtualCamera/Content/Modifiers/LensModifier/Inputs/FocusPlane.uexp" 1137
"../../../Engine/Plugins/VirtualProduction/VirtualCamera/Content/Modifiers/LensModifier/Inputs/FocusMethod.uasset" 1138
"../../../Engine/Plugins/VirtualProduction/VirtualCamera/Content/Modifiers/LensModifier/Inputs/FocusMethod.uexp" 1139
"../../../Engine/Plugins/VirtualProduction/VirtualCamera/Content/Modifiers/LensModifier/Inputs/FocusDistanceUp.uasset" 1140
"../../../Engine/Plugins/VirtualProduction/VirtualCamera/Content/Modifiers/LensModifier/Inputs/FocusDistanceUp.uexp" 1141
"../../../Engine/Plugins/VirtualProduction/VirtualCamera/Content/Modifiers/LensModifier/Inputs/FocusDistanceDown.uasset" 1142
"../../../Engine/Plugins/VirtualProduction/VirtualCamera/Content/Modifiers/LensModifier/Inputs/FocusDistanceDown.uexp" 1143
"../../../Engine/Plugins/VirtualProduction/VirtualCamera/Content/Modifiers/LensModifier/Inputs/FocusDistanceAxis.uasset" 1144
"../../../Engine/Plugins/VirtualProduction/VirtualCamera/Content/Modifiers/LensModifier/Inputs/FocusDistanceAxis.uexp" 1145
"../../../Engine/Plugins/VirtualProduction/VirtualCamera/Content/Modifiers/LensModifier/Inputs/FocusDistance.uasset" 1146
"../../../Engine/Plugins/VirtualProduction/VirtualCamera/Content/Modifiers/LensModifier/Inputs/FocusDistance.uexp" 1147
"../../../Engine/Plugins/VirtualProduction/VirtualCamera/Content/Modifiers/LensModifier/Inputs/FocalLengthUp.uasset" 1148
"../../../Engine/Plugins/VirtualProduction/VirtualCamera/Content/Modifiers/LensModifier/Inputs/FocalLengthUp.uexp" 1149
"../../../Engine/Plugins/VirtualProduction/VirtualCamera/Content/Modifiers/LensModifier/Inputs/FocalLengthPrecision.uasset" 1150
"../../../Engine/Plugins/VirtualProduction/VirtualCamera/Content/Modifiers/LensModifier/Inputs/FocalLengthPrecision.uexp" 1151
"../../../Engine/Plugins/VirtualProduction/VirtualCamera/Content/Modifiers/LensModifier/Inputs/FocalLengthDown.uasset" 1152
"../../../Engine/Plugins/VirtualProduction/VirtualCamera/Content/Modifiers/LensModifier/Inputs/FocalLengthDown.uexp" 1153
"../../../Engine/Plugins/VirtualProduction/VirtualCamera/Content/Modifiers/LensModifier/Inputs/FocalLengthAxis.uasset" 1154
"../../../Engine/Plugins/VirtualProduction/VirtualCamera/Content/Modifiers/LensModifier/Inputs/FocalLengthAxis.uexp" 1155
"../../../Engine/Plugins/VirtualProduction/VirtualCamera/Content/Modifiers/LensModifier/Inputs/FocalLength.uasset" 1156
"../../../Engine/Plugins/VirtualProduction/VirtualCamera/Content/Modifiers/LensModifier/Inputs/FocalLength.uexp" 1157
"../../../Engine/Plugins/VirtualProduction/VirtualCamera/Content/Modifiers/LensModifier/Inputs/ExposureCompensationReset.uasset" 1158
"../../../Engine/Plugins/VirtualProduction/VirtualCamera/Content/Modifiers/LensModifier/Inputs/ExposureCompensationReset.uexp" 1159
"../../../Engine/Plugins/VirtualProduction/VirtualCamera/Content/Modifiers/LensModifier/Inputs/ExposureCompensation.uasset" 1160
"../../../Engine/Plugins/VirtualProduction/VirtualCamera/Content/Modifiers/LensModifier/Inputs/ExposureCompensation.uexp" 1161
"../../../Engine/Plugins/VirtualProduction/VirtualCamera/Content/Modifiers/LensModifier/Inputs/TrackedActorLabel.uasset" 1162
"../../../Engine/Plugins/VirtualProduction/VirtualCamera/Content/Modifiers/LensModifier/Inputs/TrackedActorLabel.uexp" 1163
"../../../Engine/Plugins/VirtualProduction/VirtualCamera/Content/Modifiers/LensModifier/Inputs/LensModifierInputContext.uasset" 1164
"../../../Engine/Plugins/VirtualProduction/VirtualCamera/Content/Modifiers/LensModifier/Inputs/LensModifierInputContext.uexp" 1165
"../../../Engine/Plugins/VirtualProduction/VirtualCamera/Content/Modifiers/LensModifier/Dependencies/FocusPlane.uasset" 1166
"../../../Engine/Plugins/VirtualProduction/VirtualCamera/Content/Modifiers/LensModifier/Dependencies/FocusPlane.uexp" 1167
"../../../Engine/Plugins/VirtualProduction/VirtualCamera/Content/Modifiers/LensModifier/Dependencies/FocusMethod.uasset" 1168
"../../../Engine/Plugins/VirtualProduction/VirtualCamera/Content/Modifiers/LensModifier/Dependencies/FocusMethod.uexp" 1169
"../../../Engine/Plugins/VirtualProduction/VirtualCamera/Content/Modifiers/LensModifier/LensModifier.uasset" 1170
"../../../Engine/Plugins/VirtualProduction/VirtualCamera/Content/Modifiers/LensModifier/LensModifier.uexp" 1171
"../../../Engine/Plugins/VirtualProduction/VirtualCamera/Content/Modifiers/KillRollModifier/Inputs/ToggleKillRoll.uasset" 1172
"../../../Engine/Plugins/VirtualProduction/VirtualCamera/Content/Modifiers/KillRollModifier/Inputs/ToggleKillRoll.uexp" 1173
"../../../Engine/Plugins/VirtualProduction/VirtualCamera/Content/Modifiers/KillRollModifier/Inputs/KillRollModifierInputMappingContext.uasset" 1174
"../../../Engine/Plugins/VirtualProduction/VirtualCamera/Content/Modifiers/KillRollModifier/Inputs/KillRollModifierInputMappingContext.uexp" 1175
"../../../Engine/Plugins/VirtualProduction/VirtualCamera/Content/Modifiers/KillRollModifier/KillRollModifier.uasset" 1176
"../../../Engine/Plugins/VirtualProduction/VirtualCamera/Content/Modifiers/KillRollModifier/KillRollModifier.uexp" 1177
"../../../Engine/Plugins/VirtualProduction/VirtualCamera/Content/Modifiers/JoystickModifier/Inputs/ToggleFlightMode.uasset" 1178
"../../../Engine/Plugins/VirtualProduction/VirtualCamera/Content/Modifiers/JoystickModifier/Inputs/ToggleFlightMode.uexp" 1179
"../../../Engine/Plugins/VirtualProduction/VirtualCamera/Content/Modifiers/JoystickModifier/Inputs/SetJoystickRotationGain.uasset" 1180
"../../../Engine/Plugins/VirtualProduction/VirtualCamera/Content/Modifiers/JoystickModifier/Inputs/SetJoystickRotationGain.uexp" 1181
"../../../Engine/Plugins/VirtualProduction/VirtualCamera/Content/Modifiers/JoystickModifier/Inputs/SetJoystickMovementGain.uasset" 1182
"../../../Engine/Plugins/VirtualProduction/VirtualCamera/Content/Modifiers/JoystickModifier/Inputs/SetJoystickMovementGain.uexp" 1183
"../../../Engine/Plugins/VirtualProduction/VirtualCamera/Content/Modifiers/JoystickModifier/Inputs/PlanarMovement.uasset" 1184
"../../../Engine/Plugins/VirtualProduction/VirtualCamera/Content/Modifiers/JoystickModifier/Inputs/PlanarMovement.uexp" 1185
"../../../Engine/Plugins/VirtualProduction/VirtualCamera/Content/Modifiers/JoystickModifier/Inputs/Pan.uasset" 1186
"../../../Engine/Plugins/VirtualProduction/VirtualCamera/Content/Modifiers/JoystickModifier/Inputs/Pan.uexp" 1187
"../../../Engine/Plugins/VirtualProduction/VirtualCamera/Content/Modifiers/JoystickModifier/Inputs/CraneMovement.uasset" 1188
"../../../Engine/Plugins/VirtualProduction/VirtualCamera/Content/Modifiers/JoystickModifier/Inputs/CraneMovement.uexp" 1189
"../../../Engine/Plugins/VirtualProduction/VirtualCamera/Content/Modifiers/JoystickModifier/Inputs/IC_JoystickModifier.uasset" 1190
"../../../Engine/Plugins/VirtualProduction/VirtualCamera/Content/Modifiers/JoystickModifier/Inputs/IC_JoystickModifier.uexp" 1191
"../../../Engine/Plugins/VirtualProduction/VirtualCamera/Content/Modifiers/JoystickModifier/JoystickModifier.uasset" 1192
"../../../Engine/Plugins/VirtualProduction/VirtualCamera/Content/Modifiers/JoystickModifier/JoystickModifier.uexp" 1193
"../../../Engine/Plugins/VirtualProduction/VirtualCamera/Content/Modifiers/HUDInfoModifier/HUDInfoModifier.uasset" 1194
"../../../Engine/Plugins/VirtualProduction/VirtualCamera/Content/Modifiers/HUDInfoModifier/HUDInfoModifier.uexp" 1195
"../../../Engine/Plugins/VirtualProduction/VirtualCamera/Content/Modifiers/HoldModifier/Inputs/ToggleHold.uasset" 1196
"../../../Engine/Plugins/VirtualProduction/VirtualCamera/Content/Modifiers/HoldModifier/Inputs/ToggleHold.uexp" 1197
"../../../Engine/Plugins/VirtualProduction/VirtualCamera/Content/Modifiers/HoldModifier/Inputs/HoldModifierInputMappingContext.uasset" 1198
"../../../Engine/Plugins/VirtualProduction/VirtualCamera/Content/Modifiers/HoldModifier/Inputs/HoldModifierInputMappingContext.uexp" 1199
"../../../Engine/Plugins/VirtualProduction/VirtualCamera/Content/Modifiers/HoldModifier/HoldModifier.uasset" 1200
"../../../Engine/Plugins/VirtualProduction/VirtualCamera/Content/Modifiers/HoldModifier/HoldModifier.uexp" 1201
"../../../Engine/Plugins/VirtualProduction/VirtualCamera/Content/Modifiers/ClipPlaneModifier/Input/ClipPlaneAxis.uasset" 1202
"../../../Engine/Plugins/VirtualProduction/VirtualCamera/Content/Modifiers/ClipPlaneModifier/Input/ClipPlaneAxis.uexp" 1203
"../../../Engine/Plugins/VirtualProduction/VirtualCamera/Content/Modifiers/ClipPlaneModifier/Input/ClipPlaneModifierInputMappingContext.uasset" 1204
"../../../Engine/Plugins/VirtualProduction/VirtualCamera/Content/Modifiers/ClipPlaneModifier/Input/ClipPlaneModifierInputMappingContext.uexp" 1205
"../../../Engine/Plugins/VirtualProduction/VirtualCamera/Content/Modifiers/ClipPlaneModifier/ClipPlaneModifier.uasset" 1206
"../../../Engine/Plugins/VirtualProduction/VirtualCamera/Content/Modifiers/ClipPlaneModifier/ClipPlaneModifier.uexp" 1207
"../../../Engine/Plugins/VirtualProduction/VirtualCamera/Content/Modifiers/CameraBodyModifier/Input/PreviousFilmbackPreset.uasset" 1208
"../../../Engine/Plugins/VirtualProduction/VirtualCamera/Content/Modifiers/CameraBodyModifier/Input/PreviousFilmbackPreset.uexp" 1209
"../../../Engine/Plugins/VirtualProduction/VirtualCamera/Content/Modifiers/CameraBodyModifier/Input/NextFilmbackPreset.uasset" 1210
"../../../Engine/Plugins/VirtualProduction/VirtualCamera/Content/Modifiers/CameraBodyModifier/Input/NextFilmbackPreset.uexp" 1211
"../../../Engine/Plugins/VirtualProduction/VirtualCamera/Content/Modifiers/CameraBodyModifier/Input/Filmback.uasset" 1212
"../../../Engine/Plugins/VirtualProduction/VirtualCamera/Content/Modifiers/CameraBodyModifier/Input/Filmback.uexp" 1213
"../../../Engine/Plugins/VirtualProduction/VirtualCamera/Content/Modifiers/CameraBodyModifier/Input/CameraBodyMappingContext.uasset" 1214
"../../../Engine/Plugins/VirtualProduction/VirtualCamera/Content/Modifiers/CameraBodyModifier/Input/CameraBodyMappingContext.uexp" 1215
"../../../Engine/Plugins/VirtualProduction/VirtualCamera/Content/Modifiers/CameraBodyModifier/CameraBodyModifier.uasset" 1216
"../../../Engine/Plugins/VirtualProduction/VirtualCamera/Content/Modifiers/CameraBodyModifier/CameraBodyModifier.uexp" 1217
"../../../Engine/Plugins/VirtualProduction/VirtualCamera/Content/WidgetLibrary/Common/VCamIcons/PhotoModeGreen.uasset" 1218
"../../../Engine/Plugins/VirtualProduction/VirtualCamera/Content/WidgetLibrary/Common/VCamIcons/PhotoModeGreen.uexp" 1219
"../../../Engine/Plugins/VirtualProduction/VirtualCamera/Content/WidgetLibrary/Common/VCamIcons/IconArrowForward.uasset" 1220
"../../../Engine/Plugins/VirtualProduction/VirtualCamera/Content/WidgetLibrary/Common/VCamIcons/IconArrowForward.uexp" 1221
"../../../Engine/Plugins/VirtualProduction/VirtualCamera/Content/WidgetLibrary/Common/VCamIcons/IconArrowBack.uasset" 1222
"../../../Engine/Plugins/VirtualProduction/VirtualCamera/Content/WidgetLibrary/Common/VCamIcons/IconArrowBack.uexp" 1223
"../../../Engine/Plugins/VirtualProduction/VirtualCamera/Content/WidgetLibrary/Common/VCamIcons/Bookmark.uasset" 1224
"../../../Engine/Plugins/VirtualProduction/VirtualCamera/Content/WidgetLibrary/Common/VCamIcons/Bookmark.uexp" 1225
"../../../Engine/Plugins/VirtualProduction/VirtualCamera/Content/Modifiers/AxisScalingModifier/Inputs/SetCurrentLocationAxisScaling.uasset" 1226
"../../../Engine/Plugins/VirtualProduction/VirtualCamera/Content/Modifiers/AxisScalingModifier/Inputs/SetCurrentLocationAxisScaling.uexp" 1227
"../../../Engine/Plugins/VirtualProduction/VirtualCamera/Content/Modifiers/AxisScalingModifier/Inputs/SetAllLocationAxisScaling.uasset" 1228
"../../../Engine/Plugins/VirtualProduction/VirtualCamera/Content/Modifiers/AxisScalingModifier/Inputs/SetAllLocationAxisScaling.uexp" 1229
"../../../Engine/Plugins/VirtualProduction/VirtualCamera/Content/Modifiers/AxisScalingModifier/Inputs/SelectCurrentLocationAxisScaling.uasset" 1230
"../../../Engine/Plugins/VirtualProduction/VirtualCamera/Content/Modifiers/AxisScalingModifier/Inputs/SelectCurrentLocationAxisScaling.uexp" 1231
"../../../Engine/Plugins/VirtualProduction/VirtualCamera/Content/Modifiers/AxisScalingModifier/Inputs/AxisScalingModifierInputMappingContext.uasset" 1232
"../../../Engine/Plugins/VirtualProduction/VirtualCamera/Content/Modifiers/AxisScalingModifier/Inputs/AxisScalingModifierInputMappingContext.uexp" 1233
"../../../Engine/Plugins/VirtualProduction/VirtualCamera/Content/Modifiers/AxisScalingModifier/Enums/EAxisScalingInputMode.uasset" 1234
"../../../Engine/Plugins/VirtualProduction/VirtualCamera/Content/Modifiers/AxisScalingModifier/Enums/EAxisScalingInputMode.uexp" 1235
"../../../Engine/Plugins/VirtualProduction/VirtualCamera/Content/Modifiers/AxisScalingModifier/AxisScalingModifier.uasset" 1236
"../../../Engine/Plugins/VirtualProduction/VirtualCamera/Content/Modifiers/AxisScalingModifier/AxisScalingModifier.uexp" 1237
"../../../Engine/Plugins/VirtualProduction/VirtualCamera/Content/VCamActor.uasset" 1238
"../../../Engine/Plugins/VirtualProduction/VirtualCamera/Content/VCamActor.uexp" 1239
"../../../Engine/Content/EngineSky/T_Sky_Stars.ubulk" 1240
"../../../Engine/Content/EngineSky/T_Sky_Stars.uasset" 1241
"../../../Engine/Content/EngineSky/T_Sky_Stars.uexp" 1242
"../../../Engine/Content/EngineSky/T_Sky_Clouds_M.ubulk" 1243
"../../../Engine/Content/EngineSky/T_Sky_Clouds_M.uasset" 1244
"../../../Engine/Content/EngineSky/T_Sky_Clouds_M.uexp" 1245
"../../../Engine/Content/EngineSky/T_Sky_Blue.ubulk" 1246
"../../../Engine/Content/EngineSky/T_Sky_Blue.uasset" 1247
"../../../Engine/Content/EngineSky/T_Sky_Blue.uexp" 1248
"../../../Engine/Content/EngineSky/M_Sky_Panning_Clouds2.uasset" 1249
"../../../Engine/Content/EngineSky/M_Sky_Panning_Clouds2.uexp" 1250
"../../../Engine/Content/EngineSky/SM_SkySphere.ubulk" 1251
"../../../Engine/Content/EngineSky/SM_SkySphere.uasset" 1252
"../../../Engine/Content/EngineSky/SM_SkySphere.uexp" 1253
"../../../Engine/Content/EngineSky/C_Sky_Zenith_Color.uasset" 1254
"../../../Engine/Content/EngineSky/C_Sky_Zenith_Color.uexp" 1255
"../../../Engine/Content/EngineSky/C_Sky_Horizon_Color.uasset" 1256
"../../../Engine/Content/EngineSky/C_Sky_Horizon_Color.uexp" 1257
"../../../Engine/Content/EngineSky/C_Sky_Cloud_Color.uasset" 1258
"../../../Engine/Content/EngineSky/C_Sky_Cloud_Color.uexp" 1259
"../../../Engine/Content/EngineSky/BP_Sky_Sphere.uasset" 1260
"../../../Engine/Content/EngineSky/BP_Sky_Sphere.uexp" 1261
"../../../Engine/Plugins/Runtime/SunPosition/Content/Editor/M_ArrowColor.uasset" 1262
"../../../Engine/Plugins/Runtime/SunPosition/Content/Editor/M_ArrowColor.uexp" 1263
"../../../Engine/Plugins/Runtime/SunPosition/Content/Editor/MI_ArrowColorRed.uasset" 1264
"../../../Engine/Plugins/Runtime/SunPosition/Content/Editor/MI_ArrowColorRed.uexp" 1265
"../../../Engine/Plugins/Runtime/SunPosition/Content/Editor/MI_ArrowColorGrey.uasset" 1266
"../../../Engine/Plugins/Runtime/SunPosition/Content/Editor/MI_ArrowColorGrey.uexp" 1267
"../../../Engine/Plugins/Runtime/SunPosition/Content/Editor/SM_Compass.ubulk" 1268
"../../../Engine/Plugins/Runtime/SunPosition/Content/Editor/SM_Compass.uasset" 1269
"../../../Engine/Plugins/Runtime/SunPosition/Content/Editor/SM_Compass.uexp" 1270
"../../../Engine/Plugins/Runtime/SunPosition/Content/SunSky.uasset" 1271
"../../../Engine/Plugins/Runtime/SunPosition/Content/SunSky.uexp" 1272
"../../../Engine/Plugins/Runtime/CommonUI/Content/DefaultMediaTexture.uasset" 1273
"../../../Engine/Plugins/Runtime/CommonUI/Content/DefaultMediaTexture.uexp" 1274
"../../../Engine/Plugins/Runtime/CommonUI/Content/VideoPlayerMaterial.uasset" 1275
"../../../Engine/Plugins/Runtime/CommonUI/Content/VideoPlayerMaterial.uexp" 1276
"../../../Engine/Plugins/Runtime/AR/AppleAR/AppleARKit/Content/M_SceneDepthOcclusion.uasset" 1277
"../../../Engine/Plugins/Runtime/AR/AppleAR/AppleARKit/Content/M_SceneDepthOcclusion.uexp" 1278
"../../../Engine/Plugins/NNE/NNEDenoiser/Content/NNEDTOM_Output_Default.uasset" 1279
"../../../Engine/Plugins/NNE/NNEDenoiser/Content/NNEDTOM_Output_Default.uexp" 1280
"../../../Engine/Plugins/NNE/NNEDenoiser/Content/NNEDTOM_Output_Alpha.uasset" 1281
"../../../Engine/Plugins/NNE/NNEDenoiser/Content/NNEDTOM_Output_Alpha.uexp" 1282
"../../../Engine/Plugins/NNE/NNEDenoiser/Content/NNEDTIM_ColorAlbedoNormal_Default.uasset" 1283
"../../../Engine/Plugins/NNE/NNEDenoiser/Content/NNEDTIM_ColorAlbedoNormal_Default.uexp" 1284
"../../../Engine/Plugins/NNE/NNEDenoiser/Content/NNEDTIM_ColorAlbedoNormal_Alpha.uasset" 1285
"../../../Engine/Plugins/NNE/NNEDenoiser/Content/NNEDTIM_ColorAlbedoNormal_Alpha.uexp" 1286
"../../../Engine/Plugins/NNE/NNEDenoiser/Content/NNEDOM_Output_Default.uasset" 1287
"../../../Engine/Plugins/NNE/NNEDenoiser/Content/NNEDOM_Output_Default.uexp" 1288
"../../../Engine/Plugins/NNE/NNEDenoiser/Content/NNEDOM_Output_Alpha.uasset" 1289
"../../../Engine/Plugins/NNE/NNEDenoiser/Content/NNEDOM_Output_Alpha.uexp" 1290
"../../../Engine/Plugins/NNE/NNEDenoiser/Content/NNEDIM_HighQuality_Default.uasset" 1291
"../../../Engine/Plugins/NNE/NNEDenoiser/Content/NNEDIM_HighQuality_Default.uexp" 1292
"../../../Engine/Plugins/NNE/NNEDenoiser/Content/NNEDIM_HighQuality_Alpha.uasset" 1293
"../../../Engine/Plugins/NNE/NNEDenoiser/Content/NNEDIM_HighQuality_Alpha.uexp" 1294
"../../../Engine/Plugins/NNE/NNEDenoiser/Content/NNEDIM_ColorAlbedoNormal_Default.uasset" 1295
"../../../Engine/Plugins/NNE/NNEDenoiser/Content/NNEDIM_ColorAlbedoNormal_Default.uexp" 1296
"../../../Engine/Plugins/NNE/NNEDenoiser/Content/NNEDIM_ColorAlbedoNormal_Alpha.uasset" 1297
"../../../Engine/Plugins/NNE/NNEDenoiser/Content/NNEDIM_ColorAlbedoNormal_Alpha.uexp" 1298
"../../../Engine/Plugins/Media/MediaFrameworkUtilities/Content/T_VideoInputFailed.uasset" 1299
"../../../Engine/Plugins/Media/MediaFrameworkUtilities/Content/T_VideoInputFailed.uexp" 1300
"../../../Engine/Plugins/Media/MediaFrameworkUtilities/Content/T_DefaultBundle.uasset" 1301
"../../../Engine/Plugins/Media/MediaFrameworkUtilities/Content/T_DefaultBundle.uexp" 1302
"../../../Engine/Content/Functions/Engine_MaterialFunctions02/SplitComponents.uasset" 1303
"../../../Engine/Content/Functions/Engine_MaterialFunctions02/SplitComponents.uexp" 1304
"../../../Engine/Content/Functions/Engine_MaterialFunctions02/Utility/MakeFloat3.uasset" 1305
"../../../Engine/Content/Functions/Engine_MaterialFunctions02/Utility/MakeFloat3.uexp" 1306
"../../../Engine/Content/Functions/Engine_MaterialFunctions01/Chromakeying/DespillByAvg.uasset" 1307
"../../../Engine/Content/Functions/Engine_MaterialFunctions01/Chromakeying/DespillByAvg.uexp" 1308
"../../../Engine/Content/Functions/Engine_MaterialFunctions01/Chromakeying/DespillManual.uasset" 1309
"../../../Engine/Content/Functions/Engine_MaterialFunctions01/Chromakeying/DespillManual.uexp" 1310
"../../../Engine/Content/Functions/Engine_MaterialFunctions02/HueShift.uasset" 1311
"../../../Engine/Content/Functions/Engine_MaterialFunctions02/HueShift.uexp" 1312
"../../../Engine/Content/Functions/Engine_MaterialFunctions01/ImageAdjustment/SCurve.uasset" 1313
"../../../Engine/Content/Functions/Engine_MaterialFunctions01/ImageAdjustment/SCurve.uexp" 1314
"../../../Engine/Content/Functions/Engine_MaterialFunctions01/ImageAdjustment/ColorCorrection.uasset" 1315
"../../../Engine/Content/Functions/Engine_MaterialFunctions01/ImageAdjustment/ColorCorrection.uexp" 1316
"../../../Engine/Content/Functions/Engine_MaterialFunctions01/Opacity/Chroma_Key_Alpha.uasset" 1317
"../../../Engine/Content/Functions/Engine_MaterialFunctions01/Opacity/Chroma_Key_Alpha.uexp" 1318
"../../../Engine/Content/Functions/Engine_MaterialFunctions01/Texturing/UVCropping.uasset" 1319
"../../../Engine/Content/Functions/Engine_MaterialFunctions01/Texturing/UVCropping.uexp" 1320
"../../../Engine/Content/EngineResources/Black.uasset" 1321
"../../../Engine/Content/EngineResources/Black.uexp" 1322
"../../../Engine/Content/MaterialTemplates/Chromakeying/MF_Chromakeyer.uasset" 1323
"../../../Engine/Content/MaterialTemplates/Chromakeying/MF_Chromakeyer.uexp" 1324
"../../../Engine/Content/Functions/Engine_MaterialFunctions02/PivotPainter2/Black_1x1_EXR_Texture.uasset" 1325
"../../../Engine/Content/Functions/Engine_MaterialFunctions02/PivotPainter2/Black_1x1_EXR_Texture.uexp" 1326
"../../../Engine/Plugins/Compositing/OpenCVLensDistortion/Content/Materials/MF_UVLensDisplacement.uasset" 1327
"../../../Engine/Plugins/Compositing/OpenCVLensDistortion/Content/Materials/MF_UVLensDisplacement.uexp" 1328
"../../../Engine/Plugins/Compositing/OpenCVLensDistortion/Content/Materials/MF_UVOutOfBoundMask.uasset" 1329
"../../../Engine/Plugins/Compositing/OpenCVLensDistortion/Content/Materials/MF_UVOutOfBoundMask.uexp" 1330
"../../../Engine/Plugins/Media/MediaFrameworkUtilities/Content/M_BaseMediaBundle.uasset" 1331
"../../../Engine/Plugins/Media/MediaFrameworkUtilities/Content/M_BaseMediaBundle.uexp" 1332
"../../../Engine/Content/Functions/Engine_MaterialFunctions01/Opacity/CameraDepthFade.uasset" 1333
"../../../Engine/Content/Functions/Engine_MaterialFunctions01/Opacity/CameraDepthFade.uexp" 1334
"../../../Engine/Content/EngineMaterials/T_Default_Material_Grid_M.ubulk" 1335
"../../../Engine/Content/EngineMaterials/T_Default_Material_Grid_M.uasset" 1336
"../../../Engine/Content/EngineMaterials/T_Default_Material_Grid_M.uexp" 1337
"../../../Engine/Content/EngineMaterials/T_Default_Material_Grid_N.ubulk" 1338
"../../../Engine/Content/EngineMaterials/T_Default_Material_Grid_N.uasset" 1339
"../../../Engine/Content/EngineMaterials/T_Default_Material_Grid_N.uexp" 1340
"../../../Engine/Content/EngineMaterials/WorldGridMaterial.uasset" 1341
"../../../Engine/Content/EngineMaterials/WorldGridMaterial.uexp" 1342
"../../../Engine/Content/BasicShapes/Plane.ubulk" 1343
"../../../Engine/Content/BasicShapes/Plane.uasset" 1344
"../../../Engine/Content/BasicShapes/Plane.uexp" 1345
"../../../Engine/Plugins/Media/MediaFrameworkUtilities/Content/T_DefaultMedia.uasset" 1346
"../../../Engine/Plugins/Media/MediaFrameworkUtilities/Content/T_DefaultMedia.uexp" 1347
"../../../Engine/Plugins/Media/MediaFrameworkUtilities/Content/M_DefaultMedia.uasset" 1348
"../../../Engine/Plugins/Media/MediaFrameworkUtilities/Content/M_DefaultMedia.uexp" 1349
"../../../Engine/Plugins/Media/MediaFrameworkUtilities/Content/BP_MediaBundle_Plane_16-9.uasset" 1350
"../../../Engine/Plugins/Media/MediaFrameworkUtilities/Content/BP_MediaBundle_Plane_16-9.uexp" 1351
"../../../Engine/Content/Functions/Engine_MaterialFunctions02/WorldPositionOffset/CameraOffset.uasset" 1352
"../../../Engine/Content/Functions/Engine_MaterialFunctions02/WorldPositionOffset/CameraOffset.uexp" 1353
"../../../Engine/Plugins/Animation/ControlRig/Content/M_Manip.uasset" 1354
"../../../Engine/Plugins/Animation/ControlRig/Content/M_Manip.uexp" 1355
"../../../Engine/Content/EditorMaterials/PreviewShadowIndicator.ubulk" 1356
"../../../Engine/Content/EditorMaterials/PreviewShadowIndicator.uasset" 1357
"../../../Engine/Content/EditorMaterials/PreviewShadowIndicator.uexp" 1358
"../../../Engine/Content/EditorMaterials/PreviewShadowIndicatorMaterial.uasset" 1359
"../../../Engine/Content/EditorMaterials/PreviewShadowIndicatorMaterial.uexp" 1360
"../../../Engine/Content/EditorMaterials/PhAT_UnselectedMaterial.uasset" 1361
"../../../Engine/Content/EditorMaterials/PhAT_UnselectedMaterial.uexp" 1362
"../../../Engine/Content/EditorMaterials/PhAT_NoCollisionMaterial.uasset" 1363
"../../../Engine/Content/EditorMaterials/PhAT_NoCollisionMaterial.uexp" 1364
"../../../Engine/Content/EditorLandscapeResources/WhiteSquareTexture.uasset" 1365
"../../../Engine/Content/EditorLandscapeResources/WhiteSquareTexture.uexp" 1366
"../../../Engine/Content/EditorLandscapeResources/LayerVisMaterial.uasset" 1367
"../../../Engine/Content/EditorLandscapeResources/LayerVisMaterial.uexp" 1368
"../../../Engine/Content/Functions/Engine_MaterialFunctions01/Texturing/ScaleUVsByCenter.uasset" 1369
"../../../Engine/Content/Functions/Engine_MaterialFunctions01/Texturing/ScaleUVsByCenter.uexp" 1370
"../../../Engine/Content/Functions/Engine_MaterialFunctions02/WorldPositionOffset/LocalPosition.uasset" 1371
"../../../Engine/Content/Functions/Engine_MaterialFunctions02/WorldPositionOffset/LocalPosition.uexp" 1372
"../../../Engine/Content/Functions/Engine_MaterialFunctions01/Debug/DebugIntValues.uasset" 1373
"../../../Engine/Content/Functions/Engine_MaterialFunctions01/Debug/DebugIntValues.uexp" 1374
"../../../Engine/Content/EditorLandscapeResources/LandscapeLayerUsageMaterial.uasset" 1375
"../../../Engine/Content/EditorLandscapeResources/LandscapeLayerUsageMaterial.uexp" 1376
"../../../Engine/Content/EditorLandscapeResources/DefaultAlphaTexture.uasset" 1377
"../../../Engine/Content/EditorLandscapeResources/DefaultAlphaTexture.uexp" 1378
"../../../Engine/Content/EditorLandscapeResources/LandscapeDirtyMaterial.uasset" 1379
"../../../Engine/Content/EditorLandscapeResources/LandscapeDirtyMaterial.uexp" 1380
"../../../Engine/Content/EngineMaterials/RemoveSurfaceMaterial.uasset" 1381
"../../../Engine/Content/EngineMaterials/RemoveSurfaceMaterial.uexp" 1382
"../../../Engine/Content/EngineMaterials/PreintegratedSkinBRDF.uasset" 1383
"../../../Engine/Content/EngineMaterials/PreintegratedSkinBRDF.uexp" 1384
"../../../Engine/Content/EngineMaterials/DefaultCalibrationGrayscale.uasset" 1385
"../../../Engine/Content/EngineMaterials/DefaultCalibrationGrayscale.uexp" 1386
"../../../Engine/Content/EngineMaterials/PPM_DefaultCalibrationGrayscale.uasset" 1387
"../../../Engine/Content/EngineMaterials/PPM_DefaultCalibrationGrayscale.uexp" 1388
"../../../Engine/Content/EngineMaterials/DefaultCalibrationColor.uasset" 1389
"../../../Engine/Content/EngineMaterials/DefaultCalibrationColor.uexp" 1390
"../../../Engine/Content/EngineMaterials/PPM_DefaultCalibrationColor.uasset" 1391
"../../../Engine/Content/EngineMaterials/PPM_DefaultCalibrationColor.uexp" 1392
"../../../Engine/Content/EngineMaterials/PhAT_JointLimitMaterial.uasset" 1393
"../../../Engine/Content/EngineMaterials/PhAT_JointLimitMaterial.uexp" 1394
"../../../Engine/Content/EngineMaterials/NaniteHiddenSectionMaterial.uasset" 1395
"../../../Engine/Content/EngineMaterials/NaniteHiddenSectionMaterial.uexp" 1396
"../../../Engine/Content/EngineMaterials/InvalidLightmapSettings.ubulk" 1397
"../../../Engine/Content/EngineMaterials/InvalidLightmapSettings.uasset" 1398
"../../../Engine/Content/EngineMaterials/InvalidLightmapSettings.uexp" 1399
"../../../Engine/Content/EngineMaterials/M_InvalidLightmapSettings.uasset" 1400
"../../../Engine/Content/EngineMaterials/M_InvalidLightmapSettings.uexp" 1401
"../../../Engine/Content/EngineMaterials/MiniFont.uasset" 1402
"../../../Engine/Content/EngineMaterials/MiniFont.uexp" 1403
"../../../Engine/Content/EngineMaterials/GizmoMaterial.uasset" 1404
"../../../Engine/Content/EngineMaterials/GizmoMaterial.uexp" 1405
"../../../Engine/Content/EngineMaterials/BaseFlattenDiffuseMap_VT.ubulk" 1406
"../../../Engine/Content/EngineMaterials/BaseFlattenDiffuseMap_VT.uasset" 1407
"../../../Engine/Content/EngineMaterials/BaseFlattenDiffuseMap_VT.uexp" 1408
"../../../Engine/Content/EngineMaterials/BaseFlattenEmissiveMap_VT.ubulk" 1409
"../../../Engine/Content/EngineMaterials/BaseFlattenEmissiveMap_VT.uasset" 1410
"../../../Engine/Content/EngineMaterials/BaseFlattenEmissiveMap_VT.uexp" 1411
"../../../Engine/Content/EngineMaterials/BaseFlattenGrayscaleMap_VT.ubulk" 1412
"../../../Engine/Content/EngineMaterials/BaseFlattenGrayscaleMap_VT.uasset" 1413
"../../../Engine/Content/EngineMaterials/BaseFlattenGrayscaleMap_VT.uexp" 1414
"../../../Engine/Content/EngineMaterials/BaseFlattenLinearColor_VT.ubulk" 1415
"../../../Engine/Content/EngineMaterials/BaseFlattenLinearColor_VT.uasset" 1416
"../../../Engine/Content/EngineMaterials/BaseFlattenLinearColor_VT.uexp" 1417
"../../../Engine/Content/EngineMaterials/BaseFlattenNormalMap_VT.ubulk" 1418
"../../../Engine/Content/EngineMaterials/BaseFlattenNormalMap_VT.uasset" 1419
"../../../Engine/Content/EngineMaterials/BaseFlattenNormalMap_VT.uexp" 1420
"../../../Engine/Content/EngineMaterials/Black_1x1_EXR_Texture_VT.ubulk" 1421
"../../../Engine/Content/EngineMaterials/Black_1x1_EXR_Texture_VT.uasset" 1422
"../../../Engine/Content/EngineMaterials/Black_1x1_EXR_Texture_VT.uexp" 1423
"../../../Engine/Content/EngineMaterials/FlattenMaterial_WS_Normal_VT.uasset" 1424
"../../../Engine/Content/EngineMaterials/FlattenMaterial_WS_Normal_VT.uexp" 1425
"../../../Engine/Content/EngineMaterials/FlattenMaterial_VT.uasset" 1426
"../../../Engine/Content/EngineMaterials/FlattenMaterial_VT.uexp" 1427
"../../../Engine/Content/EngineMaterials/BaseFlattenNormalMap.uasset" 1428
"../../../Engine/Content/EngineMaterials/BaseFlattenNormalMap.uexp" 1429
"../../../Engine/Content/EngineMaterials/BaseFlattenLinearColor.uasset" 1430
"../../../Engine/Content/EngineMaterials/BaseFlattenLinearColor.uexp" 1431
"../../../Engine/Content/EngineMaterials/BaseFlattenDiffuseMap.uasset" 1432
"../../../Engine/Content/EngineMaterials/BaseFlattenDiffuseMap.uexp" 1433
"../../../Engine/Content/EngineMaterials/BaseFlattenEmissiveMap.uasset" 1434
"../../../Engine/Content/EngineMaterials/BaseFlattenEmissiveMap.uexp" 1435
"../../../Engine/Content/EngineMaterials/BaseFlattenGrayscaleMap.uasset" 1436
"../../../Engine/Content/EngineMaterials/BaseFlattenGrayscaleMap.uexp" 1437
"../../../Engine/Content/EngineMaterials/FlattenMaterial.uasset" 1438
"../../../Engine/Content/EngineMaterials/FlattenMaterial.uexp" 1439
"../../../Engine/Content/EngineMaterials/FastBlueNoise_vec2_128x128x64.uasset" 1440
"../../../Engine/Content/EngineMaterials/FastBlueNoise_vec2_128x128x64.uexp" 1441
"../../../Engine/Content/EngineMaterials/FastBlueNoise_scalar_128x128x8.uasset" 1442
"../../../Engine/Content/EngineMaterials/FastBlueNoise_scalar_128x128x8.uexp" 1443
"../../../Engine/Content/EngineMaterials/FastBlueNoise_scalar_128x128x64.uasset" 1444
"../../../Engine/Content/EngineMaterials/FastBlueNoise_scalar_128x128x64.uexp" 1445
"../../../Engine/Content/EngineMaterials/DefaultWhiteGrid_Low.uasset" 1446
"../../../Engine/Content/EngineMaterials/DefaultWhiteGrid_Low.uexp" 1447
"../../../Engine/Content/EngineMaterials/EmissiveMeshMaterial.uasset" 1448
"../../../Engine/Content/EngineMaterials/EmissiveMeshMaterial.uexp" 1449
"../../../Engine/Content/EngineMaterials/DefaultWhiteGrid.ubulk" 1450
"../../../Engine/Content/EngineMaterials/DefaultWhiteGrid.uasset" 1451
"../../../Engine/Content/EngineMaterials/DefaultWhiteGrid.uexp" 1452
"../../../Engine/Content/EngineFonts/RobotoDistanceField.uasset" 1453
"../../../Engine/Content/EngineFonts/RobotoDistanceField.uexp" 1454
"../../../Engine/Content/EngineMaterials/DefaultTextMaterialOpaque.uasset" 1455
"../../../Engine/Content/EngineMaterials/DefaultTextMaterialOpaque.uexp" 1456
"../../../Engine/Content/EngineMaterials/DefaultPostProcessMaterial.uasset" 1457
"../../../Engine/Content/EngineMaterials/DefaultPostProcessMaterial.uexp" 1458
"../../../Engine/Content/EngineMaterials/DefaultLightFunctionMaterial.uasset" 1459
"../../../Engine/Content/EngineMaterials/DefaultLightFunctionMaterial.uexp" 1460
"../../../Engine/Content/EngineMaterials/DefaultDeferredDecalMaterial.uasset" 1461
"../../../Engine/Content/EngineMaterials/DefaultDeferredDecalMaterial.uexp" 1462
"../../../Engine/Content/EngineMaterials/DefaultBokeh.uasset" 1463
"../../../Engine/Content/EngineMaterials/DefaultBokeh.uexp" 1464
"../../../Engine/Content/EngineMaterials/DefaultBloomKernel.uasset" 1465
"../../../Engine/Content/EngineMaterials/DefaultBloomKernel.uexp" 1466
"../../../Engine/Content/Functions/Engine_MaterialFunctions02/Utility/CameraDirectionVector.uasset" 1467
"../../../Engine/Content/Functions/Engine_MaterialFunctions02/Utility/CameraDirectionVector.uexp" 1468
"../../../Engine/Content/EngineDebugMaterials/VolumeToRender.uasset" 1469
"../../../Engine/Content/EngineDebugMaterials/VolumeToRender.uexp" 1470
"../../../Engine/Content/EngineDebugMaterials/M_VolumeRenderSphereTracePP.uasset" 1471
"../../../Engine/Content/EngineDebugMaterials/M_VolumeRenderSphereTracePP.uexp" 1472
"../../../Engine/Content/EngineDebugMaterials/M_SimpleUnlitTranslucent.uasset" 1473
"../../../Engine/Content/EngineDebugMaterials/M_SimpleUnlitTranslucent.uexp" 1474
"../../../Engine/Content/EngineDebugMaterials/DebugMeshMaterial.uasset" 1475
"../../../Engine/Content/EngineDebugMaterials/DebugMeshMaterial.uexp" 1476
"../../../Engine/Content/EngineDebugMaterials/DebugEditorMaterial.uasset" 1477
"../../../Engine/Content/EngineDebugMaterials/DebugEditorMaterial.uexp" 1478
"../../../Engine/Content/EngineDamageTypes/DmgTypeBP_Environmental.uasset" 1479
"../../../Engine/Content/EngineDamageTypes/DmgTypeBP_Environmental.uexp" 1480
"../../../Engine/Content/EditorResources/S_TriggerSphere.uasset" 1481
"../../../Engine/Content/EditorResources/S_TriggerSphere.uexp" 1482
"../../../Engine/Content/EditorResources/S_TriggerCapsule.uasset" 1483
"../../../Engine/Content/EditorResources/S_TriggerCapsule.uexp" 1484
"../../../Engine/Content/EditorResources/S_TriggerBox.uasset" 1485
"../../../Engine/Content/EditorResources/S_TriggerBox.uexp" 1486
"../../../Engine/Content/EditorResources/S_Trigger.ubulk" 1487
"../../../Engine/Content/EditorResources/S_Trigger.uasset" 1488
"../../../Engine/Content/EditorResources/S_Trigger.uexp" 1489
"../../../Engine/Content/EditorResources/S_Terrain.ubulk" 1490
"../../../Engine/Content/EditorResources/S_Terrain.uasset" 1491
"../../../Engine/Content/EditorResources/S_Terrain.uexp" 1492
"../../../Engine/Content/EditorResources/S_Solver.ubulk" 1493
"../../../Engine/Content/EditorResources/S_Solver.uasset" 1494
"../../../Engine/Content/EditorResources/S_Solver.uexp" 1495
"../../../Engine/Content/EditorResources/S_BoxReflectionCapture.uasset" 1496
"../../../Engine/Content/EditorResources/S_BoxReflectionCapture.uexp" 1497
"../../../Engine/Content/EditorResources/BSPVertex.uasset" 1498
"../../../Engine/Content/EditorResources/BSPVertex.uexp" 1499
"D:/Wide_field_unreal_project/WideField_UnrealEditor/Content/UI/drag.uasset" 1500
"D:/Wide_field_unreal_project/WideField_UnrealEditor/Content/UI/drag.uexp" 1501
"D:/Wide_field_unreal_project/WideField_UnrealEditor/Content/Pictures/playpause.ubulk" 1502
"D:/Wide_field_unreal_project/WideField_UnrealEditor/Content/Pictures/playpause.uasset" 1503
"D:/Wide_field_unreal_project/WideField_UnrealEditor/Content/Pictures/playpause.uexp" 1504
"D:/Wide_field_unreal_project/WideField_UnrealEditor/Content/Pictures/play.ubulk" 1505
"D:/Wide_field_unreal_project/WideField_UnrealEditor/Content/Pictures/play.uasset" 1506
"D:/Wide_field_unreal_project/WideField_UnrealEditor/Content/Pictures/play.uexp" 1507
"D:/Wide_field_unreal_project/WideField_UnrealEditor/Content/Pictures/pause.ubulk" 1508
"D:/Wide_field_unreal_project/WideField_UnrealEditor/Content/Pictures/pause.uasset" 1509
"D:/Wide_field_unreal_project/WideField_UnrealEditor/Content/Pictures/pause.uexp" 1510
"D:/Wide_field_unreal_project/WideField_UnrealEditor/Content/Pictures/ER05.uasset" 1511
"D:/Wide_field_unreal_project/WideField_UnrealEditor/Content/Pictures/ER05.uexp" 1512
"D:/Wide_field_unreal_project/WideField_UnrealEditor/Content/Material/HIghlight.uasset" 1513
"D:/Wide_field_unreal_project/WideField_UnrealEditor/Content/Material/HIghlight.uexp" 1514
"../../../Engine/Content/BasicShapes/Cube.ubulk" 1515
"../../../Engine/Content/BasicShapes/Cube.uasset" 1516
"../../../Engine/Content/BasicShapes/Cube.uexp" 1517
"D:/Wide_field_unreal_project/WideField_UnrealEditor/Content/Laser/BPI-Laser.uasset" 1518
"D:/Wide_field_unreal_project/WideField_UnrealEditor/Content/Laser/BPI-Laser.uexp" 1519
"../../../Engine/Content/Functions/Engine_MaterialFunctions02/WorldPositionOffset/V2/ObjectScale.uasset" 1520
"../../../Engine/Content/Functions/Engine_MaterialFunctions02/WorldPositionOffset/V2/ObjectScale.uexp" 1521
"../../../Engine/Content/Functions/Engine_MaterialFunctions03/Procedurals/GeneratedBand.uasset" 1522
"../../../Engine/Content/Functions/Engine_MaterialFunctions03/Procedurals/GeneratedBand.uexp" 1523
"D:/Wide_field_unreal_project/WideField_UnrealEditor/Content/Material/M_Laser.uasset" 1524
"D:/Wide_field_unreal_project/WideField_UnrealEditor/Content/Material/M_Laser.uexp" 1525
"D:/Wide_field_unreal_project/WideField_UnrealEditor/Content/Material/Laser_Material.uasset" 1526
"D:/Wide_field_unreal_project/WideField_UnrealEditor/Content/Material/Laser_Material.uexp" 1527
"D:/Wide_field_unreal_project/WideField_UnrealEditor/Content/Laser/Laser_Cylinder.ubulk" 1528
"D:/Wide_field_unreal_project/WideField_UnrealEditor/Content/Laser/Laser_Cylinder.uasset" 1529
"D:/Wide_field_unreal_project/WideField_UnrealEditor/Content/Laser/Laser_Cylinder.uexp" 1530
"D:/Wide_field_unreal_project/WideField_UnrealEditor/Content/Laser/A_Laser.uasset" 1531
"D:/Wide_field_unreal_project/WideField_UnrealEditor/Content/Laser/A_Laser.uexp" 1532
"D:/Wide_field_unreal_project/WideField_UnrealEditor/Content/Laser/SC_Emitter.uasset" 1533
"D:/Wide_field_unreal_project/WideField_UnrealEditor/Content/Laser/SC_Emitter.uexp" 1534
"D:/Wide_field_unreal_project/WideField_UnrealEditor/Content/Laser/AC_Handler.uasset" 1535
"D:/Wide_field_unreal_project/WideField_UnrealEditor/Content/Laser/AC_Handler.uexp" 1536
"D:/Wide_field_unreal_project/WideField_UnrealEditor/Content/Laser/AC_Bounce.uasset" 1537
"D:/Wide_field_unreal_project/WideField_UnrealEditor/Content/Laser/AC_Bounce.uexp" 1538
"D:/Wide_field_unreal_project/WideField_UnrealEditor/Content/Laser/cube.uasset" 1539
"D:/Wide_field_unreal_project/WideField_UnrealEditor/Content/Laser/cube.uexp" 1540
"D:/Wide_field_unreal_project/WideField_UnrealEditor/Content/Blueprints/PC2.uasset" 1541
"D:/Wide_field_unreal_project/WideField_UnrealEditor/Content/Blueprints/PC2.uexp" 1542
"D:/Wide_field_unreal_project/WideField_UnrealEditor/Content/MouseOver.uasset" 1543
"D:/Wide_field_unreal_project/WideField_UnrealEditor/Content/MouseOver.uexp" 1544
"D:/Wide_field_unreal_project/WideField_UnrealEditor/Content/Blueprints/PC.uasset" 1545
"D:/Wide_field_unreal_project/WideField_UnrealEditor/Content/Blueprints/PC.uexp" 1546
"D:/Wide_field_unreal_project/WideField_UnrealEditor/Content/Blueprints/GM2.uasset" 1547
"D:/Wide_field_unreal_project/WideField_UnrealEditor/Content/Blueprints/GM2.uexp" 1548
"D:/Wide_field_unreal_project/WideField_UnrealEditor/Content/BluePrintObjects/TTL200-A.uasset" 1549
"D:/Wide_field_unreal_project/WideField_UnrealEditor/Content/BluePrintObjects/TTL200-A.uexp" 1550
"D:/Wide_field_unreal_project/WideField_UnrealEditor/Content/UI/PartInfo.uasset" 1551
"D:/Wide_field_unreal_project/WideField_UnrealEditor/Content/UI/PartInfo.uexp" 1552
"D:/Wide_field_unreal_project/WideField_UnrealEditor/Content/UI/WBP_PartINfo.uasset" 1553
"D:/Wide_field_unreal_project/WideField_UnrealEditor/Content/UI/WBP_PartINfo.uexp" 1554
"D:/Wide_field_unreal_project/WideField_UnrealEditor/Content/BluePrintObjects/TTL100-A.uasset" 1555
"D:/Wide_field_unreal_project/WideField_UnrealEditor/Content/BluePrintObjects/TTL100-A.uexp" 1556
"D:/Wide_field_unreal_project/WideField_UnrealEditor/Content/Material/high.uasset" 1557
"D:/Wide_field_unreal_project/WideField_UnrealEditor/Content/Material/high.uexp" 1558
"D:/Wide_field_unreal_project/WideField_UnrealEditor/Content/Material/MI_HL.uasset" 1559
"D:/Wide_field_unreal_project/WideField_UnrealEditor/Content/Material/MI_HL.uexp" 1560
"D:/Wide_field_unreal_project/WideField_UnrealEditor/Content/Pictures/TR6.uasset" 1561
"D:/Wide_field_unreal_project/WideField_UnrealEditor/Content/Pictures/TR6.uexp" 1562
"D:/Wide_field_unreal_project/WideField_UnrealEditor/Content/BluePrintObjects/TR6.uasset" 1563
"D:/Wide_field_unreal_project/WideField_UnrealEditor/Content/BluePrintObjects/TR6.uexp" 1564
"D:/Wide_field_unreal_project/WideField_UnrealEditor/Content/BluePrintObjects/TR1_5.uasset" 1565
"D:/Wide_field_unreal_project/WideField_UnrealEditor/Content/BluePrintObjects/TR1_5.uexp" 1566
"../../../Engine/Content/BasicShapes/BasicShapeMaterial.uasset" 1567
"../../../Engine/Content/BasicShapes/BasicShapeMaterial.uexp" 1568
"D:/Wide_field_unreal_project/WideField_UnrealEditor/Content/BluePrintObjects/TestingBlock.uasset" 1569
"D:/Wide_field_unreal_project/WideField_UnrealEditor/Content/BluePrintObjects/TestingBlock.uexp" 1570
"D:/Wide_field_unreal_project/WideField_UnrealEditor/Content/BluePrintObjects/SM1A39.uasset" 1571
"D:/Wide_field_unreal_project/WideField_UnrealEditor/Content/BluePrintObjects/SM1A39.uexp" 1572
"D:/Wide_field_unreal_project/WideField_UnrealEditor/Content/BluePrintObjects/SM1A2.uasset" 1573
"D:/Wide_field_unreal_project/WideField_UnrealEditor/Content/BluePrintObjects/SM1A2.uexp" 1574
"../../../Engine/Content/EngineMaterials/DefaultMaterial.uasset" 1575
"../../../Engine/Content/EngineMaterials/DefaultMaterial.uexp" 1576
"../../../Engine/Content/EngineMeshes/Cylinder.ubulk" 1577
"../../../Engine/Content/EngineMeshes/Cylinder.uasset" 1578
"../../../Engine/Content/EngineMeshes/Cylinder.uexp" 1579
"D:/Wide_field_unreal_project/WideField_UnrealEditor/Content/BluePrintObjects/SheeringMirror.uasset" 1580
"D:/Wide_field_unreal_project/WideField_UnrealEditor/Content/BluePrintObjects/SheeringMirror.uexp" 1581
"../../../Engine/Content/EngineMaterials/T_Default_Material_Grid_N_Low.uasset" 1582
"../../../Engine/Content/EngineMaterials/T_Default_Material_Grid_N_Low.uexp" 1583
"../../../Engine/Content/EngineMaterials/T_Default_Material_Grid_M_Low.uasset" 1584
"../../../Engine/Content/EngineMaterials/T_Default_Material_Grid_M_Low.uexp" 1585
"../../../Engine/Content/EngineMaterials/WorldGridMaterial_Low.uasset" 1586
"../../../Engine/Content/EngineMaterials/WorldGridMaterial_Low.uexp" 1587
"D:/Wide_field_unreal_project/WideField_UnrealEditor/Content/BluePrintObjects/S-335.uasset" 1588
"D:/Wide_field_unreal_project/WideField_UnrealEditor/Content/BluePrintObjects/S-335.uexp" 1589
"D:/Wide_field_unreal_project/WideField_UnrealEditor/Content/BluePrintObjects/RS6.uasset" 1590
"D:/Wide_field_unreal_project/WideField_UnrealEditor/Content/BluePrintObjects/RS6.uexp" 1591
"D:/Wide_field_unreal_project/WideField_UnrealEditor/Content/BluePrintObjects/RS3.uasset" 1592
"D:/Wide_field_unreal_project/WideField_UnrealEditor/Content/BluePrintObjects/RS3.uexp" 1593
"D:/Wide_field_unreal_project/WideField_UnrealEditor/Content/BluePrintObjects/ORCACamera.uasset" 1594
"D:/Wide_field_unreal_project/WideField_UnrealEditor/Content/BluePrintObjects/ORCACamera.uexp" 1595
"D:/Wide_field_unreal_project/WideField_UnrealEditor/Content/BluePrintObjects/MB1218.uasset" 1596
"D:/Wide_field_unreal_project/WideField_UnrealEditor/Content/BluePrintObjects/MB1218.uexp" 1597
"D:/Wide_field_unreal_project/WideField_UnrealEditor/Content/BluePrintObjects/LCP34.uasset" 1598
"D:/Wide_field_unreal_project/WideField_UnrealEditor/Content/BluePrintObjects/LCP34.uexp" 1599
"D:/Wide_field_unreal_project/WideField_UnrealEditor/Content/BluePrintObjects/LCP33.uasset" 1600
"D:/Wide_field_unreal_project/WideField_UnrealEditor/Content/BluePrintObjects/LCP33.uexp" 1601
"D:/Wide_field_unreal_project/WideField_UnrealEditor/Content/BluePrintObjects/KCB2C.uasset" 1602
"D:/Wide_field_unreal_project/WideField_UnrealEditor/Content/BluePrintObjects/KCB2C.uexp" 1603
"D:/Wide_field_unreal_project/WideField_UnrealEditor/Content/BluePrintObjects/GBE05-A.uasset" 1604
"D:/Wide_field_unreal_project/WideField_UnrealEditor/Content/BluePrintObjects/GBE05-A.uexp" 1605
"D:/Wide_field_unreal_project/WideField_UnrealEditor/Content/BluePrintObjects/ER4.uasset" 1606
"D:/Wide_field_unreal_project/WideField_UnrealEditor/Content/BluePrintObjects/ER4.uexp" 1607
"D:/Wide_field_unreal_project/WideField_UnrealEditor/Content/BluePrintObjects/ER3.uasset" 1608
"D:/Wide_field_unreal_project/WideField_UnrealEditor/Content/BluePrintObjects/ER3.uexp" 1609
"D:/Wide_field_unreal_project/WideField_UnrealEditor/Content/BluePrintObjects/ER1.uasset" 1610
"D:/Wide_field_unreal_project/WideField_UnrealEditor/Content/BluePrintObjects/ER1.uexp" 1611
"D:/Wide_field_unreal_project/WideField_UnrealEditor/Content/BluePrintObjects/Er05.uasset" 1612
"D:/Wide_field_unreal_project/WideField_UnrealEditor/Content/BluePrintObjects/Er05.uexp" 1613
"../../../Engine/Content/Functions/Engine_MaterialFunctions02/Math/Transform3x3Matrix.uasset" 1614
"../../../Engine/Content/Functions/Engine_MaterialFunctions02/Math/Transform3x3Matrix.uexp" 1615
"../../../Engine/Plugins/Interchange/Assets/Content/gltf/Textures/T_White_srgb.uasset" 1616
"../../../Engine/Plugins/Interchange/Assets/Content/gltf/Textures/T_White_srgb.uexp" 1617
"../../../Engine/Plugins/Interchange/Assets/Content/gltf/MaterialFunctions/MF_BaseColor.uasset" 1618
"../../../Engine/Plugins/Interchange/Assets/Content/gltf/MaterialFunctions/MF_BaseColor.uexp" 1619
"../../../Engine/Plugins/Interchange/Assets/Content/gltf/MaterialFunctions/MF_RotateV2.uasset" 1620
"../../../Engine/Plugins/Interchange/Assets/Content/gltf/MaterialFunctions/MF_RotateV2.uexp" 1621
"../../../Engine/Plugins/Interchange/Assets/Content/gltf/MaterialFunctions/MF_TransformUVs.uasset" 1622
"../../../Engine/Plugins/Interchange/Assets/Content/gltf/MaterialFunctions/MF_TransformUVs.uexp" 1623
"../../../Engine/Plugins/Interchange/Assets/Content/gltf/MaterialFunctions/MF_IOR.uasset" 1624
"../../../Engine/Plugins/Interchange/Assets/Content/gltf/MaterialFunctions/MF_IOR.uexp" 1625
"../../../Engine/Plugins/Interchange/Assets/Content/Functions/MF_IridescenceNoLUT.uasset" 1626
"../../../Engine/Plugins/Interchange/Assets/Content/Functions/MF_IridescenceNoLUT.uexp" 1627
"../../../Engine/Plugins/Interchange/Assets/Content/gltf/MaterialFunctions/MF_Iridescence.uasset" 1628
"../../../Engine/Plugins/Interchange/Assets/Content/gltf/MaterialFunctions/MF_Iridescence.uexp" 1629
"../../../Engine/Plugins/Interchange/Assets/Content/gltf/Textures/T_White_Linear.uasset" 1630
"../../../Engine/Plugins/Interchange/Assets/Content/gltf/Textures/T_White_Linear.uexp" 1631
"../../../Engine/Plugins/Interchange/Assets/Content/gltf/MaterialFunctions/MF_MetallicRoughness.uasset" 1632
"../../../Engine/Plugins/Interchange/Assets/Content/gltf/MaterialFunctions/MF_MetallicRoughness.uexp" 1633
"../../../Engine/Plugins/Interchange/Assets/Content/gltf/MaterialFunctions/MF_RotateNormals_TS.uasset" 1634
"../../../Engine/Plugins/Interchange/Assets/Content/gltf/MaterialFunctions/MF_RotateNormals_TS.uexp" 1635
"../../../Engine/Plugins/Interchange/Assets/Content/gltf/MaterialFunctions/MF_ScaleNormal.uasset" 1636
"../../../Engine/Plugins/Interchange/Assets/Content/gltf/MaterialFunctions/MF_ScaleNormal.uexp" 1637
"../../../Engine/Plugins/Interchange/Assets/Content/gltf/Textures/T_Generic_N.uasset" 1638
"../../../Engine/Plugins/Interchange/Assets/Content/gltf/Textures/T_Generic_N.uexp" 1639
"../../../Engine/Plugins/Interchange/Assets/Content/gltf/MaterialFunctions/MF_Normals.uasset" 1640
"../../../Engine/Plugins/Interchange/Assets/Content/gltf/MaterialFunctions/MF_Normals.uexp" 1641
"../../../Engine/Plugins/Interchange/Assets/Content/gltf/MaterialFunctions/MF_Occlusion.uasset" 1642
"../../../Engine/Plugins/Interchange/Assets/Content/gltf/MaterialFunctions/MF_Occlusion.uexp" 1643
"../../../Engine/Plugins/Interchange/Assets/Content/gltf/MaterialFunctions/MF_Specular.uasset" 1644
"../../../Engine/Plugins/Interchange/Assets/Content/gltf/MaterialFunctions/MF_Specular.uexp" 1645
"../../../Engine/Plugins/Interchange/Assets/Content/gltf/Textures/T_Anisotropy_Direction_Linear.uasset" 1646
"../../../Engine/Plugins/Interchange/Assets/Content/gltf/Textures/T_Anisotropy_Direction_Linear.uexp" 1647
"../../../Engine/Plugins/Interchange/Assets/Content/gltf/MaterialFunctions/MF_SpecularAnisotropy.uasset" 1648
"../../../Engine/Plugins/Interchange/Assets/Content/gltf/MaterialFunctions/MF_SpecularAnisotropy.uexp" 1649
"../../../Engine/Plugins/Interchange/Assets/Content/gltf/MaterialFunctions/MF_Emissive.uasset" 1650
"../../../Engine/Plugins/Interchange/Assets/Content/gltf/MaterialFunctions/MF_Emissive.uexp" 1651
"../../../Engine/Plugins/Interchange/Assets/Content/gltf/MaterialBodies/MF_Default_Body.uasset" 1652
"../../../Engine/Plugins/Interchange/Assets/Content/gltf/MaterialBodies/MF_Default_Body.uexp" 1653
"../../../Engine/Plugins/Interchange/Assets/Content/gltf/M_Default.uasset" 1654
"../../../Engine/Plugins/Interchange/Assets/Content/gltf/M_Default.uexp" 1655
"../../../Engine/Plugins/Interchange/Assets/Content/gltf/MaterialInstances/MI_Default_Opaque.uasset" 1656
"../../../Engine/Plugins/Interchange/Assets/Content/gltf/MaterialInstances/MI_Default_Opaque.uexp" 1657
"D:/Wide_field_unreal_project/WideField_UnrealEditor/Content/blender_ref/WideFieldTest_-_V3/Materials/defaultplastic_030.uasset" 1658
"D:/Wide_field_unreal_project/WideField_UnrealEditor/Content/blender_ref/WideFieldTest_-_V3/Materials/defaultplastic_030.uexp" 1659
"D:/Wide_field_unreal_project/WideField_UnrealEditor/Content/blender_ref/WideFieldTest_-_V3/Materials/defaultplastic_031.uasset" 1660
"D:/Wide_field_unreal_project/WideField_UnrealEditor/Content/blender_ref/WideFieldTest_-_V3/Materials/defaultplastic_031.uexp" 1661
"D:/Wide_field_unreal_project/WideField_UnrealEditor/Content/blender_ref/WideFieldTest_-_V3/Materials/defaultplastic_037.uasset" 1662
"D:/Wide_field_unreal_project/WideField_UnrealEditor/Content/blender_ref/WideFieldTest_-_V3/Materials/defaultplastic_037.uexp" 1663
"D:/Wide_field_unreal_project/WideField_UnrealEditor/Content/blender_ref/WideFieldTest_-_V3/Materials/mattealuminum_029.uasset" 1664
"D:/Wide_field_unreal_project/WideField_UnrealEditor/Content/blender_ref/WideFieldTest_-_V3/Materials/mattealuminum_029.uexp" 1665
"D:/Wide_field_unreal_project/WideField_UnrealEditor/Content/blender_ref/WideFieldTest_-_V3/Textures/Image_41.ubulk" 1666
"D:/Wide_field_unreal_project/WideField_UnrealEditor/Content/blender_ref/WideFieldTest_-_V3/Textures/Image_41.uasset" 1667
"D:/Wide_field_unreal_project/WideField_UnrealEditor/Content/blender_ref/WideFieldTest_-_V3/Textures/Image_41.uexp" 1668
"D:/Wide_field_unreal_project/WideField_UnrealEditor/Content/blender_ref/WideFieldTest_-_V3/Materials/screwthread_013.uasset" 1669
"D:/Wide_field_unreal_project/WideField_UnrealEditor/Content/blender_ref/WideFieldTest_-_V3/Materials/screwthread_013.uexp" 1670
"D:/Wide_field_unreal_project/WideField_UnrealEditor/Content/blender_ref/WideFieldTest_-_V3/Textures/Image_4012.ubulk" 1671
"D:/Wide_field_unreal_project/WideField_UnrealEditor/Content/blender_ref/WideFieldTest_-_V3/Textures/Image_4012.uasset" 1672
"D:/Wide_field_unreal_project/WideField_UnrealEditor/Content/blender_ref/WideFieldTest_-_V3/Textures/Image_4012.uexp" 1673
"D:/Wide_field_unreal_project/WideField_UnrealEditor/Content/blender_ref/WideFieldTest_-_V3/Materials/screwthread_014.uasset" 1674
"D:/Wide_field_unreal_project/WideField_UnrealEditor/Content/blender_ref/WideFieldTest_-_V3/Materials/screwthread_014.uexp" 1675
"D:/Wide_field_unreal_project/WideField_UnrealEditor/Content/blender_ref/WideFieldTest_-_V3/Textures/Image_3912.ubulk" 1676
"D:/Wide_field_unreal_project/WideField_UnrealEditor/Content/blender_ref/WideFieldTest_-_V3/Textures/Image_3912.uasset" 1677
"D:/Wide_field_unreal_project/WideField_UnrealEditor/Content/blender_ref/WideFieldTest_-_V3/Textures/Image_3912.uexp" 1678
"D:/Wide_field_unreal_project/WideField_UnrealEditor/Content/blender_ref/WideFieldTest_-_V3/Materials/screwthread_015.uasset" 1679
"D:/Wide_field_unreal_project/WideField_UnrealEditor/Content/blender_ref/WideFieldTest_-_V3/Materials/screwthread_015.uexp" 1680
"D:/Wide_field_unreal_project/WideField_UnrealEditor/Content/blender_ref/WideFieldTest_-_V3/Textures/Image_3812.ubulk" 1681
"D:/Wide_field_unreal_project/WideField_UnrealEditor/Content/blender_ref/WideFieldTest_-_V3/Textures/Image_3812.uasset" 1682
"D:/Wide_field_unreal_project/WideField_UnrealEditor/Content/blender_ref/WideFieldTest_-_V3/Textures/Image_3812.uexp" 1683
"D:/Wide_field_unreal_project/WideField_UnrealEditor/Content/blender_ref/WideFieldTest_-_V3/Materials/screwthread_016.uasset" 1684
"D:/Wide_field_unreal_project/WideField_UnrealEditor/Content/blender_ref/WideFieldTest_-_V3/Materials/screwthread_016.uexp" 1685
"D:/Wide_field_unreal_project/WideField_UnrealEditor/Content/blender_ref/WideFieldTest_-_V3/StaticMeshes/CP42-Solidworks-1_001.ubulk" 1686
"D:/Wide_field_unreal_project/WideField_UnrealEditor/Content/blender_ref/WideFieldTest_-_V3/StaticMeshes/CP42-Solidworks-1_001.uasset" 1687
"D:/Wide_field_unreal_project/WideField_UnrealEditor/Content/blender_ref/WideFieldTest_-_V3/StaticMeshes/CP42-Solidworks-1_001.uexp" 1688
"D:/Wide_field_unreal_project/WideField_UnrealEditor/Content/blender_ref/WideFieldTest_-_V3/Materials/defaultplastic_060.uasset" 1689
"D:/Wide_field_unreal_project/WideField_UnrealEditor/Content/blender_ref/WideFieldTest_-_V3/Materials/defaultplastic_060.uexp" 1690
"D:/Wide_field_unreal_project/WideField_UnrealEditor/Content/blender_ref/WideFieldTest_-_V3/Materials/Material_83_001.uasset" 1691
"D:/Wide_field_unreal_project/WideField_UnrealEditor/Content/blender_ref/WideFieldTest_-_V3/Materials/Material_83_001.uexp" 1692
"D:/Wide_field_unreal_project/WideField_UnrealEditor/Content/blender_ref/WideFieldTest_-_V3/Materials/SteelPlainCarbon_002.uasset" 1693
"D:/Wide_field_unreal_project/WideField_UnrealEditor/Content/blender_ref/WideFieldTest_-_V3/Materials/SteelPlainCarbon_002.uexp" 1694
"D:/Wide_field_unreal_project/WideField_UnrealEditor/Content/blender_ref/WideFieldTest_-_V3/StaticMeshes/ER6-Solidworks-1.ubulk" 1695
"D:/Wide_field_unreal_project/WideField_UnrealEditor/Content/blender_ref/WideFieldTest_-_V3/StaticMeshes/ER6-Solidworks-1.uasset" 1696
"D:/Wide_field_unreal_project/WideField_UnrealEditor/Content/blender_ref/WideFieldTest_-_V3/StaticMeshes/ER6-Solidworks-1.uexp" 1697
"D:/Wide_field_unreal_project/WideField_UnrealEditor/Content/blender_ref/WideFieldTest_-_V3/Materials/defaultplastic_128.uasset" 1698
"D:/Wide_field_unreal_project/WideField_UnrealEditor/Content/blender_ref/WideFieldTest_-_V3/Materials/defaultplastic_128.uexp" 1699
"D:/Wide_field_unreal_project/WideField_UnrealEditor/Content/blender_ref/WideFieldTest_-_V3/Materials/mattesteel_008.uasset" 1700
"D:/Wide_field_unreal_project/WideField_UnrealEditor/Content/blender_ref/WideFieldTest_-_V3/Materials/mattesteel_008.uexp" 1701
"D:/Wide_field_unreal_project/WideField_UnrealEditor/Content/blender_ref/WideFieldTest_-_V3/Textures/thread12345678910111213141516171819202122232425262728.ubulk" 1702
"D:/Wide_field_unreal_project/WideField_UnrealEditor/Content/blender_ref/WideFieldTest_-_V3/Textures/thread12345678910111213141516171819202122232425262728.uasset" 1703
"D:/Wide_field_unreal_project/WideField_UnrealEditor/Content/blender_ref/WideFieldTest_-_V3/Textures/thread12345678910111213141516171819202122232425262728.uexp" 1704
"D:/Wide_field_unreal_project/WideField_UnrealEditor/Content/blender_ref/WideFieldTest_-_V3/Materials/texture_062.uasset" 1705
"D:/Wide_field_unreal_project/WideField_UnrealEditor/Content/blender_ref/WideFieldTest_-_V3/Materials/texture_062.uexp" 1706
"D:/Wide_field_unreal_project/WideField_UnrealEditor/Content/blender_ref/WideFieldTest_-_V3/StaticMeshes/TR2-Solidworks-3_002.ubulk" 1707
"D:/Wide_field_unreal_project/WideField_UnrealEditor/Content/blender_ref/WideFieldTest_-_V3/StaticMeshes/TR2-Solidworks-3_002.uasset" 1708
"D:/Wide_field_unreal_project/WideField_UnrealEditor/Content/blender_ref/WideFieldTest_-_V3/StaticMeshes/TR2-Solidworks-3_002.uexp" 1709
"D:/Wide_field_unreal_project/WideField_UnrealEditor/Content/blender_ref/WideFieldTest_-_V3/Materials/defaultplastic_054.uasset" 1710
"D:/Wide_field_unreal_project/WideField_UnrealEditor/Content/blender_ref/WideFieldTest_-_V3/Materials/defaultplastic_054.uexp" 1711
"D:/Wide_field_unreal_project/WideField_UnrealEditor/Content/blender_ref/WideFieldTest_-_V3/Materials/defaultplastic_053.uasset" 1712
"D:/Wide_field_unreal_project/WideField_UnrealEditor/Content/blender_ref/WideFieldTest_-_V3/Materials/defaultplastic_053.uexp" 1713
"D:/Wide_field_unreal_project/WideField_UnrealEditor/Content/blender_ref/WideFieldTest_-_V3/Materials/polishedsteel_001.uasset" 1714
"D:/Wide_field_unreal_project/WideField_UnrealEditor/Content/blender_ref/WideFieldTest_-_V3/Materials/polishedsteel_001.uexp" 1715
"D:/Wide_field_unreal_project/WideField_UnrealEditor/Content/blender_ref/WideFieldTest_-_V3/Textures/thread1.ubulk" 1716
"D:/Wide_field_unreal_project/WideField_UnrealEditor/Content/blender_ref/WideFieldTest_-_V3/Textures/thread1.uasset" 1717
"D:/Wide_field_unreal_project/WideField_UnrealEditor/Content/blender_ref/WideFieldTest_-_V3/Textures/thread1.uexp" 1718
"D:/Wide_field_unreal_project/WideField_UnrealEditor/Content/blender_ref/WideFieldTest_-_V3/Textures/thread.ubulk" 1719
"D:/Wide_field_unreal_project/WideField_UnrealEditor/Content/blender_ref/WideFieldTest_-_V3/Textures/thread.uasset" 1720
"D:/Wide_field_unreal_project/WideField_UnrealEditor/Content/blender_ref/WideFieldTest_-_V3/Textures/thread.uexp" 1721
"D:/Wide_field_unreal_project/WideField_UnrealEditor/Content/blender_ref/WideFieldTest_-_V3/Materials/screwthread_026.uasset" 1722
"D:/Wide_field_unreal_project/WideField_UnrealEditor/Content/blender_ref/WideFieldTest_-_V3/Materials/screwthread_026.uexp" 1723
"D:/Wide_field_unreal_project/WideField_UnrealEditor/Content/blender_ref/WideFieldTest_-_V3/StaticMeshes/BE1-Solidworks-6.ubulk" 1724
"D:/Wide_field_unreal_project/WideField_UnrealEditor/Content/blender_ref/WideFieldTest_-_V3/StaticMeshes/BE1-Solidworks-6.uasset" 1725
"D:/Wide_field_unreal_project/WideField_UnrealEditor/Content/blender_ref/WideFieldTest_-_V3/StaticMeshes/BE1-Solidworks-6.uexp" 1726
"D:/Wide_field_unreal_project/WideField_UnrealEditor/Content/BluePrintObjects/BE1.uasset" 1727
"D:/Wide_field_unreal_project/WideField_UnrealEditor/Content/BluePrintObjects/BE1.uexp" 1728
"D:/Wide_field_unreal_project/WideField_UnrealEditor/Content/blender_ref/WideFieldTest_-_V3/Materials/defaultplastic_129.uasset" 1729
"D:/Wide_field_unreal_project/WideField_UnrealEditor/Content/blender_ref/WideFieldTest_-_V3/Materials/defaultplastic_129.uexp" 1730
"D:/Wide_field_unreal_project/WideField_UnrealEditor/Content/blender_ref/WideFieldTest_-_V3/StaticMeshes/RS2-Solidworks__1_-6_001.ubulk" 1731
"D:/Wide_field_unreal_project/WideField_UnrealEditor/Content/blender_ref/WideFieldTest_-_V3/StaticMeshes/RS2-Solidworks__1_-6_001.uasset" 1732
"D:/Wide_field_unreal_project/WideField_UnrealEditor/Content/blender_ref/WideFieldTest_-_V3/StaticMeshes/RS2-Solidworks__1_-6_001.uexp" 1733
"D:/Wide_field_unreal_project/WideField_UnrealEditor/Content/BluePrintObjects/RS2.uasset" 1734
"D:/Wide_field_unreal_project/WideField_UnrealEditor/Content/BluePrintObjects/RS2.uexp" 1735
"../../../Engine/Content/Functions/Engine_MaterialFunctions02/WorldPositionOffset/ObjectScale.uasset" 1736
"../../../Engine/Content/Functions/Engine_MaterialFunctions02/WorldPositionOffset/ObjectScale.uexp" 1737
"../../../Engine/Plugins/Enterprise/DatasmithContent/Content/Materials/_common/MaterialFunctions/MF_RotateV2.uasset" 1738
"../../../Engine/Plugins/Enterprise/DatasmithContent/Content/Materials/_common/MaterialFunctions/MF_RotateV2.uexp" 1739
"../../../Engine/Plugins/Enterprise/DatasmithContent/Content/Materials/_common/MaterialFunctions/MF_Triplanar_Mask.uasset" 1740
"../../../Engine/Plugins/Enterprise/DatasmithContent/Content/Materials/_common/MaterialFunctions/MF_Triplanar_Mask.uexp" 1741
"../../../Engine/Plugins/Enterprise/DatasmithContent/Content/Materials/_common/MaterialFunctions/MF_TriplanerProj.uasset" 1742
"../../../Engine/Plugins/Enterprise/DatasmithContent/Content/Materials/_common/MaterialFunctions/MF_TriplanerProj.uexp" 1743
"../../../Engine/Plugins/Enterprise/DatasmithContent/Content/Materials/_common/MaterialFunctions/RayTracing/MF_RTSwitch.uasset" 1744
"../../../Engine/Plugins/Enterprise/DatasmithContent/Content/Materials/_common/MaterialFunctions/RayTracing/MF_RTSwitch.uexp" 1745
"../../../Engine/Content/Functions/Engine_MaterialFunctions02/Math/InverseTransformMatrix.uasset" 1746
"../../../Engine/Content/Functions/Engine_MaterialFunctions02/Math/InverseTransformMatrix.uexp" 1747
"../../../Engine/Plugins/Enterprise/DatasmithContent/Content/Materials/_common/MaterialFunctions/MF_ViewTrace_DerivedTan.uasset" 1748
"../../../Engine/Plugins/Enterprise/DatasmithContent/Content/Materials/_common/MaterialFunctions/MF_ViewTrace_DerivedTan.uexp" 1749
"../../../Engine/Plugins/Enterprise/DatasmithContent/Content/Materials/_common/MaterialFunctions/MF_TransUVs.uasset" 1750
"../../../Engine/Plugins/Enterprise/DatasmithContent/Content/Materials/_common/MaterialFunctions/MF_TransUVs.uexp" 1751
"../../../Engine/Plugins/Enterprise/DatasmithContent/Content/Materials/_common/MaterialFunctions/BaseModules/MF_TransformUVs.uasset" 1752
"../../../Engine/Plugins/Enterprise/DatasmithContent/Content/Materials/_common/MaterialFunctions/BaseModules/MF_TransformUVs.uexp" 1753
"../../../Engine/Plugins/Enterprise/DatasmithContent/Content/Materials/_common/Textures/T_Generic_N.uasset" 1754
"../../../Engine/Plugins/Enterprise/DatasmithContent/Content/Materials/_common/Textures/T_Generic_N.uexp" 1755
"../../../Engine/Plugins/Enterprise/DatasmithContent/Content/Materials/_common/MaterialFunctions/MF_Triplanar_NormalsCorrection.uasset" 1756
"../../../Engine/Plugins/Enterprise/DatasmithContent/Content/Materials/_common/MaterialFunctions/MF_Triplanar_NormalsCorrection.uexp" 1757
"../../../Engine/Plugins/Enterprise/DatasmithContent/Content/Materials/_common/MaterialFunctions/BaseModules/MF_Normals.uasset" 1758
"../../../Engine/Plugins/Enterprise/DatasmithContent/Content/Materials/_common/MaterialFunctions/BaseModules/MF_Normals.uexp" 1759
"../../../Engine/Plugins/Enterprise/DatasmithContent/Content/Materials/_common/Textures/T_Generic_E.uasset" 1760
"../../../Engine/Plugins/Enterprise/DatasmithContent/Content/Materials/_common/Textures/T_Generic_E.uexp" 1761
"../../../Engine/Plugins/Enterprise/DatasmithContent/Content/Materials/_common/MaterialFunctions/BaseModules/MF_Emissive.uasset" 1762
"../../../Engine/Plugins/Enterprise/DatasmithContent/Content/Materials/_common/MaterialFunctions/BaseModules/MF_Emissive.uexp" 1763
"../../../Engine/Plugins/Enterprise/DatasmithContent/Content/Materials/_common/Textures/T_GenericHalfGray_R.uasset" 1764
"../../../Engine/Plugins/Enterprise/DatasmithContent/Content/Materials/_common/Textures/T_GenericHalfGray_R.uexp" 1765
"../../../Engine/Plugins/Enterprise/DatasmithContent/Content/Materials/_common/MaterialFunctions/BaseModules/MF_Roughness.uasset" 1766
"../../../Engine/Plugins/Enterprise/DatasmithContent/Content/Materials/_common/MaterialFunctions/BaseModules/MF_Roughness.uexp" 1767
"../../../Engine/Plugins/Enterprise/DatasmithContent/Content/Materials/_common/Textures/T_Generic_BC.uasset" 1768
"../../../Engine/Plugins/Enterprise/DatasmithContent/Content/Materials/_common/Textures/T_Generic_BC.uexp" 1769
"../../../Engine/Plugins/Enterprise/DatasmithContent/Content/Materials/_common/Textures/T_Generic_M.uasset" 1770
"../../../Engine/Plugins/Enterprise/DatasmithContent/Content/Materials/_common/Textures/T_Generic_M.uexp" 1771
"../../../Engine/Plugins/Enterprise/DatasmithContent/Content/Materials/_common/MaterialFunctions/BaseModules/MF_BaseColor.uasset" 1772
"../../../Engine/Plugins/Enterprise/DatasmithContent/Content/Materials/_common/MaterialFunctions/BaseModules/MF_BaseColor.uexp" 1773
"../../../Engine/Plugins/Enterprise/DatasmithContent/Content/Materials/_common/Textures/T_Generic_H.uasset" 1774
"../../../Engine/Plugins/Enterprise/DatasmithContent/Content/Materials/_common/Textures/T_Generic_H.uexp" 1775
"../../../Engine/Plugins/Enterprise/DatasmithContent/Content/Materials/_common/MaterialFunctions/MF_ViewTrace_InternalTan.uasset" 1776
"../../../Engine/Plugins/Enterprise/DatasmithContent/Content/Materials/_common/MaterialFunctions/MF_ViewTrace_InternalTan.uexp" 1777
"../../../Engine/Plugins/Enterprise/DatasmithContent/Content/Materials/_common/MaterialFunctions/BaseModules/MF_ParallaxOcc.uasset" 1778
"../../../Engine/Plugins/Enterprise/DatasmithContent/Content/Materials/_common/MaterialFunctions/BaseModules/MF_ParallaxOcc.uexp" 1779
"../../../Engine/Plugins/Enterprise/DatasmithContent/Content/Materials/_common/Textures/T_Generic_MT.uasset" 1780
"../../../Engine/Plugins/Enterprise/DatasmithContent/Content/Materials/_common/Textures/T_Generic_MT.uexp" 1781
"../../../Engine/Plugins/Enterprise/DatasmithContent/Content/Materials/_common/MaterialFunctions/BaseModules/MF_Metallic.uasset" 1782
"../../../Engine/Plugins/Enterprise/DatasmithContent/Content/Materials/_common/MaterialFunctions/BaseModules/MF_Metallic.uexp" 1783
"../../../Engine/Plugins/Enterprise/DatasmithContent/Content/Materials/StdOpaque/MFAttr_StdOpaque.uasset" 1784
"../../../Engine/Plugins/Enterprise/DatasmithContent/Content/Materials/StdOpaque/MFAttr_StdOpaque.uexp" 1785
"../../../Engine/Plugins/Enterprise/DatasmithContent/Content/Materials/StdOpaque/M_StdOpaque.uasset" 1786
"../../../Engine/Plugins/Enterprise/DatasmithContent/Content/Materials/StdOpaque/M_StdOpaque.uexp" 1787
"D:/Wide_field_unreal_project/WideField_UnrealEditor/Content/Solidworks_ref/Vaishakh_TIRF_SLDASM/Materials/color_977209734_.uasset" 1788
"D:/Wide_field_unreal_project/WideField_UnrealEditor/Content/Solidworks_ref/Vaishakh_TIRF_SLDASM/Materials/color_977209734_.uexp" 1789
"D:/Wide_field_unreal_project/WideField_UnrealEditor/Content/Solidworks_ref/Vaishakh_TIRF_SLDASM/Materials/color_1914154566_.uasset" 1790
"D:/Wide_field_unreal_project/WideField_UnrealEditor/Content/Solidworks_ref/Vaishakh_TIRF_SLDASM/Materials/color_1914154566_.uexp" 1791
"D:/Wide_field_unreal_project/WideField_UnrealEditor/Content/Solidworks_ref/Vaishakh_TIRF_SLDASM/Materials/screw_thread_1480802456_.uasset" 1792
"D:/Wide_field_unreal_project/WideField_UnrealEditor/Content/Solidworks_ref/Vaishakh_TIRF_SLDASM/Materials/screw_thread_1480802456_.uexp" 1793
"D:/Wide_field_unreal_project/WideField_UnrealEditor/Content/Solidworks_ref/Vaishakh_TIRF_SLDASM/Materials/matte_aluminum_127930722_.uasset" 1794
"D:/Wide_field_unreal_project/WideField_UnrealEditor/Content/Solidworks_ref/Vaishakh_TIRF_SLDASM/Materials/matte_aluminum_127930722_.uexp" 1795
"D:/Wide_field_unreal_project/WideField_UnrealEditor/Content/Solidworks_ref/Vaishakh_TIRF_SLDASM/Materials/black_threading1_97076536_.uasset" 1796
"D:/Wide_field_unreal_project/WideField_UnrealEditor/Content/Solidworks_ref/Vaishakh_TIRF_SLDASM/Materials/black_threading1_97076536_.uexp" 1797
"D:/Wide_field_unreal_project/WideField_UnrealEditor/Content/Solidworks_ref/Vaishakh_TIRF_SLDASM/Materials/carbon_steel_10009843_.uasset" 1798
"D:/Wide_field_unreal_project/WideField_UnrealEditor/Content/Solidworks_ref/Vaishakh_TIRF_SLDASM/Materials/carbon_steel_10009843_.uexp" 1799
"D:/Wide_field_unreal_project/WideField_UnrealEditor/Content/Solidworks_ref/Vaishakh_TIRF_SLDASM/Materials/blackwaffle_1468189839_.uasset" 1800
"D:/Wide_field_unreal_project/WideField_UnrealEditor/Content/Solidworks_ref/Vaishakh_TIRF_SLDASM/Materials/blackwaffle_1468189839_.uexp" 1801
"D:/Wide_field_unreal_project/WideField_UnrealEditor/Content/Solidworks_ref/Vaishakh_TIRF_SLDASM/Materials/brassthreading1_316094669_.uasset" 1802
"D:/Wide_field_unreal_project/WideField_UnrealEditor/Content/Solidworks_ref/Vaishakh_TIRF_SLDASM/Materials/brassthreading1_316094669_.uexp" 1803
"D:/Wide_field_unreal_project/WideField_UnrealEditor/Content/Solidworks_ref/Vaishakh_TIRF_SLDASM/Materials/color_1238446109_.uasset" 1804
"D:/Wide_field_unreal_project/WideField_UnrealEditor/Content/Solidworks_ref/Vaishakh_TIRF_SLDASM/Materials/color_1238446109_.uexp" 1805
"D:/Wide_field_unreal_project/WideField_UnrealEditor/Content/Solidworks_ref/Vaishakh_TIRF_SLDASM/Materials/satin_finish_stainless_steel_508497633_.uasset" 1806
"D:/Wide_field_unreal_project/WideField_UnrealEditor/Content/Solidworks_ref/Vaishakh_TIRF_SLDASM/Materials/satin_finish_stainless_steel_508497633_.uexp" 1807
"D:/Wide_field_unreal_project/WideField_UnrealEditor/Content/Solidworks_ref/Vaishakh_TIRF_SLDASM/Geometries/PH1-Solidworks-1_Mesh.ubulk" 1808
"D:/Wide_field_unreal_project/WideField_UnrealEditor/Content/Solidworks_ref/Vaishakh_TIRF_SLDASM/Geometries/PH1-Solidworks-1_Mesh.uasset" 1809
"D:/Wide_field_unreal_project/WideField_UnrealEditor/Content/Solidworks_ref/Vaishakh_TIRF_SLDASM/Geometries/PH1-Solidworks-1_Mesh.uexp" 1810
"D:/Wide_field_unreal_project/WideField_UnrealEditor/Content/BluePrintObjects/PH1.uasset" 1811
"D:/Wide_field_unreal_project/WideField_UnrealEditor/Content/BluePrintObjects/PH1.uexp" 1812
"D:/Wide_field_unreal_project/WideField_UnrealEditor/Content/Solidworks_ref/Vaishakh_TIRF_SLDASM/Geometries/PH2-Solidworks-1_Mesh.ubulk" 1813
"D:/Wide_field_unreal_project/WideField_UnrealEditor/Content/Solidworks_ref/Vaishakh_TIRF_SLDASM/Geometries/PH2-Solidworks-1_Mesh.uasset" 1814
"D:/Wide_field_unreal_project/WideField_UnrealEditor/Content/Solidworks_ref/Vaishakh_TIRF_SLDASM/Geometries/PH2-Solidworks-1_Mesh.uexp" 1815
"D:/Wide_field_unreal_project/WideField_UnrealEditor/Content/BluePrintObjects/PH2.uasset" 1816
"D:/Wide_field_unreal_project/WideField_UnrealEditor/Content/BluePrintObjects/PH2.uexp" 1817
"D:/Wide_field_unreal_project/WideField_UnrealEditor/Content/BluePrintObjects/TR2.uasset" 1818
"D:/Wide_field_unreal_project/WideField_UnrealEditor/Content/BluePrintObjects/TR2.uexp" 1819
"D:/Wide_field_unreal_project/WideField_UnrealEditor/Content/Solidworks_ref/Vaishakh_TIRF_SLDASM/Materials/color_2034381057_.uasset" 1820
"D:/Wide_field_unreal_project/WideField_UnrealEditor/Content/Solidworks_ref/Vaishakh_TIRF_SLDASM/Materials/color_2034381057_.uexp" 1821
"D:/Wide_field_unreal_project/WideField_UnrealEditor/Content/Solidworks_ref/Vaishakh_TIRF_SLDASM/Textures/thread.ubulk" 1822
"D:/Wide_field_unreal_project/WideField_UnrealEditor/Content/Solidworks_ref/Vaishakh_TIRF_SLDASM/Textures/thread.uasset" 1823
"D:/Wide_field_unreal_project/WideField_UnrealEditor/Content/Solidworks_ref/Vaishakh_TIRF_SLDASM/Textures/thread.uexp" 1824
"D:/Wide_field_unreal_project/WideField_UnrealEditor/Content/Solidworks_ref/Vaishakh_TIRF_SLDASM/Materials/texture_1317178752_.uasset" 1825
"D:/Wide_field_unreal_project/WideField_UnrealEditor/Content/Solidworks_ref/Vaishakh_TIRF_SLDASM/Materials/texture_1317178752_.uexp" 1826
"D:/Wide_field_unreal_project/WideField_UnrealEditor/Content/Solidworks_ref/Vaishakh_TIRF_SLDASM/Materials/matte_steel_1768424835_.uasset" 1827
"D:/Wide_field_unreal_project/WideField_UnrealEditor/Content/Solidworks_ref/Vaishakh_TIRF_SLDASM/Materials/matte_steel_1768424835_.uexp" 1828
"D:/Wide_field_unreal_project/WideField_UnrealEditor/Content/Solidworks_ref/Vaishakh_TIRF_SLDASM/Geometries/TR1-Solidworks-1_Mesh.ubulk" 1829
"D:/Wide_field_unreal_project/WideField_UnrealEditor/Content/Solidworks_ref/Vaishakh_TIRF_SLDASM/Geometries/TR1-Solidworks-1_Mesh.uasset" 1830
"D:/Wide_field_unreal_project/WideField_UnrealEditor/Content/Solidworks_ref/Vaishakh_TIRF_SLDASM/Geometries/TR1-Solidworks-1_Mesh.uexp" 1831
"D:/Wide_field_unreal_project/WideField_UnrealEditor/Content/BluePrintObjects/TR1.uasset" 1832
"D:/Wide_field_unreal_project/WideField_UnrealEditor/Content/BluePrintObjects/TR1.uexp" 1833
"D:/Wide_field_unreal_project/WideField_UnrealEditor/Content/Solidworks_ref/Vaishakh_TIRF_SLDASM/Materials/matte_aluminum_1489581185_.uasset" 1834
"D:/Wide_field_unreal_project/WideField_UnrealEditor/Content/Solidworks_ref/Vaishakh_TIRF_SLDASM/Materials/matte_aluminum_1489581185_.uexp" 1835
"D:/Wide_field_unreal_project/WideField_UnrealEditor/Content/Solidworks_ref/Vaishakh_TIRF_SLDASM/Materials/screw_thread_754972524_.uasset" 1836
"D:/Wide_field_unreal_project/WideField_UnrealEditor/Content/Solidworks_ref/Vaishakh_TIRF_SLDASM/Materials/screw_thread_754972524_.uexp" 1837
"D:/Wide_field_unreal_project/WideField_UnrealEditor/Content/Solidworks_ref/Vaishakh_TIRF_SLDASM/Materials/matte_aluminum_1979830821_.uasset" 1838
"D:/Wide_field_unreal_project/WideField_UnrealEditor/Content/Solidworks_ref/Vaishakh_TIRF_SLDASM/Materials/matte_aluminum_1979830821_.uexp" 1839
"D:/Wide_field_unreal_project/WideField_UnrealEditor/Content/Solidworks_ref/Vaishakh_TIRF_SLDASM/Geometries/CP33-Solidworks-1_Mesh.ubulk" 1840
"D:/Wide_field_unreal_project/WideField_UnrealEditor/Content/Solidworks_ref/Vaishakh_TIRF_SLDASM/Geometries/CP33-Solidworks-1_Mesh.uasset" 1841
"D:/Wide_field_unreal_project/WideField_UnrealEditor/Content/Solidworks_ref/Vaishakh_TIRF_SLDASM/Geometries/CP33-Solidworks-1_Mesh.uexp" 1842
"D:/Wide_field_unreal_project/WideField_UnrealEditor/Content/BluePrintObjects/CP33.uasset" 1843
"D:/Wide_field_unreal_project/WideField_UnrealEditor/Content/BluePrintObjects/CP33.uexp" 1844
"D:/Wide_field_unreal_project/WideField_UnrealEditor/Content/Solidworks_ref/Vaishakh_TIRF_SLDASM/Materials/matte_aluminum_1744151381_.uasset" 1845
"D:/Wide_field_unreal_project/WideField_UnrealEditor/Content/Solidworks_ref/Vaishakh_TIRF_SLDASM/Materials/matte_aluminum_1744151381_.uexp" 1846
"D:/Wide_field_unreal_project/WideField_UnrealEditor/Content/Solidworks_ref/Vaishakh_TIRF_SLDASM/Geometries/ER2-Solidworks-1_Mesh.ubulk" 1847
"D:/Wide_field_unreal_project/WideField_UnrealEditor/Content/Solidworks_ref/Vaishakh_TIRF_SLDASM/Geometries/ER2-Solidworks-1_Mesh.uasset" 1848
"D:/Wide_field_unreal_project/WideField_UnrealEditor/Content/Solidworks_ref/Vaishakh_TIRF_SLDASM/Geometries/ER2-Solidworks-1_Mesh.uexp" 1849
"D:/Wide_field_unreal_project/WideField_UnrealEditor/Content/BluePrintObjects/ER2.uasset" 1850
"D:/Wide_field_unreal_project/WideField_UnrealEditor/Content/BluePrintObjects/ER2.uexp" 1851
"D:/Wide_field_unreal_project/WideField_UnrealEditor/Content/BluePrintObjects/ER6.uasset" 1852
"D:/Wide_field_unreal_project/WideField_UnrealEditor/Content/BluePrintObjects/ER6.uexp" 1853
"D:/Wide_field_unreal_project/WideField_UnrealEditor/Content/BluePrintObjects/CP42.uasset" 1854
"D:/Wide_field_unreal_project/WideField_UnrealEditor/Content/BluePrintObjects/CP42.uexp" 1855
"D:/Wide_field_unreal_project/WideField_UnrealEditor/Content/BluePrintObjects/CP33t.uasset" 1856
"D:/Wide_field_unreal_project/WideField_UnrealEditor/Content/BluePrintObjects/CP33t.uexp" 1857
"D:/Wide_field_unreal_project/WideField_UnrealEditor/Content/BluePrintObjects/CF125.uasset" 1858
"D:/Wide_field_unreal_project/WideField_UnrealEditor/Content/BluePrintObjects/CF125.uexp" 1859
"../../../Engine/Plugins/VirtualProduction/CameraCalibrationCore/Content/Materials/M_DefaultOddSquare.uasset" 1860
"../../../Engine/Plugins/VirtualProduction/CameraCalibrationCore/Content/Materials/M_DefaultOddSquare.uexp" 1861
"../../../Engine/Plugins/VirtualProduction/CameraCalibrationCore/Content/Materials/M_DefaultEvenSquare.uasset" 1862
"../../../Engine/Plugins/VirtualProduction/CameraCalibrationCore/Content/Materials/M_DefaultEvenSquare.uexp" 1863
"../../../Engine/Plugins/Runtime/nDisplay/Content/Textures/T_TrackingMarker_A.uasset" 1864
"../../../Engine/Plugins/Runtime/nDisplay/Content/Textures/T_TrackingMarker_A.uexp" 1865
"../../../Engine/Plugins/Runtime/nDisplay/Content/Icons/S_nDisplayViewOrigin.uasset" 1866
"../../../Engine/Plugins/Runtime/nDisplay/Content/Icons/S_nDisplayViewOrigin.uexp" 1867
"../../../Engine/Plugins/Runtime/HDRIBackdrop/Content/Textures/approaching_storm_4k.uasset" 1868
"../../../Engine/Plugins/Runtime/HDRIBackdrop/Content/Textures/approaching_storm_4k.uexp" 1869
"../../../Engine/Plugins/Runtime/HDRIBackdrop/Content/Meshes/EnviroDome.ubulk" 1870
"../../../Engine/Plugins/Runtime/HDRIBackdrop/Content/Meshes/EnviroDome.uasset" 1871
"../../../Engine/Plugins/Runtime/HDRIBackdrop/Content/Meshes/EnviroDome.uexp" 1872
"../../../Engine/Content/Functions/Engine_MaterialFunctions02/WorldPositionOffset/ObjectPivotPoint.uasset" 1873
"../../../Engine/Content/Functions/Engine_MaterialFunctions02/WorldPositionOffset/ObjectPivotPoint.uexp" 1874
"../../../Engine/Plugins/Runtime/HDRIBackdrop/Content/Materials/HDRI_Attributes.uasset" 1875
"../../../Engine/Plugins/Runtime/HDRIBackdrop/Content/Materials/HDRI_Attributes.uexp" 1876
"../../../Engine/Content/EngineResources/DefaultTextureCube.uasset" 1877
"../../../Engine/Content/EngineResources/DefaultTextureCube.uexp" 1878
"../../../Engine/Plugins/Runtime/HDRIBackdrop/Content/Materials/HDRI_Projection_Sky.uasset" 1879
"../../../Engine/Plugins/Runtime/HDRIBackdrop/Content/Materials/HDRI_Projection_Sky.uexp" 1880
"../../../Engine/Plugins/Runtime/HDRIBackdrop/Content/Materials/MI_HDRI_Sky.uasset" 1881
"../../../Engine/Plugins/Runtime/HDRIBackdrop/Content/Materials/MI_HDRI_Sky.uexp" 1882
"../../../Engine/Plugins/Runtime/HDRIBackdrop/Content/Materials/HDRI_Projection_Floor.uasset" 1883
"../../../Engine/Plugins/Runtime/HDRIBackdrop/Content/Materials/HDRI_Projection_Floor.uexp" 1884
"../../../Engine/Plugins/Runtime/HDRIBackdrop/Content/Materials/MI_HDRI_Floor.uasset" 1885
"../../../Engine/Plugins/Runtime/HDRIBackdrop/Content/Materials/MI_HDRI_Floor.uexp" 1886
"../../../Engine/Plugins/Runtime/HDRIBackdrop/Content/Blueprints/HDRIBackdrop.uasset" 1887
"../../../Engine/Plugins/Runtime/HDRIBackdrop/Content/Blueprints/HDRIBackdrop.uexp" 1888
"../../../Engine/Plugins/Runtime/HairStrands/Content/Materials/HairMeshesDefaultMaterial.uasset" 1889
"../../../Engine/Plugins/Runtime/HairStrands/Content/Materials/HairMeshesDefaultMaterial.uexp" 1890
"../../../Engine/Plugins/Runtime/HairStrands/Content/Materials/HairDefaultMaterial.uasset" 1891
"../../../Engine/Plugins/Runtime/HairStrands/Content/Materials/HairDefaultMaterial.uexp" 1892
"../../../Engine/Plugins/Runtime/HairStrands/Content/Materials/HairGroupColors.uasset" 1893
"../../../Engine/Plugins/Runtime/HairStrands/Content/Materials/HairGroupColors.uexp" 1894
"../../../Engine/Content/EngineMaterials/HairColorMap.uasset" 1895
"../../../Engine/Content/EngineMaterials/HairColorMap.uexp" 1896
"../../../Engine/Content/EngineMaterials/HairDebugColor.uasset" 1897
"../../../Engine/Content/EngineMaterials/HairDebugColor.uexp" 1898
"../../../Engine/Plugins/Runtime/HairStrands/Content/Materials/HairDebugMaterial.uasset" 1899
"../../../Engine/Plugins/Runtime/HairStrands/Content/Materials/HairDebugMaterial.uexp" 1900
"../../../Engine/Plugins/Runtime/HairStrands/Content/Materials/HairCardsDefaultMaterial.uasset" 1901
"../../../Engine/Plugins/Runtime/HairStrands/Content/Materials/HairCardsDefaultMaterial.uexp" 1902
"../../../Engine/Plugins/Runtime/AudioWidgets/Content/Resources/ScrubHandleDown_Clamped.uasset" 1903
"../../../Engine/Plugins/Runtime/AudioWidgets/Content/Resources/ScrubHandleDown_Clamped.uexp" 1904
"../../../Engine/Plugins/Runtime/AR/ARUtilities/Content/Materials/DummyExternalTexture.uasset" 1905
"../../../Engine/Plugins/Runtime/AR/ARUtilities/Content/Materials/DummyExternalTexture.uexp" 1906
"../../../Engine/Plugins/Runtime/AR/ARUtilities/Content/Materials/M_PassthroughCamera.uasset" 1907
"../../../Engine/Plugins/Runtime/AR/ARUtilities/Content/Materials/M_PassthroughCamera.uexp" 1908
"../../../Engine/Plugins/Runtime/AR/ARUtilities/Content/Materials/MF_DistanceColorLerp.uasset" 1909
"../../../Engine/Plugins/Runtime/AR/ARUtilities/Content/Materials/MF_DistanceColorLerp.uexp" 1910
"../../../Engine/Plugins/Runtime/AR/ARUtilities/Content/Materials/M_DepthColoration.uasset" 1911
"../../../Engine/Plugins/Runtime/AR/ARUtilities/Content/Materials/M_DepthColoration.uexp" 1912
"../../../Engine/Content/Functions/Engine_MaterialFunctions02/Utility/BreakOutFloat4Components.uasset" 1913
"../../../Engine/Content/Functions/Engine_MaterialFunctions02/Utility/BreakOutFloat4Components.uexp" 1914
"../../../Engine/Content/Functions/Engine_MaterialFunctions02/Utility/MakeFloat4.uasset" 1915
"../../../Engine/Content/Functions/Engine_MaterialFunctions02/Utility/MakeFloat4.uexp" 1916
"../../../Engine/Plugins/MovieScene/MovieRenderPipeline/Content/Materials/MovieRenderQueue_WorldDepth.uasset" 1917
"../../../Engine/Plugins/MovieScene/MovieRenderPipeline/Content/Materials/MovieRenderQueue_WorldDepth.uexp" 1918
"../../../Engine/Plugins/MovieScene/MovieRenderPipeline/Content/Materials/MovieRenderQueue_MotionVectors.uasset" 1919
"../../../Engine/Plugins/MovieScene/MovieRenderPipeline/Content/Materials/MovieRenderQueue_MotionVectors.uexp" 1920
"../../../Engine/Plugins/MovieScene/MovieRenderPipeline/Content/Materials/MoviePipeline_StencilCutout.uasset" 1921
"../../../Engine/Plugins/MovieScene/MovieRenderPipeline/Content/Materials/MoviePipeline_StencilCutout.uexp" 1922
"../../../Engine/Plugins/Interchange/Assets/Content/Functions/MX_UsdPreviewSurface.uasset" 1923
"../../../Engine/Plugins/Interchange/Assets/Content/Functions/MX_UsdPreviewSurface.uexp" 1924
"../../../Engine/Plugins/Interchange/Assets/Content/Functions/MX_UniformEDF.uasset" 1925
"../../../Engine/Plugins/Interchange/Assets/Content/Functions/MX_UniformEDF.uexp" 1926
"../../../Engine/Plugins/Interchange/Assets/Content/Functions/MX_TranslucentBSDF.uasset" 1927
"../../../Engine/Plugins/Interchange/Assets/Content/Functions/MX_TranslucentBSDF.uexp" 1928
"../../../Engine/Plugins/Interchange/Assets/Content/Functions/MX_ThinFilmBSDF.uasset" 1929
"../../../Engine/Plugins/Interchange/Assets/Content/Functions/MX_ThinFilmBSDF.uexp" 1930
"../../../Engine/Plugins/Interchange/Assets/Content/Functions/MX_SurfaceUnlit.uasset" 1931
"../../../Engine/Plugins/Interchange/Assets/Content/Functions/MX_SurfaceUnlit.uexp" 1932
"../../../Engine/Plugins/Interchange/Assets/Content/Functions/MX_Surface.uasset" 1933
"../../../Engine/Plugins/Interchange/Assets/Content/Functions/MX_Surface.uexp" 1934
"../../../Engine/Plugins/Interchange/Assets/Content/Functions/MX_SubsurfaceBSDF.uasset" 1935
"../../../Engine/Plugins/Interchange/Assets/Content/Functions/MX_SubsurfaceBSDF.uexp" 1936
"../../../Engine/Plugins/Interchange/Assets/Content/Functions/MX_SheenBSDF.uasset" 1937
"../../../Engine/Plugins/Interchange/Assets/Content/Functions/MX_SheenBSDF.uexp" 1938
"../../../Engine/Plugins/Interchange/Assets/Content/Functions/MX_OrenNayarBSDF.uasset" 1939
"../../../Engine/Plugins/Interchange/Assets/Content/Functions/MX_OrenNayarBSDF.uexp" 1940
"../../../Engine/Plugins/Interchange/Assets/Content/Functions/MX_StandardSurface.uasset" 1941
"../../../Engine/Plugins/Interchange/Assets/Content/Functions/MX_StandardSurface.uexp" 1942
"../../../Engine/Plugins/Interchange/Assets/Content/Functions/MX_TransmissionSurface.uasset" 1943
"../../../Engine/Plugins/Interchange/Assets/Content/Functions/MX_TransmissionSurface.uexp" 1944
"../../../Engine/Plugins/Interchange/Assets/Content/Functions/MX_OpenPBR_Translucent.uasset" 1945
"../../../Engine/Plugins/Interchange/Assets/Content/Functions/MX_OpenPBR_Translucent.uexp" 1946
"../../../Engine/Plugins/Interchange/Assets/Content/Functions/MX_OpenPBR_Opaque.uasset" 1947
"../../../Engine/Plugins/Interchange/Assets/Content/Functions/MX_OpenPBR_Opaque.uexp" 1948
"../../../Engine/Plugins/Interchange/Assets/Content/Functions/MX_MeasuredEDF.uasset" 1949
"../../../Engine/Plugins/Interchange/Assets/Content/Functions/MX_MeasuredEDF.uexp" 1950
"../../../Engine/Plugins/Interchange/Assets/Content/Functions/MX_GeneralizedSchlickBSDF.uasset" 1951
"../../../Engine/Plugins/Interchange/Assets/Content/Functions/MX_GeneralizedSchlickBSDF.uexp" 1952
"../../../Engine/Plugins/Interchange/Assets/Content/Functions/MX_Displacement.uasset" 1953
"../../../Engine/Plugins/Interchange/Assets/Content/Functions/MX_Displacement.uexp" 1954
"../../../Engine/Plugins/Interchange/Assets/Content/Functions/MX_DielectricBSDF.uasset" 1955
"../../../Engine/Plugins/Interchange/Assets/Content/Functions/MX_DielectricBSDF.uexp" 1956
"../../../Engine/Plugins/Interchange/Assets/Content/Functions/MX_ConicalEDF.uasset" 1957
"../../../Engine/Plugins/Interchange/Assets/Content/Functions/MX_ConicalEDF.uexp" 1958
"../../../Engine/Plugins/Interchange/Assets/Content/Functions/MX_ConductorBSDF.uasset" 1959
"../../../Engine/Plugins/Interchange/Assets/Content/Functions/MX_ConductorBSDF.uexp" 1960
"../../../Engine/Plugins/Interchange/Assets/Content/Functions/MX_BurleyDiffuseBSDF.uasset" 1961
"../../../Engine/Plugins/Interchange/Assets/Content/Functions/MX_BurleyDiffuseBSDF.uexp" 1962
"../../../Engine/Plugins/Interchange/Assets/Content/Functions/MX_AnisotropicVDF.uasset" 1963
"../../../Engine/Plugins/Interchange/Assets/Content/Functions/MX_AnisotropicVDF.uexp" 1964
"../../../Engine/Plugins/Interchange/Assets/Content/Functions/MX_AbsorptionVDF.uasset" 1965
"../../../Engine/Plugins/Interchange/Assets/Content/Functions/MX_AbsorptionVDF.uexp" 1966
"../../../Engine/Plugins/Experimental/VirtualProductionUtilities/Content/Materials/WidgetPostProcessMaterial.uasset" 1967
"../../../Engine/Plugins/Experimental/VirtualProductionUtilities/Content/Materials/WidgetPostProcessMaterial.uexp" 1968
"../../../Engine/Plugins/Experimental/VirtualProductionUtilities/Content/Icons/S_VPRootActor.ubulk" 1969
"../../../Engine/Plugins/Experimental/VirtualProductionUtilities/Content/Icons/S_VPRootActor.uasset" 1970
"../../../Engine/Plugins/Experimental/VirtualProductionUtilities/Content/Icons/S_VPRootActor.uexp" 1971
"../../../Engine/Content/Functions/Engine_MaterialFunctions02/Math/MakeVectorsOrthogonal.uasset" 1972
"../../../Engine/Content/Functions/Engine_MaterialFunctions02/Math/MakeVectorsOrthogonal.uexp" 1973
"../../../Engine/Content/Functions/Engine_MaterialFunctions02/WorldPositionOffset/ComponentPivotLocation.uasset" 1974
"../../../Engine/Content/Functions/Engine_MaterialFunctions02/WorldPositionOffset/ComponentPivotLocation.uexp" 1975
"../../../Engine/Content/Functions/Engine_MaterialFunctions02/Utility/CameraVectorWithWPOOptions.uasset" 1976
"../../../Engine/Content/Functions/Engine_MaterialFunctions02/Utility/CameraVectorWithWPOOptions.uexp" 1977
"../../../Engine/Content/Functions/Engine_MaterialFunctions02/WorldPositionOffset/AlignMeshToTheCamera.uasset" 1978
"../../../Engine/Content/Functions/Engine_MaterialFunctions02/WorldPositionOffset/AlignMeshToTheCamera.uexp" 1979
"../../../Engine/Plugins/Experimental/VirtualProductionUtilities/Content/Materials/MF_IgnoreExposure.uasset" 1980
"../../../Engine/Plugins/Experimental/VirtualProductionUtilities/Content/Materials/MF_IgnoreExposure.uexp" 1981
"../../../Engine/Plugins/Experimental/VirtualProductionUtilities/Content/Bookmark/CameraFacingTextMaterial.uasset" 1982
"../../../Engine/Plugins/Experimental/VirtualProductionUtilities/Content/Bookmark/CameraFacingTextMaterial.uexp" 1983
"../../../Engine/Plugins/Experimental/ColorCorrectRegions/Content/Materials/M_ColorCorrectRegionTransparentPreview.uasset" 1984
"../../../Engine/Plugins/Experimental/ColorCorrectRegions/Content/Materials/M_ColorCorrectRegionTransparentPreview.uexp" 1985
"../../../Engine/Plugins/Experimental/CineCameraRigs/Content/RigRail/T_RigRailSpeedMode.uasset" 1986
"../../../Engine/Plugins/Experimental/CineCameraRigs/Content/RigRail/T_RigRailSpeedMode.uexp" 1987
"../../../Engine/Plugins/Experimental/CineCameraRigs/Content/RigRail/T_RigRailDefault.uasset" 1988
"../../../Engine/Plugins/Experimental/CineCameraRigs/Content/RigRail/T_RigRailDefault.uexp" 1989
"../../../Engine/Plugins/Experimental/CineCameraRigs/Content/RigRail/M_RigRail.uasset" 1990
"../../../Engine/Plugins/Experimental/CineCameraRigs/Content/RigRail/M_RigRail.uexp" 1991
"../../../Engine/Content/Functions/Engine_MaterialFunctions01/Texturing/FlattenNormal.uasset" 1992
"../../../Engine/Content/Functions/Engine_MaterialFunctions01/Texturing/FlattenNormal.uexp" 1993
"../../../Engine/Content/EngineMaterials/FlatNormal.uasset" 1994
"../../../Engine/Content/EngineMaterials/FlatNormal.uexp" 1995
"../../../Engine/Plugins/Enterprise/DatasmithContent/Content/Materials/SketchUpReference.uasset" 1996
"../../../Engine/Plugins/Enterprise/DatasmithContent/Content/Materials/SketchUpReference.uexp" 1997
"../../../Engine/Content/ArtTools/RenderToTexture/Textures/127grey.uasset" 1998
"../../../Engine/Content/ArtTools/RenderToTexture/Textures/127grey.uexp" 1999
"../../../Engine/Plugins/Enterprise/DatasmithContent/Content/Materials/TileMirrorAxis.uasset" 2000
"../../../Engine/Plugins/Enterprise/DatasmithContent/Content/Materials/TileMirrorAxis.uexp" 2001
"../../../Engine/Plugins/Enterprise/DatasmithContent/Content/Materials/UVEdit.uasset" 2002
"../../../Engine/Plugins/Enterprise/DatasmithContent/Content/Materials/UVEdit.uexp" 2003
"../../../Engine/Content/Functions/Engine_MaterialFunctions03/Procedurals/NormalFromHeightmap.uasset" 2004
"../../../Engine/Content/Functions/Engine_MaterialFunctions03/Procedurals/NormalFromHeightmap.uexp" 2005
"../../../Engine/Plugins/Enterprise/DatasmithContent/Content/Materials/RevitReference.uasset" 2006
"../../../Engine/Plugins/Enterprise/DatasmithContent/Content/Materials/RevitReference.uexp" 2007
"../../../Engine/Plugins/Enterprise/DatasmithContent/Content/Materials/CE_BaseReference.uasset" 2008
"../../../Engine/Plugins/Enterprise/DatasmithContent/Content/Materials/CE_BaseReference.uexp" 2009
"../../../Engine/Plugins/Enterprise/DatasmithContent/Content/Materials/CE_OpaqueReference.uasset" 2010
"../../../Engine/Plugins/Enterprise/DatasmithContent/Content/Materials/CE_OpaqueReference.uexp" 2011
"../../../Engine/Plugins/Enterprise/DatasmithContent/Content/Materials/CE_OpacitySimpleReference.uasset" 2012
"../../../Engine/Plugins/Enterprise/DatasmithContent/Content/Materials/CE_OpacitySimpleReference.uexp" 2013
"../../../Engine/Plugins/Enterprise/DatasmithContent/Content/Materials/CE_OpacityReference.uasset" 2014
"../../../Engine/Plugins/Enterprise/DatasmithContent/Content/Materials/CE_OpacityReference.uexp" 2015
"../../../Engine/Plugins/Enterprise/DatasmithContent/Content/Materials/C4DReferenceUV.uasset" 2016
"../../../Engine/Plugins/Enterprise/DatasmithContent/Content/Materials/C4DReferenceUV.uexp" 2017
"../../../Engine/Content/EngineMaterials/T_Default_Normal.ubulk" 2018
"../../../Engine/Content/EngineMaterials/T_Default_Normal.uasset" 2019
"../../../Engine/Content/EngineMaterials/T_Default_Normal.uexp" 2020
"../../../Engine/Plugins/Enterprise/DatasmithContent/Content/Materials/C4DReference.uasset" 2021
"../../../Engine/Plugins/Enterprise/DatasmithContent/Content/Materials/C4DReference.uexp" 2022
"../../../Engine/Content/Functions/Engine_MaterialFunctions02/SafeNormalize.uasset" 2023
"../../../Engine/Content/Functions/Engine_MaterialFunctions02/SafeNormalize.uexp" 2024
"../../../Engine/Plugins/Editor/SpeedTreeImporter/Content/SpeedTree9/UnpackInteger3.uasset" 2025
"../../../Engine/Plugins/Editor/SpeedTreeImporter/Content/SpeedTree9/UnpackInteger3.uexp" 2026
"../../../Engine/Plugins/Editor/SpeedTreeImporter/Content/SpeedTree9/UnpackDirection.uasset" 2027
"../../../Engine/Plugins/Editor/SpeedTreeImporter/Content/SpeedTree9/UnpackDirection.uexp" 2028
"../../../Engine/Plugins/Editor/SpeedTreeImporter/Content/SpeedTree9/game_wind_noise.ubulk" 2029
"../../../Engine/Plugins/Editor/SpeedTreeImporter/Content/SpeedTree9/game_wind_noise.uasset" 2030
"../../../Engine/Plugins/Editor/SpeedTreeImporter/Content/SpeedTree9/game_wind_noise.uexp" 2031
"../../../Engine/Plugins/Editor/SpeedTreeImporter/Content/SpeedTree9/SpeedTreeWindMotion.uasset" 2032
"../../../Engine/Plugins/Editor/SpeedTreeImporter/Content/SpeedTree9/SpeedTreeWindMotion.uexp" 2033
"../../../Engine/Plugins/Editor/SpeedTreeImporter/Content/SpeedTree9/SpeedTreeBranchMotion.uasset" 2034
"../../../Engine/Plugins/Editor/SpeedTreeImporter/Content/SpeedTree9/SpeedTreeBranchMotion.uexp" 2035
"../../../Engine/Content/Functions/Engine_MaterialFunctions02/ObjectLocalBounds.uasset" 2036
"../../../Engine/Content/Functions/Engine_MaterialFunctions02/ObjectLocalBounds.uexp" 2037
"../../../Engine/Content/Functions/Engine_MaterialFunctions02/UVs/BoundingBoxBased_0-1_UVW.uasset" 2038
"../../../Engine/Content/Functions/Engine_MaterialFunctions02/UVs/BoundingBoxBased_0-1_UVW.uexp" 2039
"../../../Engine/Plugins/Editor/SpeedTreeImporter/Content/SpeedTree9/SpeedTreeWind.uasset" 2040
"../../../Engine/Plugins/Editor/SpeedTreeImporter/Content/SpeedTree9/SpeedTreeWind.uexp" 2041
"../../../Engine/Plugins/Editor/SpeedTreeImporter/Content/SpeedTree9/SpeedTreeCameraFacing.uasset" 2042
"../../../Engine/Plugins/Editor/SpeedTreeImporter/Content/SpeedTree9/SpeedTreeCameraFacing.uexp" 2043
"../../../Engine/Plugins/Editor/SpeedTreeImporter/Content/SpeedTree9/EmptyNormal.uasset" 2044
"../../../Engine/Plugins/Editor/SpeedTreeImporter/Content/SpeedTree9/EmptyNormal.uexp" 2045
"../../../Engine/Plugins/Editor/SpeedTreeImporter/Content/SpeedTree9/Empty.uasset" 2046
"../../../Engine/Plugins/Editor/SpeedTreeImporter/Content/SpeedTree9/Empty.uexp" 2047
"../../../Engine/Plugins/Editor/SpeedTreeImporter/Content/SpeedTree9/SpeedTreeMaster.uasset" 2048
"../../../Engine/Plugins/Editor/SpeedTreeImporter/Content/SpeedTree9/SpeedTreeMaster.uexp" 2049
"../../../Engine/Plugins/Editor/SpeedTreeImporter/Content/SpeedTree9/SpeedTreeBillboard.uasset" 2050
"../../../Engine/Plugins/Editor/SpeedTreeImporter/Content/SpeedTree9/SpeedTreeBillboard.uexp" 2051
"../../../Engine/Plugins/Editor/SpeedTreeImporter/Content/SpeedTree9/SpeedTreeBillboardMaster.uasset" 2052
"../../../Engine/Plugins/Editor/SpeedTreeImporter/Content/SpeedTree9/SpeedTreeBillboardMaster.uexp" 2053
"../../../Engine/Plugins/Animation/ControlRig/Content/Controls/ControlRigXRayMaterial.uasset" 2054
"../../../Engine/Plugins/Animation/ControlRig/Content/Controls/ControlRigXRayMaterial.uexp" 2055
"../../../Engine/Plugins/Animation/ControlRig/Content/Controls/ControlRigGizmoMaterial.uasset" 2056
"../../../Engine/Plugins/Animation/ControlRig/Content/Controls/ControlRigGizmoMaterial.uexp" 2057
"../../../Engine/Content/EditorMaterials/ParticleSystems/PSysThumbnail_OOD.ubulk" 2058
"../../../Engine/Content/EditorMaterials/ParticleSystems/PSysThumbnail_OOD.uasset" 2059
"../../../Engine/Content/EditorMaterials/ParticleSystems/PSysThumbnail_OOD.uexp" 2060
"../../../Engine/Content/EditorMaterials/ParticleSystems/PSysThumbnail_NoImage.ubulk" 2061
"../../../Engine/Content/EditorMaterials/ParticleSystems/PSysThumbnail_NoImage.uasset" 2062
"../../../Engine/Content/EditorMaterials/ParticleSystems/PSysThumbnail_NoImage.uexp" 2063
"../../../Engine/Content/EditorMaterials/Dataflow/DataflowVertexMaterial.uasset" 2064
"../../../Engine/Content/EditorMaterials/Dataflow/DataflowVertexMaterial.uexp" 2065
"../../../Engine/Content/EditorMaterials/Dataflow/DataflowTwoSidedVertexMaterial.uasset" 2066
"../../../Engine/Content/EditorMaterials/Dataflow/DataflowTwoSidedVertexMaterial.uexp" 2067
"../../../Engine/Content/EngineResources/FilmGrains/Marcie_Grain_v3_128_M2_000.uasset" 2068
"../../../Engine/Content/EngineResources/FilmGrains/Marcie_Grain_v3_128_M2_000.uexp" 2069
"../../../Engine/Content/EngineResources/Development/ZenLogo_64.uasset" 2070
"../../../Engine/Content/EngineResources/Development/ZenLogo_64.uexp" 2071
"../../../Engine/Content/EngineMaterials/LTC/Sheen_LTC.uasset" 2072
"../../../Engine/Content/EngineMaterials/LTC/Sheen_LTC.uexp" 2073
"../../../Engine/Content/EngineMaterials/LTC/GGX_LTCMat.uasset" 2074
"../../../Engine/Content/EngineMaterials/LTC/GGX_LTCMat.uexp" 2075
"../../../Engine/Content/EngineMaterials/LTC/GGX_LTCAmp.uasset" 2076
"../../../Engine/Content/EngineMaterials/LTC/GGX_LTCAmp.uexp" 2077
"../../../Engine/Content/EngineMaterials/EnergyConservation/Sheen_Energy.uasset" 2078
"../../../Engine/Content/EngineMaterials/EnergyConservation/Sheen_Energy.uexp" 2079
"../../../Engine/Content/EngineMaterials/EnergyConservation/SheenLegacy_Energy.uasset" 2080
"../../../Engine/Content/EngineMaterials/EnergyConservation/SheenLegacy_Energy.uexp" 2081
"../../../Engine/Content/EngineMaterials/EnergyConservation/GGX_TransmissionEnergyArray.uasset" 2082
"../../../Engine/Content/EngineMaterials/EnergyConservation/GGX_TransmissionEnergyArray.uexp" 2083
"../../../Engine/Content/EngineMaterials/EnergyConservation/GGX_ReflectionEnergy.uasset" 2084
"../../../Engine/Content/EngineMaterials/EnergyConservation/GGX_ReflectionEnergy.uexp" 2085
"../../../Engine/Content/EngineMaterials/EnergyConservation/Diffuse_Energy.uasset" 2086
"../../../Engine/Content/EngineMaterials/EnergyConservation/Diffuse_Energy.uexp" 2087
"../../../Engine/Content/EditorResources/SequenceRecorder/RecordingIndicator.uasset" 2088
"../../../Engine/Content/EditorResources/SequenceRecorder/RecordingIndicator.uexp" 2089
"../../../Engine/Content/EditorResources/SequenceRecorder/Countdown.uasset" 2090
"../../../Engine/Content/EditorResources/SequenceRecorder/Countdown.uexp" 2091
"../../../Engine/Plugins/Runtime/nDisplay/Content/TestPatterns/Statics/M_TPSGridCircles.uasset" 2092
"../../../Engine/Plugins/Runtime/nDisplay/Content/TestPatterns/Statics/M_TPSGridCircles.uexp" 2093
"../../../Engine/Plugins/Runtime/nDisplay/Content/TestPatterns/Statics/M_TPSGrayBars.uasset" 2094
"../../../Engine/Plugins/Runtime/nDisplay/Content/TestPatterns/Statics/M_TPSGrayBars.uexp" 2095
"../../../Engine/Plugins/Runtime/nDisplay/Content/TestPatterns/Statics/M_TPSColoredBars.uasset" 2096
"../../../Engine/Plugins/Runtime/nDisplay/Content/TestPatterns/Statics/M_TPSColoredBars.uexp" 2097
"../../../Engine/Plugins/Runtime/nDisplay/Content/TestPatterns/Statics/M_TPSCircles.uasset" 2098
"../../../Engine/Plugins/Runtime/nDisplay/Content/TestPatterns/Statics/M_TPSCircles.uexp" 2099
"../../../Engine/Plugins/Runtime/nDisplay/Content/TestPatterns/Animated/M_TPAStrips.uasset" 2100
"../../../Engine/Plugins/Runtime/nDisplay/Content/TestPatterns/Animated/M_TPAStrips.uexp" 2101
"../../../Engine/Plugins/Runtime/nDisplay/Content/TestPatterns/Animated/M_TPARadar.uasset" 2102
"../../../Engine/Plugins/Runtime/nDisplay/Content/TestPatterns/Animated/M_TPARadar.uexp" 2103
"../../../Engine/Plugins/Runtime/nDisplay/Content/TestPatterns/Animated/M_TPAMirroredChevron.uasset" 2104
"../../../Engine/Plugins/Runtime/nDisplay/Content/TestPatterns/Animated/M_TPAMirroredChevron.uexp" 2105
"../../../Engine/Plugins/Runtime/nDisplay/Content/TestPatterns/Animated/M_TPAGrid.uasset" 2106
"../../../Engine/Plugins/Runtime/nDisplay/Content/TestPatterns/Animated/M_TPAGrid.uexp" 2107
"../../../Engine/Plugins/Runtime/nDisplay/Content/TestPatterns/Animated/M_TPAChevron.uasset" 2108
"../../../Engine/Plugins/Runtime/nDisplay/Content/TestPatterns/Animated/M_TPAChevron.uexp" 2109
"../../../Engine/Content/EditorMaterials/T_1x1_Grid.ubulk" 2110
"../../../Engine/Content/EditorMaterials/T_1x1_Grid.uasset" 2111
"../../../Engine/Content/EditorMaterials/T_1x1_Grid.uexp" 2112
"../../../Engine/Plugins/Runtime/nDisplay/Content/Materials/Preview/M_DisplayDevicePreviewTechvis.uasset" 2113
"../../../Engine/Plugins/Runtime/nDisplay/Content/Materials/Preview/M_DisplayDevicePreviewTechvis.uexp" 2114
"../../../Engine/Plugins/Runtime/nDisplay/Content/Materials/Preview/M_DisplayDevicePreview.uasset" 2115
"../../../Engine/Plugins/Runtime/nDisplay/Content/Materials/Preview/M_DisplayDevicePreview.uexp" 2116
"../../../Engine/Plugins/Runtime/nDisplay/Content/Materials/Preview/M_DisplayDeviceMesh.uasset" 2117
"../../../Engine/Plugins/Runtime/nDisplay/Content/Materials/Preview/M_DisplayDeviceMesh.uexp" 2118
"../../../Engine/Plugins/Enterprise/DatasmithContent/Content/Materials/StdEmissive/MFAttr_Emissive.uasset" 2119
"../../../Engine/Plugins/Enterprise/DatasmithContent/Content/Materials/StdEmissive/MFAttr_Emissive.uexp" 2120
"../../../Engine/Plugins/Enterprise/DatasmithContent/Content/Materials/StdEmissive/M_StdEmissive.uasset" 2121
"../../../Engine/Plugins/Enterprise/DatasmithContent/Content/Materials/StdEmissive/M_StdEmissive.uexp" 2122
"../../../Engine/Plugins/Enterprise/DatasmithContent/Content/Materials/StdDecal/MFAttr_Decal.uasset" 2123
"../../../Engine/Plugins/Enterprise/DatasmithContent/Content/Materials/StdDecal/MFAttr_Decal.uexp" 2124
"../../../Engine/Plugins/Enterprise/DatasmithContent/Content/Materials/StdDecal/M_StdDecal.uasset" 2125
"../../../Engine/Plugins/Enterprise/DatasmithContent/Content/Materials/StdDecal/M_StdDecal.uexp" 2126
"../../../Engine/Plugins/Compositing/Composure/Content/Textures/Debug/T_SuspendedElement.ubulk" 2127
"../../../Engine/Plugins/Compositing/Composure/Content/Textures/Debug/T_SuspendedElement.uasset" 2128
"../../../Engine/Plugins/Compositing/Composure/Content/Textures/Debug/T_SuspendedElement.uexp" 2129
"../../../Engine/Plugins/Compositing/Composure/Content/Textures/Debug/T_EmptyElement.ubulk" 2130
"../../../Engine/Plugins/Compositing/Composure/Content/Textures/Debug/T_EmptyElement.uasset" 2131
"../../../Engine/Plugins/Compositing/Composure/Content/Textures/Debug/T_EmptyElement.uexp" 2132
"../../../Engine/Plugins/Compositing/Composure/Content/Textures/Debug/T_DisabledElement.ubulk" 2133
"../../../Engine/Plugins/Compositing/Composure/Content/Textures/Debug/T_DisabledElement.uasset" 2134
"../../../Engine/Plugins/Compositing/Composure/Content/Textures/Debug/T_DisabledElement.uexp" 2135
"../../../Engine/Plugins/Compositing/Composure/Content/Textures/Debug/T_CompilerError.ubulk" 2136
"../../../Engine/Plugins/Compositing/Composure/Content/Textures/Debug/T_CompilerError.uasset" 2137
"../../../Engine/Plugins/Compositing/Composure/Content/Textures/Debug/T_CompilerError.uexp" 2138
"../../../Engine/Plugins/Compositing/Composure/Content/Materials/ReplaceTonemapper/ComposureReplaceTonemapperComposeBloom.uasset" 2139
"../../../Engine/Plugins/Compositing/Composure/Content/Materials/ReplaceTonemapper/ComposureReplaceTonemapperComposeBloom.uexp" 2140
"../../../Engine/Plugins/Compositing/Composure/Content/Materials/ReplaceTonemapper/ComposureReplaceTonemapperByTexture.uasset" 2141
"../../../Engine/Plugins/Compositing/Composure/Content/Materials/ReplaceTonemapper/ComposureReplaceTonemapperByTexture.uexp" 2142
"../../../Engine/Plugins/Compositing/Composure/Content/Materials/PassSetup/ComposureSimpleSetupMaterial.uasset" 2143
"../../../Engine/Plugins/Compositing/Composure/Content/Materials/PassSetup/ComposureSimpleSetupMaterial.uexp" 2144
"../../../Engine/Plugins/Compositing/Composure/Content/Materials/PassSetup/ComposureBeforeTranslucencySetBlack.uasset" 2145
"../../../Engine/Plugins/Compositing/Composure/Content/Materials/PassSetup/ComposureBeforeTranslucencySetBlack.uexp" 2146
"../../../Engine/Plugins/Compositing/Composure/Content/Materials/Media/T_EmptyMediaTexture.uasset" 2147
"../../../Engine/Plugins/Compositing/Composure/Content/Materials/Media/T_EmptyMediaTexture.uexp" 2148
"../../../Engine/Plugins/Compositing/Composure/Content/Materials/Media/M_VideoPlateDefault.uasset" 2149
"../../../Engine/Plugins/Compositing/Composure/Content/Materials/Media/M_VideoPlateDefault.uexp" 2150
"../../../Engine/Plugins/Compositing/Composure/Content/Materials/Media/M_StaticVideoPlateDebug.uasset" 2151
"../../../Engine/Plugins/Compositing/Composure/Content/Materials/Media/M_StaticVideoPlateDebug.uexp" 2152
"../../../Engine/Plugins/Compositing/Composure/Content/Materials/Compositing/M_AlphaScale.uasset" 2153
"../../../Engine/Plugins/Compositing/Composure/Content/Materials/Compositing/M_AlphaScale.uexp" 2154
"../../../Engine/Plugins/Compositing/Composure/Content/Materials/Compositing/UnpreMult.uasset" 2155
"../../../Engine/Plugins/Compositing/Composure/Content/Materials/Compositing/UnpreMult.uexp" 2156
"../../../Engine/Plugins/Compositing/Composure/Content/Materials/Compositing/PreMult.uasset" 2157
"../../../Engine/Plugins/Compositing/Composure/Content/Materials/Compositing/PreMult.uexp" 2158
"../../../Engine/Content/Functions/Engine_MaterialFunctions01/Chromakeying/RGBtoHSV.uasset" 2159
"../../../Engine/Content/Functions/Engine_MaterialFunctions01/Chromakeying/RGBtoHSV.uexp" 2160
"../../../Engine/Plugins/Compositing/Composure/Content/Materials/ChromaKeying/M_SinglePassDespill.uasset" 2161
"../../../Engine/Plugins/Compositing/Composure/Content/Materials/ChromaKeying/M_SinglePassDespill.uexp" 2162
"../../../Engine/Plugins/Compositing/Composure/Content/Materials/ChromaKeying/MF_KeyColorMask.uasset" 2163
"../../../Engine/Plugins/Compositing/Composure/Content/Materials/ChromaKeying/MF_KeyColorMask.uexp" 2164
"../../../Engine/Plugins/Compositing/Composure/Content/Materials/ChromaKeying/Bias.uasset" 2165
"../../../Engine/Plugins/Compositing/Composure/Content/Materials/ChromaKeying/Bias.uexp" 2166
"../../../Engine/Plugins/Compositing/Composure/Content/Materials/ChromaKeying/M_SinglePassChromaKeyer.uasset" 2167
"../../../Engine/Plugins/Compositing/Composure/Content/Materials/ChromaKeying/M_SinglePassChromaKeyer.uexp" 2168
"../../../Engine/Content/VREditor/TransformGizmo/Xray.uasset" 2169
"../../../Engine/Content/VREditor/TransformGizmo/Xray.uexp" 2170
"../../../Engine/Content/VREditor/TransformGizmo/Main.uasset" 2171
"../../../Engine/Content/VREditor/TransformGizmo/Main.uexp" 2172
"../../../Engine/Content/VREditor/TransformGizmo/SM_Sequencer_Node.ubulk" 2173
"../../../Engine/Content/VREditor/TransformGizmo/SM_Sequencer_Node.uasset" 2174
"../../../Engine/Content/VREditor/TransformGizmo/SM_Sequencer_Node.uexp" 2175
"../../../Engine/Content/VREditor/LaserPointer/VR_LaserPower_01.ubulk" 2176
"../../../Engine/Content/VREditor/LaserPointer/VR_LaserPower_01.uasset" 2177
"../../../Engine/Content/VREditor/LaserPointer/VR_LaserPower_01.uexp" 2178
"../../../Engine/Content/VREditor/TransformGizmo/TransformGizmoMaterial.uasset" 2179
"../../../Engine/Content/VREditor/TransformGizmo/TransformGizmoMaterial.uexp" 2180
"../../../Engine/Content/VREditor/TransformGizmo/TranslucentTransformGizmoMaterial.uasset" 2181
"../../../Engine/Content/VREditor/TransformGizmo/TranslucentTransformGizmoMaterial.uexp" 2182
"../../../Engine/Content/VREditor/TransformGizmo/BoundingBoxEdge.ubulk" 2183
"../../../Engine/Content/VREditor/TransformGizmo/BoundingBoxEdge.uasset" 2184
"../../../Engine/Content/VREditor/TransformGizmo/BoundingBoxEdge.uexp" 2185
"../../../Engine/Content/VREditor/TransformGizmo/BoundingBoxCorner.ubulk" 2186
"../../../Engine/Content/VREditor/TransformGizmo/BoundingBoxCorner.uasset" 2187
"../../../Engine/Content/VREditor/TransformGizmo/BoundingBoxCorner.uexp" 2188
"../../../Engine/Content/VREditor/FloatingText/LineMaterial.uasset" 2189
"../../../Engine/Content/VREditor/FloatingText/LineMaterial.uexp" 2190
"../../../Engine/Content/VREditor/FloatingText/LineSegmentCylinder.ubulk" 2191
"../../../Engine/Content/VREditor/FloatingText/LineSegmentCylinder.uasset" 2192
"../../../Engine/Content/VREditor/FloatingText/LineSegmentCylinder.uexp" 2193
"../../../Engine/Content/Functions/Engine_MaterialFunctions01/Shading/ConvertFromDiffSpec.uasset" 2194
"../../../Engine/Content/Functions/Engine_MaterialFunctions01/Shading/ConvertFromDiffSpec.uexp" 2195
"../../../Engine/Content/MaterialTemplates/Gradients/Gradient_Radial.uasset" 2196
"../../../Engine/Content/MaterialTemplates/Gradients/Gradient_Radial.uexp" 2197
"../../../Engine/Content/MaterialTemplates/Gradients/Gradient_Linear.uasset" 2198
"../../../Engine/Content/MaterialTemplates/Gradients/Gradient_Linear.uexp" 2199
"../../../Engine/Plugins/Runtime/OpenXR/Content/Devices/M_XRController.uasset" 2200
"../../../Engine/Plugins/Runtime/OpenXR/Content/Devices/M_XRController.uexp" 2201
"../../../Engine/Plugins/Runtime/OpenXR/Content/Devices/OculusGo/BaseTexture.ubulk" 2202
"../../../Engine/Plugins/Runtime/OpenXR/Content/Devices/OculusGo/BaseTexture.uasset" 2203
"../../../Engine/Plugins/Runtime/OpenXR/Content/Devices/OculusGo/BaseTexture.uexp" 2204
"../../../Engine/Plugins/Runtime/OpenXR/Content/Devices/OculusGo/MI_OculusGo.uasset" 2205
"../../../Engine/Plugins/Runtime/OpenXR/Content/Devices/OculusGo/MI_OculusGo.uexp" 2206
"../../../Engine/Plugins/Runtime/OpenXR/Content/Devices/OculusGo/OculusGoController.ubulk" 2207
"../../../Engine/Plugins/Runtime/OpenXR/Content/Devices/OculusGo/OculusGoController.uasset" 2208
"../../../Engine/Plugins/Runtime/OpenXR/Content/Devices/OculusGo/OculusGoController.uexp" 2209
"../../../Engine/Content/ArtTools/RenderToTexture/Meshes/S_1_Unit_Plane.ubulk" 2210
"../../../Engine/Content/ArtTools/RenderToTexture/Meshes/S_1_Unit_Plane.uasset" 2211
"../../../Engine/Content/ArtTools/RenderToTexture/Meshes/S_1_Unit_Plane.uexp" 2212
"D:/Wide_field_unreal_project/WideField_UnrealEditor/Content/Solidworks_ref/Vaishakh_TIRF_SLDASM/Textures/thread_n.ubulk" 2213
"D:/Wide_field_unreal_project/WideField_UnrealEditor/Content/Solidworks_ref/Vaishakh_TIRF_SLDASM/Textures/thread_n.uasset" 2214
"D:/Wide_field_unreal_project/WideField_UnrealEditor/Content/Solidworks_ref/Vaishakh_TIRF_SLDASM/Textures/thread_n.uexp" 2215
"D:/Wide_field_unreal_project/WideField_UnrealEditor/Content/Solidworks_ref/Vaishakh_TIRF_SLDASM/Materials/screw_thread_100896172_.uasset" 2216
"D:/Wide_field_unreal_project/WideField_UnrealEditor/Content/Solidworks_ref/Vaishakh_TIRF_SLDASM/Materials/screw_thread_100896172_.uexp" 2217
"D:/Wide_field_unreal_project/WideField_UnrealEditor/Content/Solidworks_ref/Vaishakh_TIRF_SLDASM/Materials/color_2033756794_.uasset" 2218
"D:/Wide_field_unreal_project/WideField_UnrealEditor/Content/Solidworks_ref/Vaishakh_TIRF_SLDASM/Materials/color_2033756794_.uexp" 2219
"D:/Wide_field_unreal_project/WideField_UnrealEditor/Content/Solidworks_ref/Vaishakh_TIRF_SLDASM/Materials/texture_1178755092_.uasset" 2220
"D:/Wide_field_unreal_project/WideField_UnrealEditor/Content/Solidworks_ref/Vaishakh_TIRF_SLDASM/Materials/texture_1178755092_.uexp" 2221
"D:/Wide_field_unreal_project/WideField_UnrealEditor/Content/Solidworks_ref/Vaishakh_TIRF_SLDASM/Materials/color_1182803434_.uasset" 2222
"D:/Wide_field_unreal_project/WideField_UnrealEditor/Content/Solidworks_ref/Vaishakh_TIRF_SLDASM/Materials/color_1182803434_.uexp" 2223
"D:/Wide_field_unreal_project/WideField_UnrealEditor/Content/Solidworks_ref/Vaishakh_TIRF_SLDASM/Materials/matte_aluminum_1179025185_.uasset" 2224
"D:/Wide_field_unreal_project/WideField_UnrealEditor/Content/Solidworks_ref/Vaishakh_TIRF_SLDASM/Materials/matte_aluminum_1179025185_.uexp" 2225
"D:/Wide_field_unreal_project/WideField_UnrealEditor/Content/Solidworks_ref/Vaishakh_TIRF_SLDASM/Materials/color_882877124_.uasset" 2226
"D:/Wide_field_unreal_project/WideField_UnrealEditor/Content/Solidworks_ref/Vaishakh_TIRF_SLDASM/Materials/color_882877124_.uexp" 2227
"D:/Wide_field_unreal_project/WideField_UnrealEditor/Content/Solidworks_ref/Vaishakh_TIRF_SLDASM/Materials/color_1430387462_.uasset" 2228
"D:/Wide_field_unreal_project/WideField_UnrealEditor/Content/Solidworks_ref/Vaishakh_TIRF_SLDASM/Materials/color_1430387462_.uexp" 2229
"D:/Wide_field_unreal_project/WideField_UnrealEditor/Content/Solidworks_ref/Vaishakh_TIRF_SLDASM/Materials/screw_thread_818658458_.uasset" 2230
"D:/Wide_field_unreal_project/WideField_UnrealEditor/Content/Solidworks_ref/Vaishakh_TIRF_SLDASM/Materials/screw_thread_818658458_.uexp" 2231
"D:/Wide_field_unreal_project/WideField_UnrealEditor/Content/Solidworks_ref/Vaishakh_TIRF_SLDASM/Materials/matte_steel_1789931069_.uasset" 2232
"D:/Wide_field_unreal_project/WideField_UnrealEditor/Content/Solidworks_ref/Vaishakh_TIRF_SLDASM/Materials/matte_steel_1789931069_.uexp" 2233
"D:/Wide_field_unreal_project/WideField_UnrealEditor/Content/Solidworks_ref/Vaishakh_TIRF_SLDASM/Materials/color_900468510_.uasset" 2234
"D:/Wide_field_unreal_project/WideField_UnrealEditor/Content/Solidworks_ref/Vaishakh_TIRF_SLDASM/Materials/color_900468510_.uexp" 2235
"D:/Wide_field_unreal_project/WideField_UnrealEditor/Content/Solidworks_ref/Vaishakh_TIRF_SLDASM/Materials/color_24864417_.uasset" 2236
"D:/Wide_field_unreal_project/WideField_UnrealEditor/Content/Solidworks_ref/Vaishakh_TIRF_SLDASM/Materials/color_24864417_.uexp" 2237
"D:/Wide_field_unreal_project/WideField_UnrealEditor/Content/Solidworks_ref/Vaishakh_TIRF_SLDASM/Textures/CopperWrought_normalmap.ubulk" 2238
"D:/Wide_field_unreal_project/WideField_UnrealEditor/Content/Solidworks_ref/Vaishakh_TIRF_SLDASM/Textures/CopperWrought_normalmap.uasset" 2239
"D:/Wide_field_unreal_project/WideField_UnrealEditor/Content/Solidworks_ref/Vaishakh_TIRF_SLDASM/Textures/CopperWrought_normalmap.uexp" 2240
"D:/Wide_field_unreal_project/WideField_UnrealEditor/Content/Solidworks_ref/Vaishakh_TIRF_SLDASM/Materials/wrought_steel_1280912970_.uasset" 2241
"D:/Wide_field_unreal_project/WideField_UnrealEditor/Content/Solidworks_ref/Vaishakh_TIRF_SLDASM/Materials/wrought_steel_1280912970_.uexp" 2242
"D:/Wide_field_unreal_project/WideField_UnrealEditor/Content/Solidworks_ref/Vaishakh_TIRF_SLDASM/Geometries/XYR1-Solidworks__1_-1_Mesh.ubulk" 2243
"D:/Wide_field_unreal_project/WideField_UnrealEditor/Content/Solidworks_ref/Vaishakh_TIRF_SLDASM/Geometries/XYR1-Solidworks__1_-1_Mesh.uasset" 2244
"D:/Wide_field_unreal_project/WideField_UnrealEditor/Content/Solidworks_ref/Vaishakh_TIRF_SLDASM/Geometries/XYR1-Solidworks__1_-1_Mesh.uexp" 2245
"../../../Engine/Plugins/Enterprise/DatasmithContent/Content/Materials/_common/Textures/T_GenericBrickGlass_M.ubulk" 2246
"../../../Engine/Plugins/Enterprise/DatasmithContent/Content/Materials/_common/Textures/T_GenericBrickGlass_M.uasset" 2247
"../../../Engine/Plugins/Enterprise/DatasmithContent/Content/Materials/_common/Textures/T_GenericBrickGlass_M.uexp" 2248
"../../../Engine/Plugins/Enterprise/DatasmithContent/Content/Materials/StdTranslucent/MFAttr_StdTranslucent.uasset" 2249
"../../../Engine/Plugins/Enterprise/DatasmithContent/Content/Materials/StdTranslucent/MFAttr_StdTranslucent.uexp" 2250
"../../../Engine/Plugins/Enterprise/DatasmithContent/Content/Materials/StdTranslucent/M_StdTranslucent.uasset" 2251
"../../../Engine/Plugins/Enterprise/DatasmithContent/Content/Materials/StdTranslucent/M_StdTranslucent.uexp" 2252
"D:/Wide_field_unreal_project/WideField_UnrealEditor/Content/Solidworks_ref/Vaishakh_TIRF_SLDASM/Materials/clear_glass_87417780_.uasset" 2253
"D:/Wide_field_unreal_project/WideField_UnrealEditor/Content/Solidworks_ref/Vaishakh_TIRF_SLDASM/Materials/clear_glass_87417780_.uexp" 2254
"D:/Wide_field_unreal_project/WideField_UnrealEditor/Content/Solidworks_ref/Vaishakh_TIRF_SLDASM/Textures/powdercoat_n.ubulk" 2255
"D:/Wide_field_unreal_project/WideField_UnrealEditor/Content/Solidworks_ref/Vaishakh_TIRF_SLDASM/Textures/powdercoat_n.uasset" 2256
"D:/Wide_field_unreal_project/WideField_UnrealEditor/Content/Solidworks_ref/Vaishakh_TIRF_SLDASM/Textures/powdercoat_n.uexp" 2257
"D:/Wide_field_unreal_project/WideField_UnrealEditor/Content/Solidworks_ref/Vaishakh_TIRF_SLDASM/Materials/aluminum_powdercoat_1862704328_.uasset" 2258
"D:/Wide_field_unreal_project/WideField_UnrealEditor/Content/Solidworks_ref/Vaishakh_TIRF_SLDASM/Materials/aluminum_powdercoat_1862704328_.uexp" 2259
"D:/Wide_field_unreal_project/WideField_UnrealEditor/Content/Solidworks_ref/Vaishakh_TIRF_SLDASM/Materials/glass_sandblasted_01_1141422864_.uasset" 2260
"D:/Wide_field_unreal_project/WideField_UnrealEditor/Content/Solidworks_ref/Vaishakh_TIRF_SLDASM/Materials/glass_sandblasted_01_1141422864_.uexp" 2261
"D:/Wide_field_unreal_project/WideField_UnrealEditor/Content/Solidworks_ref/Vaishakh_TIRF_SLDASM/Textures/dented_n.ubulk" 2262
"D:/Wide_field_unreal_project/WideField_UnrealEditor/Content/Solidworks_ref/Vaishakh_TIRF_SLDASM/Textures/dented_n.uasset" 2263
"D:/Wide_field_unreal_project/WideField_UnrealEditor/Content/Solidworks_ref/Vaishakh_TIRF_SLDASM/Textures/dented_n.uexp" 2264
"D:/Wide_field_unreal_project/WideField_UnrealEditor/Content/Solidworks_ref/Vaishakh_TIRF_SLDASM/Materials/blue_anodized_aluminum_1585985380_.uasset" 2265
"D:/Wide_field_unreal_project/WideField_UnrealEditor/Content/Solidworks_ref/Vaishakh_TIRF_SLDASM/Materials/blue_anodized_aluminum_1585985380_.uexp" 2266
"D:/Wide_field_unreal_project/WideField_UnrealEditor/Content/Solidworks_ref/Vaishakh_TIRF_SLDASM/Geometries/TTL200-A-Solidworks-1_Mesh.ubulk" 2267
"D:/Wide_field_unreal_project/WideField_UnrealEditor/Content/Solidworks_ref/Vaishakh_TIRF_SLDASM/Geometries/TTL200-A-Solidworks-1_Mesh.uasset" 2268
"D:/Wide_field_unreal_project/WideField_UnrealEditor/Content/Solidworks_ref/Vaishakh_TIRF_SLDASM/Geometries/TTL200-A-Solidworks-1_Mesh.uexp" 2269
"D:/Wide_field_unreal_project/WideField_UnrealEditor/Content/Solidworks_ref/Vaishakh_TIRF_SLDASM/Geometries/TR2-Solidworks-1_Mesh.ubulk" 2270
"D:/Wide_field_unreal_project/WideField_UnrealEditor/Content/Solidworks_ref/Vaishakh_TIRF_SLDASM/Geometries/TR2-Solidworks-1_Mesh.uasset" 2271
"D:/Wide_field_unreal_project/WideField_UnrealEditor/Content/Solidworks_ref/Vaishakh_TIRF_SLDASM/Geometries/TR2-Solidworks-1_Mesh.uexp" 2272
"D:/Wide_field_unreal_project/WideField_UnrealEditor/Content/Solidworks_ref/Vaishakh_TIRF_SLDASM/Textures/waffle.ubulk" 2273
"D:/Wide_field_unreal_project/WideField_UnrealEditor/Content/Solidworks_ref/Vaishakh_TIRF_SLDASM/Textures/waffle.uasset" 2274
"D:/Wide_field_unreal_project/WideField_UnrealEditor/Content/Solidworks_ref/Vaishakh_TIRF_SLDASM/Textures/waffle.uexp" 2275
"D:/Wide_field_unreal_project/WideField_UnrealEditor/Content/Solidworks_ref/Vaishakh_TIRF_SLDASM/Materials/waffle_pattern_1802482557_.uasset" 2276
"D:/Wide_field_unreal_project/WideField_UnrealEditor/Content/Solidworks_ref/Vaishakh_TIRF_SLDASM/Materials/waffle_pattern_1802482557_.uexp" 2277
"D:/Wide_field_unreal_project/WideField_UnrealEditor/Content/Solidworks_ref/Vaishakh_TIRF_SLDASM/Materials/screw_thread_1360173494_.uasset" 2278
"D:/Wide_field_unreal_project/WideField_UnrealEditor/Content/Solidworks_ref/Vaishakh_TIRF_SLDASM/Materials/screw_thread_1360173494_.uexp" 2279
"D:/Wide_field_unreal_project/WideField_UnrealEditor/Content/Solidworks_ref/Vaishakh_TIRF_SLDASM/Geometries/SM1A39-Solidworks__1_-1_Mesh.ubulk" 2280
"D:/Wide_field_unreal_project/WideField_UnrealEditor/Content/Solidworks_ref/Vaishakh_TIRF_SLDASM/Geometries/SM1A39-Solidworks__1_-1_Mesh.uasset" 2281
"D:/Wide_field_unreal_project/WideField_UnrealEditor/Content/Solidworks_ref/Vaishakh_TIRF_SLDASM/Geometries/SM1A39-Solidworks__1_-1_Mesh.uexp" 2282
"D:/Wide_field_unreal_project/WideField_UnrealEditor/Content/Solidworks_ref/Vaishakh_TIRF_SLDASM/Geometries/RS4-Solidworks-10_Mesh.ubulk" 2283
"D:/Wide_field_unreal_project/WideField_UnrealEditor/Content/Solidworks_ref/Vaishakh_TIRF_SLDASM/Geometries/RS4-Solidworks-10_Mesh.uasset" 2284
"D:/Wide_field_unreal_project/WideField_UnrealEditor/Content/Solidworks_ref/Vaishakh_TIRF_SLDASM/Geometries/RS4-Solidworks-10_Mesh.uexp" 2285
"D:/Wide_field_unreal_project/WideField_UnrealEditor/Content/Solidworks_ref/Vaishakh_TIRF_SLDASM/Geometries/RS2-Solidworks__1_-1_Mesh.ubulk" 2286
"D:/Wide_field_unreal_project/WideField_UnrealEditor/Content/Solidworks_ref/Vaishakh_TIRF_SLDASM/Geometries/RS2-Solidworks__1_-1_Mesh.uasset" 2287
"D:/Wide_field_unreal_project/WideField_UnrealEditor/Content/Solidworks_ref/Vaishakh_TIRF_SLDASM/Geometries/RS2-Solidworks__1_-1_Mesh.uexp" 2288
"D:/Wide_field_unreal_project/WideField_UnrealEditor/Content/Solidworks_ref/Vaishakh_TIRF_SLDASM/Geometries/RS12-Solidworks-1_Mesh.ubulk" 2289
"D:/Wide_field_unreal_project/WideField_UnrealEditor/Content/Solidworks_ref/Vaishakh_TIRF_SLDASM/Geometries/RS12-Solidworks-1_Mesh.uasset" 2290
"D:/Wide_field_unreal_project/WideField_UnrealEditor/Content/Solidworks_ref/Vaishakh_TIRF_SLDASM/Geometries/RS12-Solidworks-1_Mesh.uexp" 2291
"D:/Wide_field_unreal_project/WideField_UnrealEditor/Content/Solidworks_ref/Vaishakh_TIRF_SLDASM/Geometries/obj_enclosure-1_Mesh.ubulk" 2292
"D:/Wide_field_unreal_project/WideField_UnrealEditor/Content/Solidworks_ref/Vaishakh_TIRF_SLDASM/Geometries/obj_enclosure-1_Mesh.uasset" 2293
"D:/Wide_field_unreal_project/WideField_UnrealEditor/Content/Solidworks_ref/Vaishakh_TIRF_SLDASM/Geometries/obj_enclosure-1_Mesh.uexp" 2294
"D:/Wide_field_unreal_project/WideField_UnrealEditor/Content/Solidworks_ref/Vaishakh_TIRF_SLDASM/Geometries/MS_sampleholder_base-1_Mesh.ubulk" 2295
"D:/Wide_field_unreal_project/WideField_UnrealEditor/Content/Solidworks_ref/Vaishakh_TIRF_SLDASM/Geometries/MS_sampleholder_base-1_Mesh.uasset" 2296
"D:/Wide_field_unreal_project/WideField_UnrealEditor/Content/Solidworks_ref/Vaishakh_TIRF_SLDASM/Geometries/MS_sampleholder_base-1_Mesh.uexp" 2297
"D:/Wide_field_unreal_project/WideField_UnrealEditor/Content/Solidworks_ref/Vaishakh_TIRF_SLDASM/Geometries/MS_LS50_arm_v3-3_Mesh.ubulk" 2298
"D:/Wide_field_unreal_project/WideField_UnrealEditor/Content/Solidworks_ref/Vaishakh_TIRF_SLDASM/Geometries/MS_LS50_arm_v3-3_Mesh.uasset" 2299
"D:/Wide_field_unreal_project/WideField_UnrealEditor/Content/Solidworks_ref/Vaishakh_TIRF_SLDASM/Geometries/MS_LS50_arm_v3-3_Mesh.uexp" 2300
"D:/Wide_field_unreal_project/WideField_UnrealEditor/Content/Solidworks_ref/Vaishakh_TIRF_SLDASM/Geometries/Mirror_MS_LS50_arm_v2-8_Mesh.ubulk" 2301
"D:/Wide_field_unreal_project/WideField_UnrealEditor/Content/Solidworks_ref/Vaishakh_TIRF_SLDASM/Geometries/Mirror_MS_LS50_arm_v2-8_Mesh.uasset" 2302
"D:/Wide_field_unreal_project/WideField_UnrealEditor/Content/Solidworks_ref/Vaishakh_TIRF_SLDASM/Geometries/Mirror_MS_LS50_arm_v2-8_Mesh.uexp" 2303
"D:/Wide_field_unreal_project/WideField_UnrealEditor/Content/Solidworks_ref/Vaishakh_TIRF_SLDASM/Materials/satin_finish_aluminum_346535728_.uasset" 2304
"D:/Wide_field_unreal_project/WideField_UnrealEditor/Content/Solidworks_ref/Vaishakh_TIRF_SLDASM/Materials/satin_finish_aluminum_346535728_.uexp" 2305
"D:/Wide_field_unreal_project/WideField_UnrealEditor/Content/Solidworks_ref/Vaishakh_TIRF_SLDASM/Geometries/MB8-Solidworks-1_Mesh.ubulk" 2306
"D:/Wide_field_unreal_project/WideField_UnrealEditor/Content/Solidworks_ref/Vaishakh_TIRF_SLDASM/Geometries/MB8-Solidworks-1_Mesh.uasset" 2307
"D:/Wide_field_unreal_project/WideField_UnrealEditor/Content/Solidworks_ref/Vaishakh_TIRF_SLDASM/Geometries/MB8-Solidworks-1_Mesh.uexp" 2308
"D:/Wide_field_unreal_project/WideField_UnrealEditor/Content/Solidworks_ref/Vaishakh_TIRF_SLDASM/Geometries/MB1218A-Solidworks-1_Mesh.ubulk" 2309
"D:/Wide_field_unreal_project/WideField_UnrealEditor/Content/Solidworks_ref/Vaishakh_TIRF_SLDASM/Geometries/MB1218A-Solidworks-1_Mesh.uasset" 2310
"D:/Wide_field_unreal_project/WideField_UnrealEditor/Content/Solidworks_ref/Vaishakh_TIRF_SLDASM/Geometries/MB1218A-Solidworks-1_Mesh.uexp" 2311
"D:/Wide_field_unreal_project/WideField_UnrealEditor/Content/Solidworks_ref/Vaishakh_TIRF_SLDASM/Geometries/L_Bracket_LS50-1_Mesh.ubulk" 2312
"D:/Wide_field_unreal_project/WideField_UnrealEditor/Content/Solidworks_ref/Vaishakh_TIRF_SLDASM/Geometries/L_Bracket_LS50-1_Mesh.uasset" 2313
"D:/Wide_field_unreal_project/WideField_UnrealEditor/Content/Solidworks_ref/Vaishakh_TIRF_SLDASM/Geometries/L_Bracket_LS50-1_Mesh.uexp" 2314
"D:/Wide_field_unreal_project/WideField_UnrealEditor/Content/Solidworks_ref/Vaishakh_TIRF_SLDASM/Geometries/LS50-cube-adapter-1_Mesh.ubulk" 2315
"D:/Wide_field_unreal_project/WideField_UnrealEditor/Content/Solidworks_ref/Vaishakh_TIRF_SLDASM/Geometries/LS50-cube-adapter-1_Mesh.uasset" 2316
"D:/Wide_field_unreal_project/WideField_UnrealEditor/Content/Solidworks_ref/Vaishakh_TIRF_SLDASM/Geometries/LS50-cube-adapter-1_Mesh.uexp" 2317
"D:/Wide_field_unreal_project/WideField_UnrealEditor/Content/Solidworks_ref/Vaishakh_TIRF_SLDASM/Geometries/LS-50LE_ASSEMBLY_PLATFORM-1_Mesh.ubulk" 2318
"D:/Wide_field_unreal_project/WideField_UnrealEditor/Content/Solidworks_ref/Vaishakh_TIRF_SLDASM/Geometries/LS-50LE_ASSEMBLY_PLATFORM-1_Mesh.uasset" 2319
"D:/Wide_field_unreal_project/WideField_UnrealEditor/Content/Solidworks_ref/Vaishakh_TIRF_SLDASM/Geometries/LS-50LE_ASSEMBLY_PLATFORM-1_Mesh.uexp" 2320
"D:/Wide_field_unreal_project/WideField_UnrealEditor/Content/Solidworks_ref/Vaishakh_TIRF_SLDASM/Geometries/LS-50LE_ASSEMBLY_BASE-1_Mesh.ubulk" 2321
"D:/Wide_field_unreal_project/WideField_UnrealEditor/Content/Solidworks_ref/Vaishakh_TIRF_SLDASM/Geometries/LS-50LE_ASSEMBLY_BASE-1_Mesh.uasset" 2322
"D:/Wide_field_unreal_project/WideField_UnrealEditor/Content/Solidworks_ref/Vaishakh_TIRF_SLDASM/Geometries/LS-50LE_ASSEMBLY_BASE-1_Mesh.uexp" 2323
"D:/Wide_field_unreal_project/WideField_UnrealEditor/Content/Solidworks_ref/Vaishakh_TIRF_SLDASM/Materials/color_1780393795_.uasset" 2324
"D:/Wide_field_unreal_project/WideField_UnrealEditor/Content/Solidworks_ref/Vaishakh_TIRF_SLDASM/Materials/color_1780393795_.uexp" 2325
"D:/Wide_field_unreal_project/WideField_UnrealEditor/Content/Solidworks_ref/Vaishakh_TIRF_SLDASM/Geometries/LCP34-Solidworks-1_Mesh.ubulk" 2326
"D:/Wide_field_unreal_project/WideField_UnrealEditor/Content/Solidworks_ref/Vaishakh_TIRF_SLDASM/Geometries/LCP34-Solidworks-1_Mesh.uasset" 2327
"D:/Wide_field_unreal_project/WideField_UnrealEditor/Content/Solidworks_ref/Vaishakh_TIRF_SLDASM/Geometries/LCP34-Solidworks-1_Mesh.uexp" 2328
"D:/Wide_field_unreal_project/WideField_UnrealEditor/Content/Solidworks_ref/Vaishakh_TIRF_SLDASM/Geometries/LCP33-Solidworks-1_Mesh.ubulk" 2329
"D:/Wide_field_unreal_project/WideField_UnrealEditor/Content/Solidworks_ref/Vaishakh_TIRF_SLDASM/Geometries/LCP33-Solidworks-1_Mesh.uasset" 2330
"D:/Wide_field_unreal_project/WideField_UnrealEditor/Content/Solidworks_ref/Vaishakh_TIRF_SLDASM/Geometries/LCP33-Solidworks-1_Mesh.uexp" 2331
"D:/Wide_field_unreal_project/WideField_UnrealEditor/Content/Solidworks_ref/Vaishakh_TIRF_SLDASM/Materials/screw_thread_662095478_.uasset" 2332
"D:/Wide_field_unreal_project/WideField_UnrealEditor/Content/Solidworks_ref/Vaishakh_TIRF_SLDASM/Materials/screw_thread_662095478_.uexp" 2333
"D:/Wide_field_unreal_project/WideField_UnrealEditor/Content/Solidworks_ref/Vaishakh_TIRF_SLDASM/Materials/color_1019214532_.uasset" 2334
"D:/Wide_field_unreal_project/WideField_UnrealEditor/Content/Solidworks_ref/Vaishakh_TIRF_SLDASM/Materials/color_1019214532_.uexp" 2335
"D:/Wide_field_unreal_project/WideField_UnrealEditor/Content/Solidworks_ref/Vaishakh_TIRF_SLDASM/Materials/polished_brass_1342492993_.uasset" 2336
"D:/Wide_field_unreal_project/WideField_UnrealEditor/Content/Solidworks_ref/Vaishakh_TIRF_SLDASM/Materials/polished_brass_1342492993_.uexp" 2337
"D:/Wide_field_unreal_project/WideField_UnrealEditor/Content/Solidworks_ref/Vaishakh_TIRF_SLDASM/Materials/matte_aluminum_148303391_.uasset" 2338
"D:/Wide_field_unreal_project/WideField_UnrealEditor/Content/Solidworks_ref/Vaishakh_TIRF_SLDASM/Materials/matte_aluminum_148303391_.uexp" 2339
"D:/Wide_field_unreal_project/WideField_UnrealEditor/Content/Solidworks_ref/Vaishakh_TIRF_SLDASM/Geometries/KCB1C-Solidworks-1_Mesh.ubulk" 2340
"D:/Wide_field_unreal_project/WideField_UnrealEditor/Content/Solidworks_ref/Vaishakh_TIRF_SLDASM/Geometries/KCB1C-Solidworks-1_Mesh.uasset" 2341
"D:/Wide_field_unreal_project/WideField_UnrealEditor/Content/Solidworks_ref/Vaishakh_TIRF_SLDASM/Geometries/KCB1C-Solidworks-1_Mesh.uexp" 2342
"D:/Wide_field_unreal_project/WideField_UnrealEditor/Content/Solidworks_ref/Vaishakh_TIRF_SLDASM/Geometries/hamamatsu_holder3-1_Mesh.ubulk" 2343
"D:/Wide_field_unreal_project/WideField_UnrealEditor/Content/Solidworks_ref/Vaishakh_TIRF_SLDASM/Geometries/hamamatsu_holder3-1_Mesh.uasset" 2344
"D:/Wide_field_unreal_project/WideField_UnrealEditor/Content/Solidworks_ref/Vaishakh_TIRF_SLDASM/Geometries/hamamatsu_holder3-1_Mesh.uexp" 2345
"D:/Wide_field_unreal_project/WideField_UnrealEditor/Content/Solidworks_ref/Vaishakh_TIRF_SLDASM/Geometries/F280FC-A-Solidworks-1_Mesh.ubulk" 2346
"D:/Wide_field_unreal_project/WideField_UnrealEditor/Content/Solidworks_ref/Vaishakh_TIRF_SLDASM/Geometries/F280FC-A-Solidworks-1_Mesh.uasset" 2347
"D:/Wide_field_unreal_project/WideField_UnrealEditor/Content/Solidworks_ref/Vaishakh_TIRF_SLDASM/Geometries/F280FC-A-Solidworks-1_Mesh.uexp" 2348
"D:/Wide_field_unreal_project/WideField_UnrealEditor/Content/Solidworks_ref/Vaishakh_TIRF_SLDASM/Geometries/ER6-Solidworks-1_Mesh.ubulk" 2349
"D:/Wide_field_unreal_project/WideField_UnrealEditor/Content/Solidworks_ref/Vaishakh_TIRF_SLDASM/Geometries/ER6-Solidworks-1_Mesh.uasset" 2350
"D:/Wide_field_unreal_project/WideField_UnrealEditor/Content/Solidworks_ref/Vaishakh_TIRF_SLDASM/Geometries/ER6-Solidworks-1_Mesh.uexp" 2351
"D:/Wide_field_unreal_project/WideField_UnrealEditor/Content/Solidworks_ref/Vaishakh_TIRF_SLDASM/Geometries/ER1-Solidworks__1_-1_Mesh.ubulk" 2352
"D:/Wide_field_unreal_project/WideField_UnrealEditor/Content/Solidworks_ref/Vaishakh_TIRF_SLDASM/Geometries/ER1-Solidworks__1_-1_Mesh.uasset" 2353
"D:/Wide_field_unreal_project/WideField_UnrealEditor/Content/Solidworks_ref/Vaishakh_TIRF_SLDASM/Geometries/ER1-Solidworks__1_-1_Mesh.uexp" 2354
"D:/Wide_field_unreal_project/WideField_UnrealEditor/Content/Solidworks_ref/Vaishakh_TIRF_SLDASM/Textures/PlasticPolystyrene_normalmap.ubulk" 2355
"D:/Wide_field_unreal_project/WideField_UnrealEditor/Content/Solidworks_ref/Vaishakh_TIRF_SLDASM/Textures/PlasticPolystyrene_normalmap.uasset" 2356
"D:/Wide_field_unreal_project/WideField_UnrealEditor/Content/Solidworks_ref/Vaishakh_TIRF_SLDASM/Textures/PlasticPolystyrene_normalmap.uexp" 2357
"D:/Wide_field_unreal_project/WideField_UnrealEditor/Content/Solidworks_ref/Vaishakh_TIRF_SLDASM/Materials/white-pw-mt11050_1462227785_.uasset" 2358
"D:/Wide_field_unreal_project/WideField_UnrealEditor/Content/Solidworks_ref/Vaishakh_TIRF_SLDASM/Materials/white-pw-mt11050_1462227785_.uexp" 2359
"D:/Wide_field_unreal_project/WideField_UnrealEditor/Content/Solidworks_ref/Vaishakh_TIRF_SLDASM/Geometries/CF125-Solidworks-10_Mesh.ubulk" 2360
"D:/Wide_field_unreal_project/WideField_UnrealEditor/Content/Solidworks_ref/Vaishakh_TIRF_SLDASM/Geometries/CF125-Solidworks-10_Mesh.uasset" 2361
"D:/Wide_field_unreal_project/WideField_UnrealEditor/Content/Solidworks_ref/Vaishakh_TIRF_SLDASM/Geometries/CF125-Solidworks-10_Mesh.uexp" 2362
"D:/Wide_field_unreal_project/WideField_UnrealEditor/Content/Solidworks_ref/Vaishakh_TIRF_SLDASM/Textures/sandblasted.ubulk" 2363
"D:/Wide_field_unreal_project/WideField_UnrealEditor/Content/Solidworks_ref/Vaishakh_TIRF_SLDASM/Textures/sandblasted.uasset" 2364
"D:/Wide_field_unreal_project/WideField_UnrealEditor/Content/Solidworks_ref/Vaishakh_TIRF_SLDASM/Textures/sandblasted.uexp" 2365
"D:/Wide_field_unreal_project/WideField_UnrealEditor/Content/Solidworks_ref/Vaishakh_TIRF_SLDASM/Materials/sandblasted_steel_599624724_.uasset" 2366
"D:/Wide_field_unreal_project/WideField_UnrealEditor/Content/Solidworks_ref/Vaishakh_TIRF_SLDASM/Materials/sandblasted_steel_599624724_.uexp" 2367
"D:/Wide_field_unreal_project/WideField_UnrealEditor/Content/Solidworks_ref/Vaishakh_TIRF_SLDASM/Geometries/camera-1_Mesh.ubulk" 2368
"D:/Wide_field_unreal_project/WideField_UnrealEditor/Content/Solidworks_ref/Vaishakh_TIRF_SLDASM/Geometries/camera-1_Mesh.uasset" 2369
"D:/Wide_field_unreal_project/WideField_UnrealEditor/Content/Solidworks_ref/Vaishakh_TIRF_SLDASM/Geometries/camera-1_Mesh.uexp" 2370
"D:/Wide_field_unreal_project/WideField_UnrealEditor/Content/Solidworks_ref/Vaishakh_TIRF_SLDASM/Geometries/C60-thorlabs-adapter-1_Mesh.ubulk" 2371
"D:/Wide_field_unreal_project/WideField_UnrealEditor/Content/Solidworks_ref/Vaishakh_TIRF_SLDASM/Geometries/C60-thorlabs-adapter-1_Mesh.uasset" 2372
"D:/Wide_field_unreal_project/WideField_UnrealEditor/Content/Solidworks_ref/Vaishakh_TIRF_SLDASM/Geometries/C60-thorlabs-adapter-1_Mesh.uexp" 2373
"D:/Wide_field_unreal_project/WideField_UnrealEditor/Content/Solidworks_ref/Vaishakh_TIRF_SLDASM/Materials/color_836337576_.uasset" 2374
"D:/Wide_field_unreal_project/WideField_UnrealEditor/Content/Solidworks_ref/Vaishakh_TIRF_SLDASM/Materials/color_836337576_.uexp" 2375
"D:/Wide_field_unreal_project/WideField_UnrealEditor/Content/Solidworks_ref/Vaishakh_TIRF_SLDASM/Materials/color_678489874_.uasset" 2376
"D:/Wide_field_unreal_project/WideField_UnrealEditor/Content/Solidworks_ref/Vaishakh_TIRF_SLDASM/Materials/color_678489874_.uexp" 2377
"D:/Wide_field_unreal_project/WideField_UnrealEditor/Content/Solidworks_ref/Vaishakh_TIRF_SLDASM/Materials/color_1175757615_.uasset" 2378
"D:/Wide_field_unreal_project/WideField_UnrealEditor/Content/Solidworks_ref/Vaishakh_TIRF_SLDASM/Materials/color_1175757615_.uexp" 2379
"D:/Wide_field_unreal_project/WideField_UnrealEditor/Content/Solidworks_ref/Vaishakh_TIRF_SLDASM/Materials/color_900750695_.uasset" 2380
"D:/Wide_field_unreal_project/WideField_UnrealEditor/Content/Solidworks_ref/Vaishakh_TIRF_SLDASM/Materials/color_900750695_.uexp" 2381
"D:/Wide_field_unreal_project/WideField_UnrealEditor/Content/Solidworks_ref/Vaishakh_TIRF_SLDASM/Materials/color_1668368908_.uasset" 2382
"D:/Wide_field_unreal_project/WideField_UnrealEditor/Content/Solidworks_ref/Vaishakh_TIRF_SLDASM/Materials/color_1668368908_.uexp" 2383
"D:/Wide_field_unreal_project/WideField_UnrealEditor/Content/Solidworks_ref/Vaishakh_TIRF_SLDASM/Geometries/C60-CUBE-III-2_Mesh.ubulk" 2384
"D:/Wide_field_unreal_project/WideField_UnrealEditor/Content/Solidworks_ref/Vaishakh_TIRF_SLDASM/Geometries/C60-CUBE-III-2_Mesh.uasset" 2385
"D:/Wide_field_unreal_project/WideField_UnrealEditor/Content/Solidworks_ref/Vaishakh_TIRF_SLDASM/Geometries/C60-CUBE-III-2_Mesh.uexp" 2386
"D:/Wide_field_unreal_project/WideField_UnrealEditor/Content/Solidworks_ref/Vaishakh_TIRF_SLDASM/Materials/polished_steel_429967067_.uasset" 2387
"D:/Wide_field_unreal_project/WideField_UnrealEditor/Content/Solidworks_ref/Vaishakh_TIRF_SLDASM/Materials/polished_steel_429967067_.uexp" 2388
"D:/Wide_field_unreal_project/WideField_UnrealEditor/Content/Solidworks_ref/Vaishakh_TIRF_SLDASM/Geometries/BE1-Solidworks-10_Mesh.ubulk" 2389
"D:/Wide_field_unreal_project/WideField_UnrealEditor/Content/Solidworks_ref/Vaishakh_TIRF_SLDASM/Geometries/BE1-Solidworks-10_Mesh.uasset" 2390
"D:/Wide_field_unreal_project/WideField_UnrealEditor/Content/Solidworks_ref/Vaishakh_TIRF_SLDASM/Geometries/BE1-Solidworks-10_Mesh.uexp" 2391
"D:/Wide_field_unreal_project/WideField_UnrealEditor/Content/Solidworks_ref/Vaishakh_TIRF_SLDASM/Materials/color_983803749_.uasset" 2392
"D:/Wide_field_unreal_project/WideField_UnrealEditor/Content/Solidworks_ref/Vaishakh_TIRF_SLDASM/Materials/color_983803749_.uexp" 2393
"D:/Wide_field_unreal_project/WideField_UnrealEditor/Content/Solidworks_ref/Vaishakh_TIRF_SLDASM/Geometries/AD12F-Solidworks-1_Mesh.ubulk" 2394
"D:/Wide_field_unreal_project/WideField_UnrealEditor/Content/Solidworks_ref/Vaishakh_TIRF_SLDASM/Geometries/AD12F-Solidworks-1_Mesh.uasset" 2395
"D:/Wide_field_unreal_project/WideField_UnrealEditor/Content/Solidworks_ref/Vaishakh_TIRF_SLDASM/Geometries/AD12F-Solidworks-1_Mesh.uexp" 2396
"../../../Engine/Plugins/Interchange/Assets/Content/gltf/MaterialInstances/MI_Default_Opaque_DS.uasset" 2397
"../../../Engine/Plugins/Interchange/Assets/Content/gltf/MaterialInstances/MI_Default_Opaque_DS.uexp" 2398
"D:/Wide_field_unreal_project/WideField_UnrealEditor/Content/blender_ref/WideFieldTest_-_V3/Materials/Material.uasset" 2399
"D:/Wide_field_unreal_project/WideField_UnrealEditor/Content/blender_ref/WideFieldTest_-_V3/Materials/Material.uexp" 2400
"D:/Wide_field_unreal_project/WideField_UnrealEditor/Content/blender_ref/WideFieldTest_-_V3/StaticMeshes/Cylinder.ubulk" 2401
"D:/Wide_field_unreal_project/WideField_UnrealEditor/Content/blender_ref/WideFieldTest_-_V3/StaticMeshes/Cylinder.uasset" 2402
"D:/Wide_field_unreal_project/WideField_UnrealEditor/Content/blender_ref/WideFieldTest_-_V3/StaticMeshes/Cylinder.uexp" 2403
"../../../Engine/Plugins/Runtime/OpenXR/Content/Devices/ValveIndex/MRTexture.ubulk" 2404
"../../../Engine/Plugins/Runtime/OpenXR/Content/Devices/ValveIndex/MRTexture.uasset" 2405
"../../../Engine/Plugins/Runtime/OpenXR/Content/Devices/ValveIndex/MRTexture.uexp" 2406
"../../../Engine/Plugins/Runtime/OpenXR/Content/Devices/ValveIndex/BaseTexture.ubulk" 2407
"../../../Engine/Plugins/Runtime/OpenXR/Content/Devices/ValveIndex/BaseTexture.uasset" 2408
"../../../Engine/Plugins/Runtime/OpenXR/Content/Devices/ValveIndex/BaseTexture.uexp" 2409
"../../../Engine/Plugins/Runtime/OpenXR/Content/Devices/ValveIndex/Right/MI_right_ValveIndex.uasset" 2410
"../../../Engine/Plugins/Runtime/OpenXR/Content/Devices/ValveIndex/Right/MI_right_ValveIndex.uexp" 2411
"../../../Engine/Plugins/Runtime/OpenXR/Content/Devices/ValveIndex/Right/right_ValveIndexController.ubulk" 2412
"../../../Engine/Plugins/Runtime/OpenXR/Content/Devices/ValveIndex/Right/right_ValveIndexController.uasset" 2413
"../../../Engine/Plugins/Runtime/OpenXR/Content/Devices/ValveIndex/Right/right_ValveIndexController.uexp" 2414
"../../../Engine/Plugins/Runtime/OpenXR/Content/Devices/ValveIndex/Left/MI_left_ValveIndex.uasset" 2415
"../../../Engine/Plugins/Runtime/OpenXR/Content/Devices/ValveIndex/Left/MI_left_ValveIndex.uexp" 2416
"../../../Engine/Plugins/Runtime/OpenXR/Content/Devices/ValveIndex/Left/left_ValveIndexController.ubulk" 2417
"../../../Engine/Plugins/Runtime/OpenXR/Content/Devices/ValveIndex/Left/left_ValveIndexController.uasset" 2418
"../../../Engine/Plugins/Runtime/OpenXR/Content/Devices/ValveIndex/Left/left_ValveIndexController.uexp" 2419
"../../../Engine/Plugins/Runtime/OpenXR/Content/Devices/OculusTouch_v3/MRTexture.ubulk" 2420
"../../../Engine/Plugins/Runtime/OpenXR/Content/Devices/OculusTouch_v3/MRTexture.uasset" 2421
"../../../Engine/Plugins/Runtime/OpenXR/Content/Devices/OculusTouch_v3/MRTexture.uexp" 2422
"../../../Engine/Plugins/Runtime/OpenXR/Content/Devices/OculusTouch_v3/BaseTexture.ubulk" 2423
"../../../Engine/Plugins/Runtime/OpenXR/Content/Devices/OculusTouch_v3/BaseTexture.uasset" 2424
"../../../Engine/Plugins/Runtime/OpenXR/Content/Devices/OculusTouch_v3/BaseTexture.uexp" 2425
"../../../Engine/Plugins/Runtime/OpenXR/Content/Devices/OculusTouch_v3/MI_OculusTouch_v3.uasset" 2426
"../../../Engine/Plugins/Runtime/OpenXR/Content/Devices/OculusTouch_v3/MI_OculusTouch_v3.uexp" 2427
"../../../Engine/Plugins/Runtime/OpenXR/Content/Devices/OculusTouch_v3/Right/right_OculusTouch_v3Controller.ubulk" 2428
"../../../Engine/Plugins/Runtime/OpenXR/Content/Devices/OculusTouch_v3/Right/right_OculusTouch_v3Controller.uasset" 2429
"../../../Engine/Plugins/Runtime/OpenXR/Content/Devices/OculusTouch_v3/Right/right_OculusTouch_v3Controller.uexp" 2430
"../../../Engine/Plugins/Runtime/OpenXR/Content/Devices/OculusTouch_v3/Left/left_OculusTouch_v3Controller.ubulk" 2431
"../../../Engine/Plugins/Runtime/OpenXR/Content/Devices/OculusTouch_v3/Left/left_OculusTouch_v3Controller.uasset" 2432
"../../../Engine/Plugins/Runtime/OpenXR/Content/Devices/OculusTouch_v3/Left/left_OculusTouch_v3Controller.uexp" 2433
"../../../Engine/Plugins/Runtime/OpenXR/Content/Devices/OculusTouch_v2/MRTexture.ubulk" 2434
"../../../Engine/Plugins/Runtime/OpenXR/Content/Devices/OculusTouch_v2/MRTexture.uasset" 2435
"../../../Engine/Plugins/Runtime/OpenXR/Content/Devices/OculusTouch_v2/MRTexture.uexp" 2436
"../../../Engine/Plugins/Runtime/OpenXR/Content/Devices/OculusTouch_v2/BaseTexture.ubulk" 2437
"../../../Engine/Plugins/Runtime/OpenXR/Content/Devices/OculusTouch_v2/BaseTexture.uasset" 2438
"../../../Engine/Plugins/Runtime/OpenXR/Content/Devices/OculusTouch_v2/BaseTexture.uexp" 2439
"../../../Engine/Plugins/Runtime/OpenXR/Content/Devices/OculusTouch_v2/MI_OculusTouch_v2.uasset" 2440
"../../../Engine/Plugins/Runtime/OpenXR/Content/Devices/OculusTouch_v2/MI_OculusTouch_v2.uexp" 2441
"../../../Engine/Plugins/Runtime/OpenXR/Content/Devices/OculusTouch_v2/Right/right_OculusTouch_v2Controller.ubulk" 2442
"../../../Engine/Plugins/Runtime/OpenXR/Content/Devices/OculusTouch_v2/Right/right_OculusTouch_v2Controller.uasset" 2443
"../../../Engine/Plugins/Runtime/OpenXR/Content/Devices/OculusTouch_v2/Right/right_OculusTouch_v2Controller.uexp" 2444
"../../../Engine/Plugins/Runtime/OpenXR/Content/Devices/OculusTouch_v2/Left/left_OculusTouch_v2Controller.ubulk" 2445
"../../../Engine/Plugins/Runtime/OpenXR/Content/Devices/OculusTouch_v2/Left/left_OculusTouch_v2Controller.uasset" 2446
"../../../Engine/Plugins/Runtime/OpenXR/Content/Devices/OculusTouch_v2/Left/left_OculusTouch_v2Controller.uexp" 2447
"../../../Engine/Plugins/Runtime/OpenXR/Content/Devices/OculusTouch/MRTexture.ubulk" 2448
"../../../Engine/Plugins/Runtime/OpenXR/Content/Devices/OculusTouch/MRTexture.uasset" 2449
"../../../Engine/Plugins/Runtime/OpenXR/Content/Devices/OculusTouch/MRTexture.uexp" 2450
"../../../Engine/Plugins/Runtime/OpenXR/Content/Devices/OculusTouch/BaseTexture.ubulk" 2451
"../../../Engine/Plugins/Runtime/OpenXR/Content/Devices/OculusTouch/BaseTexture.uasset" 2452
"../../../Engine/Plugins/Runtime/OpenXR/Content/Devices/OculusTouch/BaseTexture.uexp" 2453
"../../../Engine/Plugins/Runtime/OpenXR/Content/Devices/OculusTouch/MI_OculusTouch.uasset" 2454
"../../../Engine/Plugins/Runtime/OpenXR/Content/Devices/OculusTouch/MI_OculusTouch.uexp" 2455
"../../../Engine/Plugins/Runtime/OpenXR/Content/Devices/OculusTouch/Right/right_OculusTouchController.ubulk" 2456
"../../../Engine/Plugins/Runtime/OpenXR/Content/Devices/OculusTouch/Right/right_OculusTouchController.uasset" 2457
"../../../Engine/Plugins/Runtime/OpenXR/Content/Devices/OculusTouch/Right/right_OculusTouchController.uexp" 2458
"../../../Engine/Plugins/Runtime/OpenXR/Content/Devices/OculusTouch/Left/left_OculusTouchController.ubulk" 2459
"../../../Engine/Plugins/Runtime/OpenXR/Content/Devices/OculusTouch/Left/left_OculusTouchController.uasset" 2460
"../../../Engine/Plugins/Runtime/OpenXR/Content/Devices/OculusTouch/Left/left_OculusTouchController.uexp" 2461
"../../../Engine/Plugins/Runtime/OpenXR/Content/Devices/MicrosoftMixedReality/NormalTexture.ubulk" 2462
"../../../Engine/Plugins/Runtime/OpenXR/Content/Devices/MicrosoftMixedReality/NormalTexture.uasset" 2463
"../../../Engine/Plugins/Runtime/OpenXR/Content/Devices/MicrosoftMixedReality/NormalTexture.uexp" 2464
"../../../Engine/Plugins/Runtime/OpenXR/Content/Devices/MicrosoftMixedReality/MRTexture.ubulk" 2465
"../../../Engine/Plugins/Runtime/OpenXR/Content/Devices/MicrosoftMixedReality/MRTexture.uasset" 2466
"../../../Engine/Plugins/Runtime/OpenXR/Content/Devices/MicrosoftMixedReality/MRTexture.uexp" 2467
"../../../Engine/Plugins/Runtime/OpenXR/Content/Devices/MicrosoftMixedReality/EmissiveTexture.ubulk" 2468
"../../../Engine/Plugins/Runtime/OpenXR/Content/Devices/MicrosoftMixedReality/EmissiveTexture.uasset" 2469
"../../../Engine/Plugins/Runtime/OpenXR/Content/Devices/MicrosoftMixedReality/EmissiveTexture.uexp" 2470
"../../../Engine/Plugins/Runtime/OpenXR/Content/Devices/MicrosoftMixedReality/BaseTexture.ubulk" 2471
"../../../Engine/Plugins/Runtime/OpenXR/Content/Devices/MicrosoftMixedReality/BaseTexture.uasset" 2472
"../../../Engine/Plugins/Runtime/OpenXR/Content/Devices/MicrosoftMixedReality/BaseTexture.uexp" 2473
"../../../Engine/Plugins/Runtime/OpenXR/Content/Devices/MicrosoftMixedReality/MI_MicrosoftMixedReality.uasset" 2474
"../../../Engine/Plugins/Runtime/OpenXR/Content/Devices/MicrosoftMixedReality/MI_MicrosoftMixedReality.uexp" 2475
"../../../Engine/Plugins/Runtime/OpenXR/Content/Devices/MicrosoftMixedReality/Right/right_MicrosoftMixedRealityController.ubulk" 2476
"../../../Engine/Plugins/Runtime/OpenXR/Content/Devices/MicrosoftMixedReality/Right/right_MicrosoftMixedRealityController.uasset" 2477
"../../../Engine/Plugins/Runtime/OpenXR/Content/Devices/MicrosoftMixedReality/Right/right_MicrosoftMixedRealityController.uexp" 2478
"../../../Engine/Plugins/Runtime/OpenXR/Content/Devices/MicrosoftMixedReality/Left/left_MicrosoftMixedRealityController.ubulk" 2479
"../../../Engine/Plugins/Runtime/OpenXR/Content/Devices/MicrosoftMixedReality/Left/left_MicrosoftMixedRealityController.uasset" 2480
"../../../Engine/Plugins/Runtime/OpenXR/Content/Devices/MicrosoftMixedReality/Left/left_MicrosoftMixedRealityController.uexp" 2481
"../../../Engine/Content/EngineMeshes/Sphere.ubulk" 2482
"../../../Engine/Content/EngineMeshes/Sphere.uasset" 2483
"../../../Engine/Content/EngineMeshes/Sphere.uexp" 2484
"../../../Engine/Content/Functions/Engine_MaterialFunctions01/Shading/PowerToRoughness.uasset" 2485
"../../../Engine/Content/Functions/Engine_MaterialFunctions01/Shading/PowerToRoughness.uexp" 2486
"../../../Engine/Content/EngineMaterials/Substrate/GLints/AGlintTex2dArray.uasset" 2487
"../../../Engine/Content/EngineMaterials/Substrate/GLints/AGlintTex2dArray.uexp" 2488
"../../../Engine/Content/EngineMaterials/Substrate/Glints2/AGlintTex2dArray2.uasset" 2489
"../../../Engine/Content/EngineMaterials/Substrate/Glints2/AGlintTex2dArray2.uexp" 2490
"../../../Engine/Content/EngineMaterials/Substrate/Volume/SubstrateSimpleVolumeEnvLUT3D.uasset" 2491
"../../../Engine/Content/EngineMaterials/Substrate/Volume/SubstrateSimpleVolumeEnvLUT3D.uexp" 2492
"../../../Engine/Content/EngineMaterials/Substrate/Volume/SubstrateSimpleVolumeLUT3D.uasset" 2493
"../../../Engine/Content/EngineMaterials/Substrate/Volume/SubstrateSimpleVolumeLUT3D.uexp" 2494
"../../../Engine/Content/VREditor/LaserPointer/LaserPointerMaterial.uasset" 2495
"../../../Engine/Content/VREditor/LaserPointer/LaserPointerMaterial.uexp" 2496
"../../../Engine/Content/VREditor/LaserPointer/LaserPointerMaterialInst.uasset" 2497
"../../../Engine/Content/VREditor/LaserPointer/LaserPointerMaterialInst.uexp" 2498
"../../../Engine/Plugins/Interchange/Assets/Content/Utilities/New_LUT.uasset" 2499
"../../../Engine/Plugins/Interchange/Assets/Content/Utilities/New_LUT.uexp" 2500
"../../../Engine/Plugins/Interchange/Assets/Content/Functions/MF_Iridescence.uasset" 2501
"../../../Engine/Plugins/Interchange/Assets/Content/Functions/MF_Iridescence.uexp" 2502
"../../../Engine/Plugins/Interchange/Assets/Content/gltf/MaterialFunctions/MF_Clearcoat.uasset" 2503
"../../../Engine/Plugins/Interchange/Assets/Content/gltf/MaterialFunctions/MF_Clearcoat.uexp" 2504
"../../../Engine/Plugins/Interchange/Assets/Content/gltf/MaterialBodies/MF_ClearCoat_Body.uasset" 2505
"../../../Engine/Plugins/Interchange/Assets/Content/gltf/MaterialBodies/MF_ClearCoat_Body.uexp" 2506
"../../../Engine/Plugins/Interchange/Assets/Content/gltf/M_ClearCoat.uasset" 2507
"../../../Engine/Plugins/Interchange/Assets/Content/gltf/M_ClearCoat.uexp" 2508
"../../../Engine/Plugins/Interchange/Assets/Content/gltf/MaterialInstances/MI_ClearCoat_Blend.uasset" 2509
"../../../Engine/Plugins/Interchange/Assets/Content/gltf/MaterialInstances/MI_ClearCoat_Blend.uexp" 2510
"../../../Engine/Plugins/Interchange/Assets/Content/gltf/MaterialInstances/MI_ClearCoat_Blend_DS.uasset" 2511
"../../../Engine/Plugins/Interchange/Assets/Content/gltf/MaterialInstances/MI_ClearCoat_Blend_DS.uexp" 2512
"../../../Engine/Plugins/Interchange/Assets/Content/gltf/MaterialInstances/MI_ClearCoat_Mask.uasset" 2513
"../../../Engine/Plugins/Interchange/Assets/Content/gltf/MaterialInstances/MI_ClearCoat_Mask.uexp" 2514
"../../../Engine/Plugins/Interchange/Assets/Content/gltf/MaterialInstances/MI_ClearCoat_Mask_DS.uasset" 2515
"../../../Engine/Plugins/Interchange/Assets/Content/gltf/MaterialInstances/MI_ClearCoat_Mask_DS.uexp" 2516
"../../../Engine/Plugins/Interchange/Assets/Content/gltf/MaterialInstances/MI_ClearCoat_Opaque.uasset" 2517
"../../../Engine/Plugins/Interchange/Assets/Content/gltf/MaterialInstances/MI_ClearCoat_Opaque.uexp" 2518
"../../../Engine/Plugins/Interchange/Assets/Content/gltf/MaterialInstances/MI_ClearCoat_Opaque_DS.uasset" 2519
"../../../Engine/Plugins/Interchange/Assets/Content/gltf/MaterialInstances/MI_ClearCoat_Opaque_DS.uexp" 2520
"../../../Engine/Plugins/Interchange/Assets/Content/gltf/MaterialInstances/MI_Default_Blend_DS.uasset" 2521
"../../../Engine/Plugins/Interchange/Assets/Content/gltf/MaterialInstances/MI_Default_Blend_DS.uexp" 2522
"../../../Engine/Plugins/Interchange/Assets/Content/gltf/MaterialInstances/MI_Default_Mask.uasset" 2523
"../../../Engine/Plugins/Interchange/Assets/Content/gltf/MaterialInstances/MI_Default_Mask.uexp" 2524
"../../../Engine/Plugins/Interchange/Assets/Content/gltf/MaterialInstances/MI_Default_Mask_DS.uasset" 2525
"../../../Engine/Plugins/Interchange/Assets/Content/gltf/MaterialInstances/MI_Default_Mask_DS.uexp" 2526
"../../../Engine/Plugins/Interchange/Assets/Content/gltf/MaterialFunctions/MF_Sheen.uasset" 2527
"../../../Engine/Plugins/Interchange/Assets/Content/gltf/MaterialFunctions/MF_Sheen.uexp" 2528
"../../../Engine/Plugins/Interchange/Assets/Content/gltf/MaterialBodies/MF_Sheen_Body.uasset" 2529
"../../../Engine/Plugins/Interchange/Assets/Content/gltf/MaterialBodies/MF_Sheen_Body.uexp" 2530
"../../../Engine/Plugins/Interchange/Assets/Content/gltf/M_Sheen.uasset" 2531
"../../../Engine/Plugins/Interchange/Assets/Content/gltf/M_Sheen.uexp" 2532
"../../../Engine/Plugins/Interchange/Assets/Content/gltf/MaterialInstances/MI_Sheen_Blend.uasset" 2533
"../../../Engine/Plugins/Interchange/Assets/Content/gltf/MaterialInstances/MI_Sheen_Blend.uexp" 2534
"../../../Engine/Plugins/Interchange/Assets/Content/gltf/MaterialInstances/MI_Sheen_Blend_DS.uasset" 2535
"../../../Engine/Plugins/Interchange/Assets/Content/gltf/MaterialInstances/MI_Sheen_Blend_DS.uexp" 2536
"../../../Engine/Plugins/Interchange/Assets/Content/gltf/MaterialInstances/MI_Sheen_Mask.uasset" 2537
"../../../Engine/Plugins/Interchange/Assets/Content/gltf/MaterialInstances/MI_Sheen_Mask.uexp" 2538
"../../../Engine/Plugins/Interchange/Assets/Content/gltf/MaterialInstances/MI_Sheen_Mask_DS.uasset" 2539
"../../../Engine/Plugins/Interchange/Assets/Content/gltf/MaterialInstances/MI_Sheen_Mask_DS.uexp" 2540
"../../../Engine/Plugins/Interchange/Assets/Content/gltf/MaterialInstances/MI_Sheen_Opaque.uasset" 2541
"../../../Engine/Plugins/Interchange/Assets/Content/gltf/MaterialInstances/MI_Sheen_Opaque.uexp" 2542
"../../../Engine/Plugins/Interchange/Assets/Content/gltf/MaterialInstances/MI_Sheen_Opaque_DS.uasset" 2543
"../../../Engine/Plugins/Interchange/Assets/Content/gltf/MaterialInstances/MI_Sheen_Opaque_DS.uexp" 2544
"../../../Engine/Content/Functions/Engine_MaterialFunctions02/Math/AddComponents.uasset" 2545
"../../../Engine/Content/Functions/Engine_MaterialFunctions02/Math/AddComponents.uexp" 2546
"../../../Engine/Plugins/Interchange/Assets/Content/gltf/MaterialFunctions/MF_DiffuseSpecGloss.uasset" 2547
"../../../Engine/Plugins/Interchange/Assets/Content/gltf/MaterialFunctions/MF_DiffuseSpecGloss.uexp" 2548
"../../../Engine/Plugins/Interchange/Assets/Content/gltf/MaterialFunctions/MF_MaxComponentValue.uasset" 2549
"../../../Engine/Plugins/Interchange/Assets/Content/gltf/MaterialFunctions/MF_MaxComponentValue.uexp" 2550
"../../../Engine/Plugins/Interchange/Assets/Content/gltf/MaterialFunctions/MF_PerceivedBrightness.uasset" 2551
"../../../Engine/Plugins/Interchange/Assets/Content/gltf/MaterialFunctions/MF_PerceivedBrightness.uexp" 2552
"../../../Engine/Plugins/Interchange/Assets/Content/gltf/MaterialFunctions/MF_SpecGlossToMetalRoughness.uasset" 2553
"../../../Engine/Plugins/Interchange/Assets/Content/gltf/MaterialFunctions/MF_SpecGlossToMetalRoughness.uexp" 2554
"../../../Engine/Plugins/Interchange/Assets/Content/gltf/MaterialBodies/MF_SpecularGlossiness_Body.uasset" 2555
"../../../Engine/Plugins/Interchange/Assets/Content/gltf/MaterialBodies/MF_SpecularGlossiness_Body.uexp" 2556
"../../../Engine/Plugins/Interchange/Assets/Content/gltf/M_SpecularGlossiness.uasset" 2557
"../../../Engine/Plugins/Interchange/Assets/Content/gltf/M_SpecularGlossiness.uexp" 2558
"../../../Engine/Plugins/Interchange/Assets/Content/gltf/MaterialInstances/MI_SpecularGlossiness_Blend.uasset" 2559
"../../../Engine/Plugins/Interchange/Assets/Content/gltf/MaterialInstances/MI_SpecularGlossiness_Blend.uexp" 2560
"../../../Engine/Plugins/Interchange/Assets/Content/gltf/MaterialInstances/MI_SpecularGlossiness_Blend_DS.uasset" 2561
"../../../Engine/Plugins/Interchange/Assets/Content/gltf/MaterialInstances/MI_SpecularGlossiness_Blend_DS.uexp" 2562
"../../../Engine/Plugins/Interchange/Assets/Content/gltf/MaterialInstances/MI_SpecularGlossiness_Mask.uasset" 2563
"../../../Engine/Plugins/Interchange/Assets/Content/gltf/MaterialInstances/MI_SpecularGlossiness_Mask.uexp" 2564
"../../../Engine/Plugins/Interchange/Assets/Content/gltf/MaterialInstances/MI_SpecularGlossiness_Mask_DS.uasset" 2565
"../../../Engine/Plugins/Interchange/Assets/Content/gltf/MaterialInstances/MI_SpecularGlossiness_Mask_DS.uexp" 2566
"../../../Engine/Plugins/Interchange/Assets/Content/gltf/MaterialInstances/MI_SpecularGlossiness_Opaque.uasset" 2567
"../../../Engine/Plugins/Interchange/Assets/Content/gltf/MaterialInstances/MI_SpecularGlossiness_Opaque.uexp" 2568
"../../../Engine/Plugins/Interchange/Assets/Content/gltf/MaterialInstances/MI_SpecularGlossiness_Opaque_DS.uasset" 2569
"../../../Engine/Plugins/Interchange/Assets/Content/gltf/MaterialInstances/MI_SpecularGlossiness_Opaque_DS.uexp" 2570
"../../../Engine/Content/EngineMaterials/Good64x64TilingNoiseHighFreq.uasset" 2571
"../../../Engine/Content/EngineMaterials/Good64x64TilingNoiseHighFreq.uexp" 2572
"../../../Engine/Content/Functions/Engine_MaterialFunctions02/Texturing/ScreenAlignedPixelToPixelUVs.uasset" 2573
"../../../Engine/Content/Functions/Engine_MaterialFunctions02/Texturing/ScreenAlignedPixelToPixelUVs.uexp" 2574
"../../../Engine/Plugins/Interchange/Assets/Content/gltf/MaterialFunctions/MF_Fresnel_DS.uasset" 2575
"../../../Engine/Plugins/Interchange/Assets/Content/gltf/MaterialFunctions/MF_Fresnel_DS.uexp" 2576
"../../../Engine/Plugins/Interchange/Assets/Content/gltf/MaterialFunctions/MF_Temporal_Blur.uasset" 2577
"../../../Engine/Plugins/Interchange/Assets/Content/gltf/MaterialFunctions/MF_Temporal_Blur.uexp" 2578
"../../../Engine/Plugins/Interchange/Assets/Content/gltf/MaterialFunctions/MF_Transmission.uasset" 2579
"../../../Engine/Plugins/Interchange/Assets/Content/gltf/MaterialFunctions/MF_Transmission.uexp" 2580
"../../../Engine/Plugins/Interchange/Assets/Content/gltf/MaterialBodies/MF_Transmission_Body.uasset" 2581
"../../../Engine/Plugins/Interchange/Assets/Content/gltf/MaterialBodies/MF_Transmission_Body.uexp" 2582
"../../../Engine/Plugins/Interchange/Assets/Content/gltf/M_Transmission.uasset" 2583
"../../../Engine/Plugins/Interchange/Assets/Content/gltf/M_Transmission.uexp" 2584
"../../../Engine/Plugins/Interchange/Assets/Content/gltf/MaterialInstances/MI_Transmission.uasset" 2585
"../../../Engine/Plugins/Interchange/Assets/Content/gltf/MaterialInstances/MI_Transmission.uexp" 2586
"../../../Engine/Plugins/Interchange/Assets/Content/gltf/MaterialInstances/MI_Transmission_DS.uasset" 2587
"../../../Engine/Plugins/Interchange/Assets/Content/gltf/MaterialInstances/MI_Transmission_DS.uexp" 2588
"../../../Engine/Plugins/Interchange/Assets/Content/gltf/MaterialBodies/MF_Unlit_Body.uasset" 2589
"../../../Engine/Plugins/Interchange/Assets/Content/gltf/MaterialBodies/MF_Unlit_Body.uexp" 2590
"../../../Engine/Plugins/Interchange/Assets/Content/gltf/M_Unlit.uasset" 2591
"../../../Engine/Plugins/Interchange/Assets/Content/gltf/M_Unlit.uexp" 2592
"../../../Engine/Plugins/Interchange/Assets/Content/gltf/MaterialInstances/MI_Unlit_Blend.uasset" 2593
"../../../Engine/Plugins/Interchange/Assets/Content/gltf/MaterialInstances/MI_Unlit_Blend.uexp" 2594
"../../../Engine/Plugins/Interchange/Assets/Content/gltf/MaterialInstances/MI_Unlit_Blend_DS.uasset" 2595
"../../../Engine/Plugins/Interchange/Assets/Content/gltf/MaterialInstances/MI_Unlit_Blend_DS.uexp" 2596
"../../../Engine/Plugins/Interchange/Assets/Content/gltf/MaterialInstances/MI_Unlit_Mask.uasset" 2597
"../../../Engine/Plugins/Interchange/Assets/Content/gltf/MaterialInstances/MI_Unlit_Mask.uexp" 2598
"../../../Engine/Plugins/Interchange/Assets/Content/gltf/MaterialInstances/MI_Unlit_Mask_DS.uasset" 2599
"../../../Engine/Plugins/Interchange/Assets/Content/gltf/MaterialInstances/MI_Unlit_Mask_DS.uexp" 2600
"../../../Engine/Plugins/Interchange/Assets/Content/gltf/MaterialInstances/MI_Unlit_Opaque.uasset" 2601
"../../../Engine/Plugins/Interchange/Assets/Content/gltf/MaterialInstances/MI_Unlit_Opaque.uexp" 2602
"../../../Engine/Plugins/Interchange/Assets/Content/gltf/MaterialInstances/MI_Unlit_Opaque_DS.uasset" 2603
"../../../Engine/Plugins/Interchange/Assets/Content/gltf/MaterialInstances/MI_Unlit_Opaque_DS.uexp" 2604
"../../../Engine/Plugins/Runtime/OpenXR/Content/Devices/HTCVive/BaseTexture.ubulk" 2605
"../../../Engine/Plugins/Runtime/OpenXR/Content/Devices/HTCVive/BaseTexture.uasset" 2606
"../../../Engine/Plugins/Runtime/OpenXR/Content/Devices/HTCVive/BaseTexture.uexp" 2607
"../../../Engine/Plugins/Runtime/OpenXR/Content/Devices/HTCVive/MI_HTCVive.uasset" 2608
"../../../Engine/Plugins/Runtime/OpenXR/Content/Devices/HTCVive/MI_HTCVive.uexp" 2609
"../../../Engine/Plugins/Runtime/OpenXR/Content/Devices/HTCVive/HTCViveController.ubulk" 2610
"../../../Engine/Plugins/Runtime/OpenXR/Content/Devices/HTCVive/HTCViveController.uasset" 2611
"../../../Engine/Plugins/Runtime/OpenXR/Content/Devices/HTCVive/HTCViveController.uexp" 2612
"../../../Engine/Content/EngineSky/VolumetricClouds/VT_PerlinWorley_Balanced.uasset" 2613
"../../../Engine/Content/EngineSky/VolumetricClouds/VT_PerlinWorley_Balanced.uexp" 2614
"../../../Engine/Content/EngineSky/VolumetricClouds/T_Profile_08.ubulk" 2615
"../../../Engine/Content/EngineSky/VolumetricClouds/T_Profile_08.uasset" 2616
"../../../Engine/Content/EngineSky/VolumetricClouds/T_Profile_08.uexp" 2617
"../../../Engine/Content/EngineSky/VolumetricClouds/T_CloudPattern.ubulk" 2618
"../../../Engine/Content/EngineSky/VolumetricClouds/T_CloudPattern.uasset" 2619
"../../../Engine/Content/EngineSky/VolumetricClouds/T_CloudPattern.uexp" 2620
"../../../Engine/Content/EngineSky/VolumetricClouds/T_CloudMask.ubulk" 2621
"../../../Engine/Content/EngineSky/VolumetricClouds/T_CloudMask.uasset" 2622
"../../../Engine/Content/EngineSky/VolumetricClouds/T_CloudMask.uexp" 2623
"../../../Engine/Content/EngineResources/DefaultVolumeTexture2D.uasset" 2624
"../../../Engine/Content/EngineResources/DefaultVolumeTexture2D.uexp" 2625
"../../../Engine/Content/EngineResources/DefaultVolumeTexture.uasset" 2626
"../../../Engine/Content/EngineResources/DefaultVolumeTexture.uexp" 2627
"../../../Engine/Content/EngineSky/VolumetricClouds/VT_Lightning.uasset" 2628
"../../../Engine/Content/EngineSky/VolumetricClouds/VT_Lightning.uexp" 2629
"../../../Engine/Content/Functions/Engine_MaterialFunctions01/Units/Km-to-Cm.uasset" 2630
"../../../Engine/Content/Functions/Engine_MaterialFunctions01/Units/Km-to-Cm.uexp" 2631
"../../../Engine/Content/EngineSky/VolumetricClouds/m_SimpleVolumetricCloud.uasset" 2632
"../../../Engine/Content/EngineSky/VolumetricClouds/m_SimpleVolumetricCloud.uexp" 2633
"../../../Engine/Content/EngineSky/VolumetricClouds/m_SimpleVolumetricCloud_Inst.uasset" 2634
"../../../Engine/Content/EngineSky/VolumetricClouds/m_SimpleVolumetricCloud_Inst.uexp" 2635
"../../../Engine/Content/EditorMaterials/Camera/CineMat.uasset" 2636
"../../../Engine/Content/EditorMaterials/Camera/CineMat.uexp" 2637
"../../../Engine/Content/EditorMaterials/Camera/MI_CineMat_Rig.uasset" 2638
"../../../Engine/Content/EditorMaterials/Camera/MI_CineMat_Rig.uexp" 2639
"../../../Engine/Content/EditorMeshes/Camera/SM_CraneRig_Arm.ubulk" 2640
"../../../Engine/Content/EditorMeshes/Camera/SM_CraneRig_Arm.uasset" 2641
"../../../Engine/Content/EditorMeshes/Camera/SM_CraneRig_Arm.uexp" 2642
"../../../Engine/Content/EditorMeshes/Camera/SM_CraneRig_Base.ubulk" 2643
"../../../Engine/Content/EditorMeshes/Camera/SM_CraneRig_Base.uasset" 2644
"../../../Engine/Content/EditorMeshes/Camera/SM_CraneRig_Base.uexp" 2645
"../../../Engine/Content/EditorMeshes/Camera/SM_CraneRig_Body.ubulk" 2646
"../../../Engine/Content/EditorMeshes/Camera/SM_CraneRig_Body.uasset" 2647
"../../../Engine/Content/EditorMeshes/Camera/SM_CraneRig_Body.uexp" 2648
"../../../Engine/Content/EditorMeshes/Camera/SM_CraneRig_Mount.ubulk" 2649
"../../../Engine/Content/EditorMeshes/Camera/SM_CraneRig_Mount.uasset" 2650
"../../../Engine/Content/EditorMeshes/Camera/SM_CraneRig_Mount.uexp" 2651
"../../../Engine/Content/EditorMeshes/Camera/SM_RailRig_Mount.ubulk" 2652
"../../../Engine/Content/EditorMeshes/Camera/SM_RailRig_Mount.uasset" 2653
"../../../Engine/Content/EditorMeshes/Camera/SM_RailRig_Mount.uexp" 2654
"../../../Engine/Content/EditorMeshes/Camera/SM_RailRig_Track.ubulk" 2655
"../../../Engine/Content/EditorMeshes/Camera/SM_RailRig_Track.uasset" 2656
"../../../Engine/Content/EditorMeshes/Camera/SM_RailRig_Track.uexp" 2657
"../../../Engine/Content/EditorMaterials/AssetViewer/EpicQuadPanorama_CC+EV1.uasset" 2658
"../../../Engine/Content/EditorMaterials/AssetViewer/EpicQuadPanorama_CC+EV1.uexp" 2659
"../../../Engine/Content/EditorMaterials/AssetViewer/T_GreyAmbient.uasset" 2660
"../../../Engine/Content/EditorMaterials/AssetViewer/T_GreyAmbient.uexp" 2661
"../../../Engine/Plugins/Animation/ControlRig/Content/Controls/ControlRig_Arrow2_1mm.ubulk" 2662
"../../../Engine/Plugins/Animation/ControlRig/Content/Controls/ControlRig_Arrow2_1mm.uasset" 2663
"../../../Engine/Plugins/Animation/ControlRig/Content/Controls/ControlRig_Arrow2_1mm.uexp" 2664
"../../../Engine/Plugins/Animation/ControlRig/Content/Controls/ControlRig_Arrow2_3mm.ubulk" 2665
"../../../Engine/Plugins/Animation/ControlRig/Content/Controls/ControlRig_Arrow2_3mm.uasset" 2666
"../../../Engine/Plugins/Animation/ControlRig/Content/Controls/ControlRig_Arrow2_3mm.uexp" 2667
"../../../Engine/Plugins/Animation/ControlRig/Content/Controls/ControlRig_Arrow2_solid.ubulk" 2668
"../../../Engine/Plugins/Animation/ControlRig/Content/Controls/ControlRig_Arrow2_solid.uasset" 2669
"../../../Engine/Plugins/Animation/ControlRig/Content/Controls/ControlRig_Arrow2_solid.uexp" 2670
"../../../Engine/Plugins/Animation/ControlRig/Content/Controls/ControlRig_Arrow4_1mm.ubulk" 2671
"../../../Engine/Plugins/Animation/ControlRig/Content/Controls/ControlRig_Arrow4_1mm.uasset" 2672
"../../../Engine/Plugins/Animation/ControlRig/Content/Controls/ControlRig_Arrow4_1mm.uexp" 2673
"../../../Engine/Plugins/Animation/ControlRig/Content/Controls/ControlRig_Arrow4_3mm.ubulk" 2674
"../../../Engine/Plugins/Animation/ControlRig/Content/Controls/ControlRig_Arrow4_3mm.uasset" 2675
"../../../Engine/Plugins/Animation/ControlRig/Content/Controls/ControlRig_Arrow4_3mm.uexp" 2676
"../../../Engine/Plugins/Animation/ControlRig/Content/Controls/ControlRig_Arrow4_solid.ubulk" 2677
"../../../Engine/Plugins/Animation/ControlRig/Content/Controls/ControlRig_Arrow4_solid.uasset" 2678
"../../../Engine/Plugins/Animation/ControlRig/Content/Controls/ControlRig_Arrow4_solid.uexp" 2679
"../../../Engine/Plugins/Animation/ControlRig/Content/Controls/ControlRig_Arrow_1mm.ubulk" 2680
"../../../Engine/Plugins/Animation/ControlRig/Content/Controls/ControlRig_Arrow_1mm.uasset" 2681
"../../../Engine/Plugins/Animation/ControlRig/Content/Controls/ControlRig_Arrow_1mm.uexp" 2682
"../../../Engine/Plugins/Animation/ControlRig/Content/Controls/ControlRig_Arrow_3mm.ubulk" 2683
"../../../Engine/Plugins/Animation/ControlRig/Content/Controls/ControlRig_Arrow_3mm.uasset" 2684
"../../../Engine/Plugins/Animation/ControlRig/Content/Controls/ControlRig_Arrow_3mm.uexp" 2685
"../../../Engine/Plugins/Animation/ControlRig/Content/Controls/ControlRig_Arrow_solid.ubulk" 2686
"../../../Engine/Plugins/Animation/ControlRig/Content/Controls/ControlRig_Arrow_solid.uasset" 2687
"../../../Engine/Plugins/Animation/ControlRig/Content/Controls/ControlRig_Arrow_solid.uexp" 2688
"../../../Engine/Plugins/Animation/ControlRig/Content/Controls/ControlRig_Box_1mm.ubulk" 2689
"../../../Engine/Plugins/Animation/ControlRig/Content/Controls/ControlRig_Box_1mm.uasset" 2690
"../../../Engine/Plugins/Animation/ControlRig/Content/Controls/ControlRig_Box_1mm.uexp" 2691
"../../../Engine/Plugins/Animation/ControlRig/Content/Controls/ControlRig_Box_3mm.ubulk" 2692
"../../../Engine/Plugins/Animation/ControlRig/Content/Controls/ControlRig_Box_3mm.uasset" 2693
"../../../Engine/Plugins/Animation/ControlRig/Content/Controls/ControlRig_Box_3mm.uexp" 2694
"../../../Engine/Plugins/Animation/ControlRig/Content/Controls/ControlRig_Box_solid.ubulk" 2695
"../../../Engine/Plugins/Animation/ControlRig/Content/Controls/ControlRig_Box_solid.uasset" 2696
"../../../Engine/Plugins/Animation/ControlRig/Content/Controls/ControlRig_Box_solid.uexp" 2697
"../../../Engine/Plugins/Animation/ControlRig/Content/Controls/ControlRig_Circle_1mm.ubulk" 2698
"../../../Engine/Plugins/Animation/ControlRig/Content/Controls/ControlRig_Circle_1mm.uasset" 2699
"../../../Engine/Plugins/Animation/ControlRig/Content/Controls/ControlRig_Circle_1mm.uexp" 2700
"../../../Engine/Plugins/Animation/ControlRig/Content/Controls/ControlRig_Circle_3mm.ubulk" 2701
"../../../Engine/Plugins/Animation/ControlRig/Content/Controls/ControlRig_Circle_3mm.uasset" 2702
"../../../Engine/Plugins/Animation/ControlRig/Content/Controls/ControlRig_Circle_3mm.uexp" 2703
"../../../Engine/Plugins/Animation/ControlRig/Content/Controls/ControlRig_Circle_solid.ubulk" 2704
"../../../Engine/Plugins/Animation/ControlRig/Content/Controls/ControlRig_Circle_solid.uasset" 2705
"../../../Engine/Plugins/Animation/ControlRig/Content/Controls/ControlRig_Circle_solid.uexp" 2706
"../../../Engine/Plugins/Animation/ControlRig/Content/Controls/ControlRig_Diamond_1mm.ubulk" 2707
"../../../Engine/Plugins/Animation/ControlRig/Content/Controls/ControlRig_Diamond_1mm.uasset" 2708
"../../../Engine/Plugins/Animation/ControlRig/Content/Controls/ControlRig_Diamond_1mm.uexp" 2709
"../../../Engine/Plugins/Animation/ControlRig/Content/Controls/ControlRig_Diamond_3mm.ubulk" 2710
"../../../Engine/Plugins/Animation/ControlRig/Content/Controls/ControlRig_Diamond_3mm.uasset" 2711
"../../../Engine/Plugins/Animation/ControlRig/Content/Controls/ControlRig_Diamond_3mm.uexp" 2712
"../../../Engine/Plugins/Animation/ControlRig/Content/Controls/ControlRig_Diamond_solid.ubulk" 2713
"../../../Engine/Plugins/Animation/ControlRig/Content/Controls/ControlRig_Diamond_solid.uasset" 2714
"../../../Engine/Plugins/Animation/ControlRig/Content/Controls/ControlRig_Diamond_solid.uexp" 2715
"../../../Engine/Plugins/Animation/ControlRig/Content/Controls/ControlRig_HalfCircle_1mm.ubulk" 2716
"../../../Engine/Plugins/Animation/ControlRig/Content/Controls/ControlRig_HalfCircle_1mm.uasset" 2717
"../../../Engine/Plugins/Animation/ControlRig/Content/Controls/ControlRig_HalfCircle_1mm.uexp" 2718
"../../../Engine/Plugins/Animation/ControlRig/Content/Controls/ControlRig_HalfCircle_3mm.ubulk" 2719
"../../../Engine/Plugins/Animation/ControlRig/Content/Controls/ControlRig_HalfCircle_3mm.uasset" 2720
"../../../Engine/Plugins/Animation/ControlRig/Content/Controls/ControlRig_HalfCircle_3mm.uexp" 2721
"../../../Engine/Plugins/Animation/ControlRig/Content/Controls/ControlRig_HalfCircle_solid.ubulk" 2722
"../../../Engine/Plugins/Animation/ControlRig/Content/Controls/ControlRig_HalfCircle_solid.uasset" 2723
"../../../Engine/Plugins/Animation/ControlRig/Content/Controls/ControlRig_HalfCircle_solid.uexp" 2724
"../../../Engine/Plugins/Animation/ControlRig/Content/Controls/ControlRig_Hexagon_1mm.ubulk" 2725
"../../../Engine/Plugins/Animation/ControlRig/Content/Controls/ControlRig_Hexagon_1mm.uasset" 2726
"../../../Engine/Plugins/Animation/ControlRig/Content/Controls/ControlRig_Hexagon_1mm.uexp" 2727
"../../../Engine/Plugins/Animation/ControlRig/Content/Controls/ControlRig_Hexagon_3mm.ubulk" 2728
"../../../Engine/Plugins/Animation/ControlRig/Content/Controls/ControlRig_Hexagon_3mm.uasset" 2729
"../../../Engine/Plugins/Animation/ControlRig/Content/Controls/ControlRig_Hexagon_3mm.uexp" 2730
"../../../Engine/Plugins/Animation/ControlRig/Content/Controls/ControlRig_Hexagon_solid.ubulk" 2731
"../../../Engine/Plugins/Animation/ControlRig/Content/Controls/ControlRig_Hexagon_solid.uasset" 2732
"../../../Engine/Plugins/Animation/ControlRig/Content/Controls/ControlRig_Hexagon_solid.uexp" 2733
"../../../Engine/Plugins/Animation/ControlRig/Content/Controls/ControlRig_Octagon_1mm.ubulk" 2734
"../../../Engine/Plugins/Animation/ControlRig/Content/Controls/ControlRig_Octagon_1mm.uasset" 2735
"../../../Engine/Plugins/Animation/ControlRig/Content/Controls/ControlRig_Octagon_1mm.uexp" 2736
"../../../Engine/Plugins/Animation/ControlRig/Content/Controls/ControlRig_Octagon_3mm.ubulk" 2737
"../../../Engine/Plugins/Animation/ControlRig/Content/Controls/ControlRig_Octagon_3mm.uasset" 2738
"../../../Engine/Plugins/Animation/ControlRig/Content/Controls/ControlRig_Octagon_3mm.uexp" 2739
"../../../Engine/Plugins/Animation/ControlRig/Content/Controls/ControlRig_Octagon_solid.ubulk" 2740
"../../../Engine/Plugins/Animation/ControlRig/Content/Controls/ControlRig_Octagon_solid.uasset" 2741
"../../../Engine/Plugins/Animation/ControlRig/Content/Controls/ControlRig_Octagon_solid.uexp" 2742
"../../../Engine/Plugins/Animation/ControlRig/Content/Controls/ControlRig_Pyramid_1mm.ubulk" 2743
"../../../Engine/Plugins/Animation/ControlRig/Content/Controls/ControlRig_Pyramid_1mm.uasset" 2744
"../../../Engine/Plugins/Animation/ControlRig/Content/Controls/ControlRig_Pyramid_1mm.uexp" 2745
"../../../Engine/Plugins/Animation/ControlRig/Content/Controls/ControlRig_Pyramid_3mm.ubulk" 2746
"../../../Engine/Plugins/Animation/ControlRig/Content/Controls/ControlRig_Pyramid_3mm.uasset" 2747
"../../../Engine/Plugins/Animation/ControlRig/Content/Controls/ControlRig_Pyramid_3mm.uexp" 2748
"../../../Engine/Plugins/Animation/ControlRig/Content/Controls/ControlRig_Pyramid_solid.ubulk" 2749
"../../../Engine/Plugins/Animation/ControlRig/Content/Controls/ControlRig_Pyramid_solid.uasset" 2750
"../../../Engine/Plugins/Animation/ControlRig/Content/Controls/ControlRig_Pyramid_solid.uexp" 2751
"../../../Engine/Plugins/Animation/ControlRig/Content/Controls/ControlRig_QuarterCircle_1mm.ubulk" 2752
"../../../Engine/Plugins/Animation/ControlRig/Content/Controls/ControlRig_QuarterCircle_1mm.uasset" 2753
"../../../Engine/Plugins/Animation/ControlRig/Content/Controls/ControlRig_QuarterCircle_1mm.uexp" 2754
"../../../Engine/Plugins/Animation/ControlRig/Content/Controls/ControlRig_QuarterCircle_3mm.ubulk" 2755
"../../../Engine/Plugins/Animation/ControlRig/Content/Controls/ControlRig_QuarterCircle_3mm.uasset" 2756
"../../../Engine/Plugins/Animation/ControlRig/Content/Controls/ControlRig_QuarterCircle_3mm.uexp" 2757
"../../../Engine/Plugins/Animation/ControlRig/Content/Controls/ControlRig_QuarterCircle_solid.ubulk" 2758
"../../../Engine/Plugins/Animation/ControlRig/Content/Controls/ControlRig_QuarterCircle_solid.uasset" 2759
"../../../Engine/Plugins/Animation/ControlRig/Content/Controls/ControlRig_QuarterCircle_solid.uexp" 2760
"../../../Engine/Plugins/Animation/ControlRig/Content/Controls/ControlRig_RoundedSquare_1mm.ubulk" 2761
"../../../Engine/Plugins/Animation/ControlRig/Content/Controls/ControlRig_RoundedSquare_1mm.uasset" 2762
"../../../Engine/Plugins/Animation/ControlRig/Content/Controls/ControlRig_RoundedSquare_1mm.uexp" 2763
"../../../Engine/Plugins/Animation/ControlRig/Content/Controls/ControlRig_RoundedSquare_3mm.ubulk" 2764
"../../../Engine/Plugins/Animation/ControlRig/Content/Controls/ControlRig_RoundedSquare_3mm.uasset" 2765
"../../../Engine/Plugins/Animation/ControlRig/Content/Controls/ControlRig_RoundedSquare_3mm.uexp" 2766
"../../../Engine/Plugins/Animation/ControlRig/Content/Controls/ControlRig_RoundedSquare_solid.ubulk" 2767
"../../../Engine/Plugins/Animation/ControlRig/Content/Controls/ControlRig_RoundedSquare_solid.uasset" 2768
"../../../Engine/Plugins/Animation/ControlRig/Content/Controls/ControlRig_RoundedSquare_solid.uexp" 2769
"../../../Engine/Plugins/Animation/ControlRig/Content/Controls/ControlRig_RoundedTriangle_1mm.ubulk" 2770
"../../../Engine/Plugins/Animation/ControlRig/Content/Controls/ControlRig_RoundedTriangle_1mm.uasset" 2771
"../../../Engine/Plugins/Animation/ControlRig/Content/Controls/ControlRig_RoundedTriangle_1mm.uexp" 2772
"../../../Engine/Plugins/Animation/ControlRig/Content/Controls/ControlRig_RoundedTriangle_3mm.ubulk" 2773
"../../../Engine/Plugins/Animation/ControlRig/Content/Controls/ControlRig_RoundedTriangle_3mm.uasset" 2774
"../../../Engine/Plugins/Animation/ControlRig/Content/Controls/ControlRig_RoundedTriangle_3mm.uexp" 2775
"../../../Engine/Plugins/Animation/ControlRig/Content/Controls/ControlRig_RoundedTriangle_solid.ubulk" 2776
"../../../Engine/Plugins/Animation/ControlRig/Content/Controls/ControlRig_RoundedTriangle_solid.uasset" 2777
"../../../Engine/Plugins/Animation/ControlRig/Content/Controls/ControlRig_RoundedTriangle_solid.uexp" 2778
"../../../Engine/Plugins/Animation/ControlRig/Content/Controls/ControlRig_Sphere_1mm.ubulk" 2779
"../../../Engine/Plugins/Animation/ControlRig/Content/Controls/ControlRig_Sphere_1mm.uasset" 2780
"../../../Engine/Plugins/Animation/ControlRig/Content/Controls/ControlRig_Sphere_1mm.uexp" 2781
"../../../Engine/Plugins/Animation/ControlRig/Content/Controls/ControlRig_Sphere_3mm.ubulk" 2782
"../../../Engine/Plugins/Animation/ControlRig/Content/Controls/ControlRig_Sphere_3mm.uasset" 2783
"../../../Engine/Plugins/Animation/ControlRig/Content/Controls/ControlRig_Sphere_3mm.uexp" 2784
"../../../Engine/Plugins/Animation/ControlRig/Content/Controls/ControlRig_Sphere_solid.ubulk" 2785
"../../../Engine/Plugins/Animation/ControlRig/Content/Controls/ControlRig_Sphere_solid.uasset" 2786
"../../../Engine/Plugins/Animation/ControlRig/Content/Controls/ControlRig_Sphere_solid.uexp" 2787
"../../../Engine/Plugins/Animation/ControlRig/Content/Controls/ControlRig_Square_1mm.ubulk" 2788
"../../../Engine/Plugins/Animation/ControlRig/Content/Controls/ControlRig_Square_1mm.uasset" 2789
"../../../Engine/Plugins/Animation/ControlRig/Content/Controls/ControlRig_Square_1mm.uexp" 2790
"../../../Engine/Plugins/Animation/ControlRig/Content/Controls/ControlRig_Square_3mm.ubulk" 2791
"../../../Engine/Plugins/Animation/ControlRig/Content/Controls/ControlRig_Square_3mm.uasset" 2792
"../../../Engine/Plugins/Animation/ControlRig/Content/Controls/ControlRig_Square_3mm.uexp" 2793
"../../../Engine/Plugins/Animation/ControlRig/Content/Controls/ControlRig_Square_solid.ubulk" 2794
"../../../Engine/Plugins/Animation/ControlRig/Content/Controls/ControlRig_Square_solid.uasset" 2795
"../../../Engine/Plugins/Animation/ControlRig/Content/Controls/ControlRig_Square_solid.uexp" 2796
"../../../Engine/Plugins/Animation/ControlRig/Content/Controls/ControlRig_Star4_1mm.ubulk" 2797
"../../../Engine/Plugins/Animation/ControlRig/Content/Controls/ControlRig_Star4_1mm.uasset" 2798
"../../../Engine/Plugins/Animation/ControlRig/Content/Controls/ControlRig_Star4_1mm.uexp" 2799
"../../../Engine/Plugins/Animation/ControlRig/Content/Controls/ControlRig_Star4_3mm.ubulk" 2800
"../../../Engine/Plugins/Animation/ControlRig/Content/Controls/ControlRig_Star4_3mm.uasset" 2801
"../../../Engine/Plugins/Animation/ControlRig/Content/Controls/ControlRig_Star4_3mm.uexp" 2802
"../../../Engine/Plugins/Animation/ControlRig/Content/Controls/ControlRig_Star4_solid.ubulk" 2803
"../../../Engine/Plugins/Animation/ControlRig/Content/Controls/ControlRig_Star4_solid.uasset" 2804
"../../../Engine/Plugins/Animation/ControlRig/Content/Controls/ControlRig_Star4_solid.uexp" 2805
"../../../Engine/Plugins/Animation/ControlRig/Content/Controls/ControlRig_Triangle_1mm.ubulk" 2806
"../../../Engine/Plugins/Animation/ControlRig/Content/Controls/ControlRig_Triangle_1mm.uasset" 2807
"../../../Engine/Plugins/Animation/ControlRig/Content/Controls/ControlRig_Triangle_1mm.uexp" 2808
"../../../Engine/Plugins/Animation/ControlRig/Content/Controls/ControlRig_Triangle_3mm.ubulk" 2809
"../../../Engine/Plugins/Animation/ControlRig/Content/Controls/ControlRig_Triangle_3mm.uasset" 2810
"../../../Engine/Plugins/Animation/ControlRig/Content/Controls/ControlRig_Triangle_3mm.uexp" 2811
"../../../Engine/Plugins/Animation/ControlRig/Content/Controls/ControlRig_Triangle_solid.ubulk" 2812
"../../../Engine/Plugins/Animation/ControlRig/Content/Controls/ControlRig_Triangle_solid.uasset" 2813
"../../../Engine/Plugins/Animation/ControlRig/Content/Controls/ControlRig_Triangle_solid.uexp" 2814
"../../../Engine/Plugins/Animation/ControlRig/Content/Controls/ControlRig_Wedge_1mm.ubulk" 2815
"../../../Engine/Plugins/Animation/ControlRig/Content/Controls/ControlRig_Wedge_1mm.uasset" 2816
"../../../Engine/Plugins/Animation/ControlRig/Content/Controls/ControlRig_Wedge_1mm.uexp" 2817
"../../../Engine/Plugins/Animation/ControlRig/Content/Controls/ControlRig_Wedge_3mm.ubulk" 2818
"../../../Engine/Plugins/Animation/ControlRig/Content/Controls/ControlRig_Wedge_3mm.uasset" 2819
"../../../Engine/Plugins/Animation/ControlRig/Content/Controls/ControlRig_Wedge_3mm.uexp" 2820
"../../../Engine/Plugins/Animation/ControlRig/Content/Controls/ControlRig_Wedge_solid.ubulk" 2821
"../../../Engine/Plugins/Animation/ControlRig/Content/Controls/ControlRig_Wedge_solid.uasset" 2822
"../../../Engine/Plugins/Animation/ControlRig/Content/Controls/ControlRig_Wedge_solid.uexp" 2823
"../../../Engine/Plugins/Experimental/CineCameraRigs/Content/AttachMount/M_CineCameraAttachMount_PreviewBack.uasset" 2824
"../../../Engine/Plugins/Experimental/CineCameraRigs/Content/AttachMount/M_CineCameraAttachMount_PreviewBack.uexp" 2825
"../../../Engine/Plugins/Experimental/CineCameraRigs/Content/AttachMount/M_CineCameraAttachMount_Preview.uasset" 2826
"../../../Engine/Plugins/Experimental/CineCameraRigs/Content/AttachMount/M_CineCameraAttachMount_Preview.uexp" 2827
"../../../Engine/Plugins/Experimental/CineCameraRigs/Content/AttachMount/SM_CineCameraAttachMount_PreviewMesh.ubulk" 2828
"../../../Engine/Plugins/Experimental/CineCameraRigs/Content/AttachMount/SM_CineCameraAttachMount_PreviewMesh.uasset" 2829
"../../../Engine/Plugins/Experimental/CineCameraRigs/Content/AttachMount/SM_CineCameraAttachMount_PreviewMesh.uexp" 2830
"../../../Engine/Plugins/Experimental/VirtualProductionUtilities/Content/Bookmark/M_BookmarkVP.uasset" 2831
"../../../Engine/Plugins/Experimental/VirtualProductionUtilities/Content/Bookmark/M_BookmarkVP.uexp" 2832
"../../../Engine/Plugins/Experimental/VirtualProductionUtilities/Content/Bookmark/MI_BookmarkVPNoUser.uasset" 2833
"../../../Engine/Plugins/Experimental/VirtualProductionUtilities/Content/Bookmark/MI_BookmarkVPNoUser.uexp" 2834
"../../../Engine/Plugins/Experimental/VirtualProductionUtilities/Content/Bookmark/BookmarkVPMesh.ubulk" 2835
"../../../Engine/Plugins/Experimental/VirtualProductionUtilities/Content/Bookmark/BookmarkVPMesh.uasset" 2836
"../../../Engine/Plugins/Experimental/VirtualProductionUtilities/Content/Bookmark/BookmarkVPMesh.uexp" 2837
"../../../Engine/Plugins/Runtime/AR/ARUtilities/Content/Materials/M_ScreenSpacePassthroughCamera.uasset" 2838
"../../../Engine/Plugins/Runtime/AR/ARUtilities/Content/Materials/M_ScreenSpacePassthroughCamera.uexp" 2839
"../../../Engine/Plugins/Runtime/AR/ARUtilities/Content/Materials/MI_ScreenSpacePassthroughCameraExternalTexture.uasset" 2840
"../../../Engine/Plugins/Runtime/AR/ARUtilities/Content/Materials/MI_ScreenSpacePassthroughCameraExternalTexture.uexp" 2841
"../../../Engine/Content/ArtTools/RenderToTexture/Textures/T_EV_BlankWhite_01.uasset" 2842
"../../../Engine/Content/ArtTools/RenderToTexture/Textures/T_EV_BlankWhite_01.uexp" 2843
"../../../Engine/Plugins/Runtime/nDisplay/Content/LightCard/M_LightCard.uasset" 2844
"../../../Engine/Plugins/Runtime/nDisplay/Content/LightCard/M_LightCard.uexp" 2845
"../../../Engine/Plugins/Runtime/nDisplay/Content/LightCard/SM_LightCardPlane.ubulk" 2846
"../../../Engine/Plugins/Runtime/nDisplay/Content/LightCard/SM_LightCardPlane.uasset" 2847
"../../../Engine/Plugins/Runtime/nDisplay/Content/LightCard/SM_LightCardPlane.uexp" 2848
"../../../Engine/Plugins/Runtime/nDisplay/Content/LightCard/T_UVIndicator.uasset" 2849
"../../../Engine/Plugins/Runtime/nDisplay/Content/LightCard/T_UVIndicator.uexp" 2850
"../../../Engine/Plugins/Runtime/nDisplay/Content/LightCard/M_UVIndicator.uasset" 2851
"../../../Engine/Plugins/Runtime/nDisplay/Content/LightCard/M_UVIndicator.uexp" 2852
"../../../Engine/Plugins/Runtime/nDisplay/Content/LightCard/SM_UVIndicator.ubulk" 2853
"../../../Engine/Plugins/Runtime/nDisplay/Content/LightCard/SM_UVIndicator.uasset" 2854
"../../../Engine/Plugins/Runtime/nDisplay/Content/LightCard/SM_UVIndicator.uexp" 2855
"../../../Engine/Plugins/Runtime/nDisplay/Content/Meshes/plane_hd_1x1.ubulk" 2856
"../../../Engine/Plugins/Runtime/nDisplay/Content/Meshes/plane_hd_1x1.uasset" 2857
"../../../Engine/Plugins/Runtime/nDisplay/Content/Meshes/plane_hd_1x1.uexp" 2858
"../../../Engine/Plugins/Runtime/nDisplay/Content/Materials/Editor/M_NormalMapMesh.uasset" 2859
"../../../Engine/Plugins/Runtime/nDisplay/Content/Materials/Editor/M_NormalMapMesh.uexp" 2860
"../../../Engine/Plugins/Runtime/nDisplay/Content/Meshes/SM_IcoSphere.ubulk" 2861
"../../../Engine/Plugins/Runtime/nDisplay/Content/Meshes/SM_IcoSphere.uasset" 2862
"../../../Engine/Plugins/Runtime/nDisplay/Content/Meshes/SM_IcoSphere.uexp" 2863
"../../../Engine/Content/EditorMeshes/Axis_Guide.ubulk" 2864
"../../../Engine/Content/EditorMeshes/Axis_Guide.uasset" 2865
"../../../Engine/Content/EditorMeshes/Axis_Guide.uexp" 2866
"../../../Engine/Content/EngineMaterials/WeightMapPlaceholderTexture.uasset" 2867
"../../../Engine/Content/EngineMaterials/WeightMapPlaceholderTexture.uexp" 2868
"../../../Engine/Content/EngineMaterials/WeightMapArrayPlaceholderTexture.uasset" 2869
"../../../Engine/Content/EngineMaterials/WeightMapArrayPlaceholderTexture.uexp" 2870
"../../../Engine/Content/EngineMaterials/Widget3DPassThrough.uasset" 2871
"../../../Engine/Content/EngineMaterials/Widget3DPassThrough.uexp" 2872
"../../../Engine/Content/EngineMaterials/Widget3DPassThrough_Masked.uasset" 2873
"../../../Engine/Content/EngineMaterials/Widget3DPassThrough_Masked.uexp" 2874
"../../../Engine/Content/EngineMaterials/Widget3DPassThrough_Opaque.uasset" 2875
"../../../Engine/Content/EngineMaterials/Widget3DPassThrough_Opaque.uexp" 2876
"../../../Engine/Content/EngineMaterials/Widget3DPassThrough_Masked_OneSided.uasset" 2877
"../../../Engine/Content/EngineMaterials/Widget3DPassThrough_Masked_OneSided.uexp" 2878
"../../../Engine/Content/EngineMaterials/Widget3DPassThrough_Opaque_OneSided.uasset" 2879
"../../../Engine/Content/EngineMaterials/Widget3DPassThrough_Opaque_OneSided.uexp" 2880
"../../../Engine/Content/EngineMaterials/Widget3DPassThrough_Translucent.uasset" 2881
"../../../Engine/Content/EngineMaterials/Widget3DPassThrough_Translucent.uexp" 2882
"../../../Engine/Content/EngineMaterials/Widget3DPassThrough_Translucent_OneSided.uasset" 2883
"../../../Engine/Content/EngineMaterials/Widget3DPassThrough_Translucent_OneSided.uexp" 2884
"../../../Engine/Content/EditorLandscapeResources/ColorMaskBrushMaterial.uasset" 2885
"../../../Engine/Content/EditorLandscapeResources/ColorMaskBrushMaterial.uexp" 2886
"../../../Engine/Content/EditorLandscapeResources/ColorMaskBrushMaterial_MaskedRegion.uasset" 2887
"../../../Engine/Content/EditorLandscapeResources/ColorMaskBrushMaterial_MaskedRegion.uexp" 2888
"../../../Engine/Content/Functions/Engine_MaterialFunctions03/Math/WithinRangeFloat2.uasset" 2889
"../../../Engine/Content/Functions/Engine_MaterialFunctions03/Math/WithinRangeFloat2.uexp" 2890
"../../../Engine/Content/EditorLandscapeResources/MaskBrushMaterial.uasset" 2891
"../../../Engine/Content/EditorLandscapeResources/MaskBrushMaterial.uexp" 2892
"../../../Engine/Content/EditorLandscapeResources/MaskBrushMaterial_MaskedRegion.uasset" 2893
"../../../Engine/Content/EditorLandscapeResources/MaskBrushMaterial_MaskedRegion.uexp" 2894
"../../../Engine/Content/EditorLandscapeResources/SelectBrushMaterial.uasset" 2895
"../../../Engine/Content/EditorLandscapeResources/SelectBrushMaterial.uexp" 2896
"../../../Engine/Content/EditorLandscapeResources/SelectBrushMaterial_Selected.uasset" 2897
"../../../Engine/Content/EditorLandscapeResources/SelectBrushMaterial_Selected.uexp" 2898
"../../../Engine/Content/EditorLandscapeResources/SelectBrushMaterial_SelectedRegion.uasset" 2899
"../../../Engine/Content/EditorLandscapeResources/SelectBrushMaterial_SelectedRegion.uexp" 2900
"../../../Engine/Content/EditorLandscapeResources/SplineEditorMeshMat.uasset" 2901
"../../../Engine/Content/EditorLandscapeResources/SplineEditorMeshMat.uexp" 2902
"../../../Engine/Content/EditorLandscapeResources/SplineEditorMesh.ubulk" 2903
"../../../Engine/Content/EditorLandscapeResources/SplineEditorMesh.uasset" 2904
"../../../Engine/Content/EditorLandscapeResources/SplineEditorMesh.uexp" 2905
"../../../Engine/Content/BasicShapes/Cone.ubulk" 2906
"../../../Engine/Content/BasicShapes/Cone.uasset" 2907
"../../../Engine/Content/BasicShapes/Cone.uexp" 2908
"../../../Engine/Plugins/Media/MediaPlate/Content/SM_MediaPlateScreen.ubulk" 2909
"../../../Engine/Plugins/Media/MediaPlate/Content/SM_MediaPlateScreen.uasset" 2910
"../../../Engine/Plugins/Media/MediaPlate/Content/SM_MediaPlateScreen.uexp" 2911
"../../../Engine/Plugins/NNE/NNEDenoiser/Content/NNE_oidn2-3-0_rt_hdr_alb_nrm_small__dyn__fp16_opset11_DenoiseAlpha.uasset" 2912
"../../../Engine/Plugins/NNE/NNEDenoiser/Content/NNE_oidn2-3-0_rt_hdr_alb_nrm_small__dyn__fp16_opset11_DenoiseAlpha.uexp" 2913
"../../../Engine/Plugins/NNE/NNEDenoiser/Content/NNE_oidn2-3-0_rt_hdr_alb_nrm_small__dyn__fp16_opset11_ForwardAlpha.uasset" 2914
"../../../Engine/Plugins/NNE/NNEDenoiser/Content/NNE_oidn2-3-0_rt_hdr_alb_nrm_small__dyn__fp16_opset11_ForwardAlpha.uexp" 2915
"../../../Engine/Plugins/NNE/NNEDenoiser/Content/NNE_oidn2-3-0_rt_hdr_alb_nrm__dyn__fp16_opset11_DenoiseAlpha.uasset" 2916
"../../../Engine/Plugins/NNE/NNEDenoiser/Content/NNE_oidn2-3-0_rt_hdr_alb_nrm__dyn__fp16_opset11_DenoiseAlpha.uexp" 2917
"../../../Engine/Plugins/NNE/NNEDenoiser/Content/NNE_oidn2-3-0_rt_hdr_alb_nrm__dyn__fp16_opset11_ForwardAlpha.uasset" 2918
"../../../Engine/Plugins/NNE/NNEDenoiser/Content/NNE_oidn2-3-0_rt_hdr_alb_nrm__dyn__fp16_opset11_ForwardAlpha.uexp" 2919
"../../../Engine/Plugins/NNE/NNEDenoiser/Content/NNE_oidn2-3-0_rt_hdr_calb_cnrm_large__dyn__fp16_opset11_DenoiseAlpha.uasset" 2920
"../../../Engine/Plugins/NNE/NNEDenoiser/Content/NNE_oidn2-3-0_rt_hdr_calb_cnrm_large__dyn__fp16_opset11_DenoiseAlpha.uexp" 2921
"../../../Engine/Plugins/NNE/NNEDenoiser/Content/NNE_oidn2-3-0_rt_hdr_calb_cnrm_large__dyn__fp16_opset11_ForwardAlpha.uasset" 2922
"../../../Engine/Plugins/NNE/NNEDenoiser/Content/NNE_oidn2-3-0_rt_hdr_calb_cnrm_large__dyn__fp16_opset11_ForwardAlpha.uexp" 2923
"../../../Engine/Plugins/Runtime/AR/AppleAR/AppleARKit/Content/M_OcclusionOverlay.uasset" 2924
"../../../Engine/Plugins/Runtime/AR/AppleAR/AppleARKit/Content/M_OcclusionOverlay.uexp" 2925
"../../../Engine/Plugins/Runtime/AR/AppleAR/AppleARKit/Content/MI_DepthOcclusionOverlay.uasset" 2926
"../../../Engine/Plugins/Runtime/AR/AppleAR/AppleARKit/Content/MI_DepthOcclusionOverlay.uexp" 2927
"../../../Engine/Plugins/Runtime/AR/AppleAR/AppleARKit/Content/MI_MatteOcclusionOverlay.uasset" 2928
"../../../Engine/Plugins/Runtime/AR/AppleAR/AppleARKit/Content/MI_MatteOcclusionOverlay.uexp" 2929
"../../../Engine/Plugins/2D/Paper2D/Content/DefaultSpriteMaterial.uasset" 2930
"../../../Engine/Plugins/2D/Paper2D/Content/DefaultSpriteMaterial.uexp" 2931
"../../../Engine/Plugins/2D/Paper2D/Content/MaskedUnlitSpriteMaterial.uasset" 2932
"../../../Engine/Plugins/2D/Paper2D/Content/MaskedUnlitSpriteMaterial.uexp" 2933
"../../../Engine/Plugins/2D/Paper2D/Content/OpaqueUnlitSpriteMaterial.uasset" 2934
"../../../Engine/Plugins/2D/Paper2D/Content/OpaqueUnlitSpriteMaterial.uexp" 2935
"../../../Engine/Plugins/NNE/NNEDenoiser/Content/NNED_Oidn2-3_HighQuality_Alpha.uasset" 2936
"../../../Engine/Plugins/NNE/NNEDenoiser/Content/NNED_Oidn2-3_HighQuality_Alpha.uexp" 2937
"../../../Engine/Plugins/NNE/NNEDenoiser/Content/NNED_Oidn2-3_HighQuality.uasset" 2938
"../../../Engine/Plugins/NNE/NNEDenoiser/Content/NNED_Oidn2-3_HighQuality.uexp" 2939
"../../../Engine/Plugins/NNE/NNEDenoiser/Content/NNED_Oidn2-3_Fast_Alpha.uasset" 2940
"../../../Engine/Plugins/NNE/NNEDenoiser/Content/NNED_Oidn2-3_Fast_Alpha.uexp" 2941
"../../../Engine/Plugins/NNE/NNEDenoiser/Content/NNED_Oidn2-3_Fast.uasset" 2942
"../../../Engine/Plugins/NNE/NNEDenoiser/Content/NNED_Oidn2-3_Fast.uexp" 2943
"../../../Engine/Plugins/NNE/NNEDenoiser/Content/NNED_Oidn2-3_Balanced_Alpha.uasset" 2944
"../../../Engine/Plugins/NNE/NNEDenoiser/Content/NNED_Oidn2-3_Balanced_Alpha.uexp" 2945
"../../../Engine/Plugins/NNE/NNEDenoiser/Content/NNED_Oidn2-3_Balanced.uasset" 2946
"../../../Engine/Plugins/NNE/NNEDenoiser/Content/NNED_Oidn2-3_Balanced.uexp" 2947
"../../../Engine/Plugins/NNE/NNEDenoiser/Content/NNEDT_Oidn2-3_Balanced_Alpha.uasset" 2948
"../../../Engine/Plugins/NNE/NNEDenoiser/Content/NNEDT_Oidn2-3_Balanced_Alpha.uexp" 2949
"../../../Engine/Plugins/NNE/NNEDenoiser/Content/NNEDT_Oidn2-3_Balanced.uasset" 2950
"../../../Engine/Plugins/NNE/NNEDenoiser/Content/NNEDT_Oidn2-3_Balanced.uexp" 2951
"../../../Engine/Content/VREditor/TransformGizmo/TranslucentTransformGizmoMaterial_Inst.uasset" 2952
"../../../Engine/Content/VREditor/TransformGizmo/TranslucentTransformGizmoMaterial_Inst.uexp" 2953
"../../../Engine/Content/VREditor/TransformGizmo/TransformGizmoMaterial_Inst.uasset" 2954
"../../../Engine/Content/VREditor/TransformGizmo/TransformGizmoMaterial_Inst.uexp" 2955
"../../../Engine/Content/VREditor/Sounds/UI/Drop_Item_From_ContentBrowser.ubulk" 2956
"../../../Engine/Content/VREditor/Sounds/UI/Drop_Item_From_ContentBrowser.uasset" 2957
"../../../Engine/Content/VREditor/Sounds/UI/Drop_Item_From_ContentBrowser.uexp" 2958
"../../../Engine/Content/VREditor/TransformGizmo/PlaneTranslationHandle.ubulk" 2959
"../../../Engine/Content/VREditor/TransformGizmo/PlaneTranslationHandle.uasset" 2960
"../../../Engine/Content/VREditor/TransformGizmo/PlaneTranslationHandle.uexp" 2961
"../../../Engine/Content/VREditor/TransformGizmo/UniformScaleHandle.ubulk" 2962
"../../../Engine/Content/VREditor/TransformGizmo/UniformScaleHandle.uasset" 2963
"../../../Engine/Content/VREditor/TransformGizmo/UniformScaleHandle.uexp" 2964
"../../../Engine/Content/VREditor/TransformGizmo/TranslateArrowHandle.ubulk" 2965
"../../../Engine/Content/VREditor/TransformGizmo/TranslateArrowHandle.uasset" 2966
"../../../Engine/Content/VREditor/TransformGizmo/TranslateArrowHandle.uexp" 2967
"../../../Engine/Content/VREditor/TransformGizmo/TransformGizmoFreeRotation.ubulk" 2968
"../../../Engine/Content/VREditor/TransformGizmo/TransformGizmoFreeRotation.uasset" 2969
"../../../Engine/Content/VREditor/TransformGizmo/TransformGizmoFreeRotation.uexp" 2970
"../../../Engine/Content/VREditor/TransformGizmo/StartRotationHandleIndicator.ubulk" 2971
"../../../Engine/Content/VREditor/TransformGizmo/StartRotationHandleIndicator.uasset" 2972
"../../../Engine/Content/VREditor/TransformGizmo/StartRotationHandleIndicator.uexp" 2973
"../../../Engine/Content/VREditor/TransformGizmo/RotationHandleQuarter.ubulk" 2974
"../../../Engine/Content/VREditor/TransformGizmo/RotationHandleQuarter.uasset" 2975
"../../../Engine/Content/VREditor/TransformGizmo/RotationHandleQuarter.uexp" 2976
"../../../Engine/Content/VREditor/TransformGizmo/RotationHandleIndicator.ubulk" 2977
"../../../Engine/Content/VREditor/TransformGizmo/RotationHandleIndicator.uasset" 2978
"../../../Engine/Content/VREditor/TransformGizmo/RotationHandleIndicator.uexp" 2979
"../../../Engine/Content/VREditor/TransformGizmo/RotationHandleFull.ubulk" 2980
"../../../Engine/Content/VREditor/TransformGizmo/RotationHandleFull.uasset" 2981
"../../../Engine/Content/VREditor/TransformGizmo/RotationHandleFull.uexp" 2982
"../../../Engine/Content/VREditor/SnapGrid/SnapGridMaterial.uasset" 2983
"../../../Engine/Content/VREditor/SnapGrid/SnapGridMaterial.uexp" 2984
"../../../Engine/Content/VREditor/SnapGrid/SnapGridPlaneMesh.ubulk" 2985
"../../../Engine/Content/VREditor/SnapGrid/SnapGridPlaneMesh.uasset" 2986
"../../../Engine/Content/VREditor/SnapGrid/SnapGridPlaneMesh.uexp" 2987
"../../../Engine/Content/VREditor/Sounds/UI/Gizmo_Handle_Clicked.ubulk" 2988
"../../../Engine/Content/VREditor/Sounds/UI/Gizmo_Handle_Clicked.uasset" 2989
"../../../Engine/Content/VREditor/Sounds/UI/Gizmo_Handle_Clicked.uexp" 2990
"../../../Engine/Content/VREditor/Sounds/UI/Object_PickUp.ubulk" 2991
"../../../Engine/Content/VREditor/Sounds/UI/Object_PickUp.uasset" 2992
"../../../Engine/Content/VREditor/Sounds/UI/Object_PickUp.uexp" 2993
"../../../Engine/Content/VREditor/Sounds/UI/Object_Snaps_To_Another_Actor.ubulk" 2994
"../../../Engine/Content/VREditor/Sounds/UI/Object_Snaps_To_Another_Actor.uasset" 2995
"../../../Engine/Content/VREditor/Sounds/UI/Object_Snaps_To_Another_Actor.uexp" 2996
"../../../Engine/Content/VREditor/Sounds/UI/Object_Snaps_To_Grid.ubulk" 2997
"../../../Engine/Content/VREditor/Sounds/UI/Object_Snaps_To_Grid.uasset" 2998
"../../../Engine/Content/VREditor/Sounds/UI/Object_Snaps_To_Grid.uexp" 2999
"../../../Engine/Content/VREditor/Sounds/UI/Scaling_Down.ubulk" 3000
"../../../Engine/Content/VREditor/Sounds/UI/Scaling_Down.uasset" 3001
"../../../Engine/Content/VREditor/Sounds/UI/Scaling_Down.uexp" 3002
"../../../Engine/Content/VREditor/Sounds/UI/Scaling_Up.ubulk" 3003
"../../../Engine/Content/VREditor/Sounds/UI/Scaling_Up.uasset" 3004
"../../../Engine/Content/VREditor/Sounds/UI/Scaling_Up.uexp" 3005
"../../../Engine/Content/VREditor/Sounds/UI/Selection_Changes.ubulk" 3006
"../../../Engine/Content/VREditor/Sounds/UI/Selection_Changes.uasset" 3007
"../../../Engine/Content/VREditor/Sounds/UI/Selection_Changes.uexp" 3008
"../../../Engine/Content/EngineResources/LandscapeVisibilityLayerInfo.uasset" 3009
"../../../Engine/Content/EngineResources/LandscapeVisibilityLayerInfo.uexp" 3010
"D:/Wide_field_unreal_project/WideField_UnrealEditor/Content/UI/WBP_Des.uasset" 3011
"D:/Wide_field_unreal_project/WideField_UnrealEditor/Content/UI/WBP_Des.uexp" 3012
"D:/Wide_field_unreal_project/WideField_UnrealEditor/Content/UI/test.uasset" 3013
"D:/Wide_field_unreal_project/WideField_UnrealEditor/Content/UI/test.uexp" 3014
"D:/Wide_field_unreal_project/WideField_UnrealEditor/Content/UI/BoxDrag.uasset" 3015
"D:/Wide_field_unreal_project/WideField_UnrealEditor/Content/UI/BoxDrag.uexp" 3016
"../../../Engine/Plugins/VirtualProduction/VirtualScouting/Content/Audio/6_buttonPush_1_.ubulk" 3017
"../../../Engine/Plugins/VirtualProduction/VirtualScouting/Content/Audio/6_buttonPush_1_.uasset" 3018
"../../../Engine/Plugins/VirtualProduction/VirtualScouting/Content/Audio/6_buttonPush_1_.uexp" 3019
"../../../Engine/Plugins/VirtualProduction/VirtualScouting/Content/Audio/SA_buttonPush.ubulk" 3020
"../../../Engine/Plugins/VirtualProduction/VirtualScouting/Content/Audio/SA_buttonPush.uasset" 3021
"../../../Engine/Plugins/VirtualProduction/VirtualScouting/Content/Audio/SA_buttonPush.uexp" 3022
"../../../Engine/Plugins/VirtualProduction/VirtualScouting/Content/Audio/SC_buttonPush.uasset" 3023
"../../../Engine/Plugins/VirtualProduction/VirtualScouting/Content/Audio/SC_buttonPush.uexp" 3024
"../../../Engine/Plugins/VirtualProduction/VirtualScouting/Content/Audio/SA_bleep.ubulk" 3025
"../../../Engine/Plugins/VirtualProduction/VirtualScouting/Content/Audio/SA_bleep.uasset" 3026
"../../../Engine/Plugins/VirtualProduction/VirtualScouting/Content/Audio/SA_bleep.uexp" 3027
"../../../Engine/Plugins/VirtualProduction/VirtualScouting/Content/Audio/SC_bleep.uasset" 3028
"../../../Engine/Plugins/VirtualProduction/VirtualScouting/Content/Audio/SC_bleep.uexp" 3029
"../../../Engine/Plugins/VirtualProduction/VirtualScouting/Content/Audio/SA_Hover.ubulk" 3030
"../../../Engine/Plugins/VirtualProduction/VirtualScouting/Content/Audio/SA_Hover.uasset" 3031
"../../../Engine/Plugins/VirtualProduction/VirtualScouting/Content/Audio/SA_Hover.uexp" 3032
"../../../Engine/Plugins/VirtualProduction/VirtualScouting/Content/UI/Font/Runtime/Inter-ThinItalic.uexp" 3033
"../../../Engine/Plugins/VirtualProduction/VirtualScouting/Content/UI/Font/Runtime/Inter-ThinItalic.uasset" 3034
"../../../Engine/Plugins/VirtualProduction/VirtualScouting/Content/UI/Font/Runtime/Inter-ThinItalic.ufont" 3035
"../../../Engine/Plugins/VirtualProduction/VirtualScouting/Content/UI/Font/Runtime/Inter-Thin.uexp" 3036
"../../../Engine/Plugins/VirtualProduction/VirtualScouting/Content/UI/Font/Runtime/Inter-Thin.uasset" 3037
"../../../Engine/Plugins/VirtualProduction/VirtualScouting/Content/UI/Font/Runtime/Inter-Thin.ufont" 3038
"../../../Engine/Plugins/VirtualProduction/VirtualScouting/Content/UI/Font/Runtime/Inter-SemiBoldItalic.uexp" 3039
"../../../Engine/Plugins/VirtualProduction/VirtualScouting/Content/UI/Font/Runtime/Inter-SemiBoldItalic.uasset" 3040
"../../../Engine/Plugins/VirtualProduction/VirtualScouting/Content/UI/Font/Runtime/Inter-SemiBoldItalic.ufont" 3041
"../../../Engine/Plugins/VirtualProduction/VirtualScouting/Content/UI/Font/Runtime/Inter-SemiBold.uexp" 3042
"../../../Engine/Plugins/VirtualProduction/VirtualScouting/Content/UI/Font/Runtime/Inter-SemiBold.uasset" 3043
"../../../Engine/Plugins/VirtualProduction/VirtualScouting/Content/UI/Font/Runtime/Inter-SemiBold.ufont" 3044
"../../../Engine/Plugins/VirtualProduction/VirtualScouting/Content/UI/Font/Runtime/Inter-Regular.uexp" 3045
"../../../Engine/Plugins/VirtualProduction/VirtualScouting/Content/UI/Font/Runtime/Inter-Regular.uasset" 3046
"../../../Engine/Plugins/VirtualProduction/VirtualScouting/Content/UI/Font/Runtime/Inter-Regular.ufont" 3047
"../../../Engine/Plugins/VirtualProduction/VirtualScouting/Content/UI/Font/Runtime/Inter-MediumItalic.uexp" 3048
"../../../Engine/Plugins/VirtualProduction/VirtualScouting/Content/UI/Font/Runtime/Inter-MediumItalic.uasset" 3049
"../../../Engine/Plugins/VirtualProduction/VirtualScouting/Content/UI/Font/Runtime/Inter-MediumItalic.ufont" 3050
"../../../Engine/Plugins/VirtualProduction/VirtualScouting/Content/UI/Font/Runtime/Inter-Medium.uexp" 3051
"../../../Engine/Plugins/VirtualProduction/VirtualScouting/Content/UI/Font/Runtime/Inter-Medium.uasset" 3052
"../../../Engine/Plugins/VirtualProduction/VirtualScouting/Content/UI/Font/Runtime/Inter-Medium.ufont" 3053
"../../../Engine/Plugins/VirtualProduction/VirtualScouting/Content/UI/Font/Runtime/Inter-LightItalic.uexp" 3054
"../../../Engine/Plugins/VirtualProduction/VirtualScouting/Content/UI/Font/Runtime/Inter-LightItalic.uasset" 3055
"../../../Engine/Plugins/VirtualProduction/VirtualScouting/Content/UI/Font/Runtime/Inter-LightItalic.ufont" 3056
"../../../Engine/Plugins/VirtualProduction/VirtualScouting/Content/UI/Font/Runtime/Inter-Light.uexp" 3057
"../../../Engine/Plugins/VirtualProduction/VirtualScouting/Content/UI/Font/Runtime/Inter-Light.uasset" 3058
"../../../Engine/Plugins/VirtualProduction/VirtualScouting/Content/UI/Font/Runtime/Inter-Light.ufont" 3059
"../../../Engine/Plugins/VirtualProduction/VirtualScouting/Content/UI/Font/Runtime/Inter-Italic.uexp" 3060
"../../../Engine/Plugins/VirtualProduction/VirtualScouting/Content/UI/Font/Runtime/Inter-Italic.uasset" 3061
"../../../Engine/Plugins/VirtualProduction/VirtualScouting/Content/UI/Font/Runtime/Inter-Italic.ufont" 3062
"../../../Engine/Plugins/VirtualProduction/VirtualScouting/Content/UI/Font/Runtime/Inter-ExtraLightItalic.uexp" 3063
"../../../Engine/Plugins/VirtualProduction/VirtualScouting/Content/UI/Font/Runtime/Inter-ExtraLightItalic.uasset" 3064
"../../../Engine/Plugins/VirtualProduction/VirtualScouting/Content/UI/Font/Runtime/Inter-ExtraLightItalic.ufont" 3065
"../../../Engine/Plugins/VirtualProduction/VirtualScouting/Content/UI/Font/Runtime/Inter-ExtraLight.uexp" 3066
"../../../Engine/Plugins/VirtualProduction/VirtualScouting/Content/UI/Font/Runtime/Inter-ExtraLight.uasset" 3067
"../../../Engine/Plugins/VirtualProduction/VirtualScouting/Content/UI/Font/Runtime/Inter-ExtraLight.ufont" 3068
"../../../Engine/Plugins/VirtualProduction/VirtualScouting/Content/UI/Font/Runtime/Inter-ExtraBoldItalic.uexp" 3069
"../../../Engine/Plugins/VirtualProduction/VirtualScouting/Content/UI/Font/Runtime/Inter-ExtraBoldItalic.uasset" 3070
"../../../Engine/Plugins/VirtualProduction/VirtualScouting/Content/UI/Font/Runtime/Inter-ExtraBoldItalic.ufont" 3071
"../../../Engine/Plugins/VirtualProduction/VirtualScouting/Content/UI/Font/Runtime/Inter-ExtraBold.uexp" 3072
"../../../Engine/Plugins/VirtualProduction/VirtualScouting/Content/UI/Font/Runtime/Inter-ExtraBold.uasset" 3073
"../../../Engine/Plugins/VirtualProduction/VirtualScouting/Content/UI/Font/Runtime/Inter-ExtraBold.ufont" 3074
"../../../Engine/Plugins/VirtualProduction/VirtualScouting/Content/UI/Font/Runtime/Inter-BoldItalic.uexp" 3075
"../../../Engine/Plugins/VirtualProduction/VirtualScouting/Content/UI/Font/Runtime/Inter-BoldItalic.uasset" 3076
"../../../Engine/Plugins/VirtualProduction/VirtualScouting/Content/UI/Font/Runtime/Inter-BoldItalic.ufont" 3077
"../../../Engine/Plugins/VirtualProduction/VirtualScouting/Content/UI/Font/Runtime/Inter-Bold.uexp" 3078
"../../../Engine/Plugins/VirtualProduction/VirtualScouting/Content/UI/Font/Runtime/Inter-Bold.uasset" 3079
"../../../Engine/Plugins/VirtualProduction/VirtualScouting/Content/UI/Font/Runtime/Inter-Bold.ufont" 3080
"../../../Engine/Plugins/VirtualProduction/VirtualScouting/Content/UI/Font/Runtime/Inter-Black.uexp" 3081
"../../../Engine/Plugins/VirtualProduction/VirtualScouting/Content/UI/Font/Runtime/Inter-Black.uasset" 3082
"../../../Engine/Plugins/VirtualProduction/VirtualScouting/Content/UI/Font/Runtime/Inter-Black.ufont" 3083
"../../../Engine/Plugins/VirtualProduction/VirtualScouting/Content/UI/Font/Inter_Font.uasset" 3084
"../../../Engine/Plugins/VirtualProduction/VirtualScouting/Content/UI/Font/Inter_Font.uexp" 3085
"../../../Engine/Plugins/VirtualProduction/VirtualScouting/Content/UI/Font/BodyText.uasset" 3086
"../../../Engine/Plugins/VirtualProduction/VirtualScouting/Content/UI/Font/BodyText.uexp" 3087
"../../../Engine/Plugins/VirtualProduction/VirtualScouting/Content/UI/Font/BodyText_Bold.uasset" 3088
"../../../Engine/Plugins/VirtualProduction/VirtualScouting/Content/UI/Font/BodyText_Bold.uexp" 3089
"../../../Engine/Plugins/VirtualProduction/VirtualScouting/Content/UI/SubWidgets/BP_VScoutButtonStyle.uasset" 3090
"../../../Engine/Plugins/VirtualProduction/VirtualScouting/Content/UI/SubWidgets/BP_VScoutButtonStyle.uexp" 3091
"../../../Engine/Plugins/VirtualProduction/VirtualScouting/Content/Core/Haptics/HFC_Bump.uasset" 3092
"../../../Engine/Plugins/VirtualProduction/VirtualScouting/Content/Core/Haptics/HFC_Bump.uexp" 3093
"../../../Engine/Plugins/VirtualProduction/VirtualScouting/Content/UI/SubWidgets/BP_VScoutAssetData.uasset" 3094
"../../../Engine/Plugins/VirtualProduction/VirtualScouting/Content/UI/SubWidgets/BP_VScoutAssetData.uexp" 3095
"../../../Engine/Plugins/VirtualProduction/VirtualScouting/Content/UI/SubWidgets/WBP_VScoutButton.uasset" 3096
"../../../Engine/Plugins/VirtualProduction/VirtualScouting/Content/UI/SubWidgets/WBP_VScoutButton.uexp" 3097
"../../../Engine/Plugins/VirtualProduction/VirtualScouting/Content/Core/MVVM/VScout_ViewModel.uasset" 3098
"../../../Engine/Plugins/VirtualProduction/VirtualScouting/Content/Core/MVVM/VScout_ViewModel.uexp" 3099
"../../../Engine/Plugins/VirtualProduction/VirtualScouting/Content/Core/MVVM/VScout_ViewModelResolver.uasset" 3100
"../../../Engine/Plugins/VirtualProduction/VirtualScouting/Content/Core/MVVM/VScout_ViewModelResolver.uexp" 3101
"../../../Engine/Plugins/VirtualProduction/VirtualScouting/Content/UI/Icons/CheckBox.uasset" 3102
"../../../Engine/Plugins/VirtualProduction/VirtualScouting/Content/UI/Icons/CheckBox.uexp" 3103
"../../../Engine/Plugins/VirtualProduction/VirtualScouting/Content/UI/Icons/CheckBoxHovered.uasset" 3104
"../../../Engine/Plugins/VirtualProduction/VirtualScouting/Content/UI/Icons/CheckBoxHovered.uexp" 3105
"../../../Engine/Plugins/VirtualProduction/VirtualScouting/Content/UI/Icons/CheckBoxPressed.uasset" 3106
"../../../Engine/Plugins/VirtualProduction/VirtualScouting/Content/UI/Icons/CheckBoxPressed.uexp" 3107
"../../../Engine/Plugins/VirtualProduction/VirtualScouting/Content/UI/Icons/EmptyCheckBox.uasset" 3108
"../../../Engine/Plugins/VirtualProduction/VirtualScouting/Content/UI/Icons/EmptyCheckBox.uexp" 3109
"../../../Engine/Plugins/VirtualProduction/VirtualScouting/Content/UI/Icons/EmptyCheckBoxHovered.uasset" 3110
"../../../Engine/Plugins/VirtualProduction/VirtualScouting/Content/UI/Icons/EmptyCheckBoxHovered.uexp" 3111
"../../../Engine/Plugins/VirtualProduction/VirtualScouting/Content/UI/Icons/EmptyCheckBoxPressed.uasset" 3112
"../../../Engine/Plugins/VirtualProduction/VirtualScouting/Content/UI/Icons/EmptyCheckBoxPressed.uexp" 3113
"../../../Engine/Plugins/VirtualProduction/VirtualScouting/Content/UI/SubWidgets/WBP_Checkbox.uasset" 3114
"../../../Engine/Plugins/VirtualProduction/VirtualScouting/Content/UI/SubWidgets/WBP_Checkbox.uexp" 3115
"../../../Engine/Plugins/VirtualProduction/VirtualScouting/Content/Core/BPI_XRCreativeAvatar.uasset" 3116
"../../../Engine/Plugins/VirtualProduction/VirtualScouting/Content/Core/BPI_XRCreativeAvatar.uexp" 3117
"../../../Engine/Plugins/VirtualProduction/VirtualScouting/Content/UI/Icons/Eject.uasset" 3118
"../../../Engine/Plugins/VirtualProduction/VirtualScouting/Content/UI/Icons/Eject.uexp" 3119
"../../../Engine/Plugins/VirtualProduction/VirtualScouting/Content/UI/WBP_Settings.uasset" 3120
"../../../Engine/Plugins/VirtualProduction/VirtualScouting/Content/UI/WBP_Settings.uexp" 3121
"../../../Engine/Content/EngineResources/AICON-Red.uasset" 3122
"../../../Engine/Content/EngineResources/AICON-Red.uexp" 3123
"../../../Engine/Plugins/VirtualProduction/VirtualScouting/Content/UI/Icons/IconPlus.ubulk" 3124
"../../../Engine/Plugins/VirtualProduction/VirtualScouting/Content/UI/Icons/IconPlus.uasset" 3125
"../../../Engine/Plugins/VirtualProduction/VirtualScouting/Content/UI/Icons/IconPlus.uexp" 3126
"../../../Engine/Plugins/VirtualProduction/VirtualScouting/Content/UI/SubWidgets/WBP_VScoutButton_Horizontal.uasset" 3127
"../../../Engine/Plugins/VirtualProduction/VirtualScouting/Content/UI/SubWidgets/WBP_VScoutButton_Horizontal.uexp" 3128
"../../../Engine/Plugins/VirtualProduction/VirtualScouting/Content/UI/Icons/Undo.ubulk" 3129
"../../../Engine/Plugins/VirtualProduction/VirtualScouting/Content/UI/Icons/Undo.uasset" 3130
"../../../Engine/Plugins/VirtualProduction/VirtualScouting/Content/UI/Icons/Undo.uexp" 3131
"../../../Engine/Plugins/VirtualProduction/VirtualScouting/Content/Input/IA_SummonMenu.uasset" 3132
"../../../Engine/Plugins/VirtualProduction/VirtualScouting/Content/Input/IA_SummonMenu.uexp" 3133
"../../../Engine/Plugins/VirtualProduction/VirtualScouting/Content/Input/IA_ClickMenu.uasset" 3134
"../../../Engine/Plugins/VirtualProduction/VirtualScouting/Content/Input/IA_ClickMenu.uexp" 3135
"../../../Engine/Plugins/VirtualProduction/VirtualScouting/Content/Input/IA_LaserActivate.uasset" 3136
"../../../Engine/Plugins/VirtualProduction/VirtualScouting/Content/Input/IA_LaserActivate.uexp" 3137
"../../../Engine/Plugins/VirtualProduction/VirtualScouting/Content/Input/IA_LaserTrace.uasset" 3138
"../../../Engine/Plugins/VirtualProduction/VirtualScouting/Content/Input/IA_LaserTrace.uexp" 3139
"../../../Engine/Plugins/VirtualProduction/VirtualScouting/Content/Input/IA_TurnLeftRight.uasset" 3140
"../../../Engine/Plugins/VirtualProduction/VirtualScouting/Content/Input/IA_TurnLeftRight.uexp" 3141
"../../../Engine/Plugins/VirtualProduction/VirtualScouting/Content/Input/IA_TeleportRight.uasset" 3142
"../../../Engine/Plugins/VirtualProduction/VirtualScouting/Content/Input/IA_TeleportRight.uexp" 3143
"../../../Engine/Plugins/VirtualProduction/VirtualScouting/Content/Input/IA_TeleportLeft.uasset" 3144
"../../../Engine/Plugins/VirtualProduction/VirtualScouting/Content/Input/IA_TeleportLeft.uexp" 3145
"../../../Engine/Plugins/VirtualProduction/VirtualScouting/Content/Input/IA_SummonTutorial.uasset" 3146
"../../../Engine/Plugins/VirtualProduction/VirtualScouting/Content/Input/IA_SummonTutorial.uexp" 3147
"../../../Engine/Plugins/VirtualProduction/VirtualScouting/Content/Input/IA_RotateAndScale.uasset" 3148
"../../../Engine/Plugins/VirtualProduction/VirtualScouting/Content/Input/IA_RotateAndScale.uexp" 3149
"../../../Engine/Plugins/VirtualProduction/VirtualScouting/Content/Input/BP_DoubleTapTrigger.uasset" 3150
"../../../Engine/Plugins/VirtualProduction/VirtualScouting/Content/Input/BP_DoubleTapTrigger.uexp" 3151
"../../../Engine/Plugins/VirtualProduction/VirtualScouting/Content/Input/IA_ResetScaleRight.uasset" 3152
"../../../Engine/Plugins/VirtualProduction/VirtualScouting/Content/Input/IA_ResetScaleRight.uexp" 3153
"../../../Engine/Plugins/VirtualProduction/VirtualScouting/Content/Input/IA_ResetScaleLeft.uasset" 3154
"../../../Engine/Plugins/VirtualProduction/VirtualScouting/Content/Input/IA_ResetScaleLeft.uexp" 3155
"../../../Engine/Plugins/VirtualProduction/VirtualScouting/Content/Input/IA_GizmoLocal.uasset" 3156
"../../../Engine/Plugins/VirtualProduction/VirtualScouting/Content/Input/IA_GizmoLocal.uexp" 3157
"../../../Engine/Plugins/VirtualProduction/VirtualScouting/Content/Input/IA_FlySingleAxis.uasset" 3158
"../../../Engine/Plugins/VirtualProduction/VirtualScouting/Content/Input/IA_FlySingleAxis.uexp" 3159
"../../../Engine/Plugins/VirtualProduction/VirtualScouting/Content/Input/IA_Fly.uasset" 3160
"../../../Engine/Plugins/VirtualProduction/VirtualScouting/Content/Input/IA_Fly.uexp" 3161
"../../../Engine/Plugins/VirtualProduction/VirtualScouting/Content/Input/IA_DragRight.uasset" 3162
"../../../Engine/Plugins/VirtualProduction/VirtualScouting/Content/Input/IA_DragRight.uexp" 3163
"../../../Engine/Plugins/VirtualProduction/VirtualScouting/Content/Input/IA_DragLeft.uasset" 3164
"../../../Engine/Plugins/VirtualProduction/VirtualScouting/Content/Input/IA_DragLeft.uexp" 3165
"../../../Engine/Plugins/VirtualProduction/VirtualScouting/Content/Input/IA_DeselectAll.uasset" 3166
"../../../Engine/Plugins/VirtualProduction/VirtualScouting/Content/Input/IA_DeselectAll.uexp" 3167
"../../../Engine/Plugins/VirtualProduction/VirtualScouting/Content/Input/BP_AxisTrigger.uasset" 3168
"../../../Engine/Plugins/VirtualProduction/VirtualScouting/Content/Input/BP_AxisTrigger.uexp" 3169
"../../../Engine/Plugins/VirtualProduction/VirtualScouting/Content/Input/IA_BlinkTurnRight.uasset" 3170
"../../../Engine/Plugins/VirtualProduction/VirtualScouting/Content/Input/IA_BlinkTurnRight.uexp" 3171
"../../../Engine/Plugins/VirtualProduction/VirtualScouting/Content/Input/IA_BlinkTurnLeft.uasset" 3172
"../../../Engine/Plugins/VirtualProduction/VirtualScouting/Content/Input/IA_BlinkTurnLeft.uexp" 3173
"../../../Engine/Plugins/VirtualProduction/VirtualScouting/Content/Input/IMC_VScoutDefault.uasset" 3174
"../../../Engine/Plugins/VirtualProduction/VirtualScouting/Content/Input/IMC_VScoutDefault.uexp" 3175
"../../../Engine/Plugins/VirtualProduction/VirtualScouting/Content/Input/IMC_LeftHandedVScout.uasset" 3176
"../../../Engine/Plugins/VirtualProduction/VirtualScouting/Content/Input/IMC_LeftHandedVScout.uexp" 3177
"../../../Engine/Plugins/VirtualProduction/VirtualScouting/Content/UI/Icons/Sun.ubulk" 3178
"../../../Engine/Plugins/VirtualProduction/VirtualScouting/Content/UI/Icons/Sun.uasset" 3179
"../../../Engine/Plugins/VirtualProduction/VirtualScouting/Content/UI/Icons/Sun.uexp" 3180
"../../../Engine/Plugins/VirtualProduction/VirtualScouting/Content/UI/Icons/Paint.ubulk" 3181
"../../../Engine/Plugins/VirtualProduction/VirtualScouting/Content/UI/Icons/Paint.uasset" 3182
"../../../Engine/Plugins/VirtualProduction/VirtualScouting/Content/UI/Icons/Paint.uexp" 3183
"../../../Engine/Plugins/VirtualProduction/VirtualScouting/Content/UI/Icons/LightBulb.ubulk" 3184
"../../../Engine/Plugins/VirtualProduction/VirtualScouting/Content/UI/Icons/LightBulb.uasset" 3185
"../../../Engine/Plugins/VirtualProduction/VirtualScouting/Content/UI/Icons/LightBulb.uexp" 3186
"../../../Engine/Plugins/VirtualProduction/VirtualScouting/Content/UI/Icons/IconViewfinder.uasset" 3187
"../../../Engine/Plugins/VirtualProduction/VirtualScouting/Content/UI/Icons/IconViewfinder.uexp" 3188
"../../../Engine/Plugins/VirtualProduction/VirtualScouting/Content/UI/Icons/IconMovement.ubulk" 3189
"../../../Engine/Plugins/VirtualProduction/VirtualScouting/Content/UI/Icons/IconMovement.uasset" 3190
"../../../Engine/Plugins/VirtualProduction/VirtualScouting/Content/UI/Icons/IconMovement.uexp" 3191
"../../../Engine/Plugins/VirtualProduction/VirtualScouting/Content/UI/Icons/IconMeasure.uasset" 3192
"../../../Engine/Plugins/VirtualProduction/VirtualScouting/Content/UI/Icons/IconMeasure.uexp" 3193
"../../../Engine/Plugins/VirtualProduction/VirtualScouting/Content/UI/Icons/IconFlight.uasset" 3194
"../../../Engine/Plugins/VirtualProduction/VirtualScouting/Content/UI/Icons/IconFlight.uexp" 3195
"../../../Engine/Plugins/VirtualProduction/VirtualScouting/Content/UI/Icons/IconFilm.uasset" 3196
"../../../Engine/Plugins/VirtualProduction/VirtualScouting/Content/UI/Icons/IconFilm.uexp" 3197
"../../../Engine/Plugins/VirtualProduction/VirtualScouting/Content/UI/Icons/IconBookmarks.uasset" 3198
"../../../Engine/Plugins/VirtualProduction/VirtualScouting/Content/UI/Icons/IconBookmarks.uexp" 3199
"../../../Engine/Plugins/VirtualProduction/VirtualScouting/Content/UI/Icons/ContentBrowser.uasset" 3200
"../../../Engine/Plugins/VirtualProduction/VirtualScouting/Content/UI/Icons/ContentBrowser.uexp" 3201
"../../../Engine/Plugins/VirtualProduction/VirtualScouting/Content/UI/Font/HeaderText.uasset" 3202
"../../../Engine/Plugins/VirtualProduction/VirtualScouting/Content/UI/Font/HeaderText.uexp" 3203
"../../../Engine/Plugins/VirtualProduction/VirtualScouting/Content/UI/Font/TitleHeaderText.uasset" 3204
"../../../Engine/Plugins/VirtualProduction/VirtualScouting/Content/UI/Font/TitleHeaderText.uexp" 3205
"../../../Engine/Plugins/VirtualProduction/VirtualScouting/Content/UI/Icons/SliderHandleHovered.uasset" 3206
"../../../Engine/Plugins/VirtualProduction/VirtualScouting/Content/UI/Icons/SliderHandleHovered.uexp" 3207
"../../../Engine/Plugins/VirtualProduction/VirtualScouting/Content/UI/Icons/SliderHandleNormal.uasset" 3208
"../../../Engine/Plugins/VirtualProduction/VirtualScouting/Content/UI/Icons/SliderHandleNormal.uexp" 3209
"../../../Engine/Plugins/VirtualProduction/VirtualScouting/Content/UI/SubWidgets/WBP_PropertySlider.uasset" 3210
"../../../Engine/Plugins/VirtualProduction/VirtualScouting/Content/UI/SubWidgets/WBP_PropertySlider.uexp" 3211
"../../../Engine/Plugins/VirtualProduction/VirtualScouting/Content/UI/SubWidgets/BP_VScoutButtonStyle_NonInteractable.uasset" 3212
"../../../Engine/Plugins/VirtualProduction/VirtualScouting/Content/UI/SubWidgets/BP_VScoutButtonStyle_NonInteractable.uexp" 3213
"../../../Engine/Plugins/VirtualProduction/VirtualScouting/Content/UI/Icons/IconArrowRight.uasset" 3214
"../../../Engine/Plugins/VirtualProduction/VirtualScouting/Content/UI/Icons/IconArrowRight.uexp" 3215
"../../../Engine/Plugins/VirtualProduction/VirtualScouting/Content/UI/Icons/IconArrowLeft.ubulk" 3216
"../../../Engine/Plugins/VirtualProduction/VirtualScouting/Content/UI/Icons/IconArrowLeft.uasset" 3217
"../../../Engine/Plugins/VirtualProduction/VirtualScouting/Content/UI/Icons/IconArrowLeft.uexp" 3218
"../../../Engine/Plugins/VirtualProduction/VirtualScouting/Content/UI/Icons/IconArrowDown.uasset" 3219
"../../../Engine/Plugins/VirtualProduction/VirtualScouting/Content/UI/Icons/IconArrowDown.uexp" 3220
"../../../Engine/Plugins/VirtualProduction/VirtualScouting/Content/UI/Font/SubHeaderText.uasset" 3221
"../../../Engine/Plugins/VirtualProduction/VirtualScouting/Content/UI/Font/SubHeaderText.uexp" 3222
"../../../Engine/Plugins/VirtualProduction/VirtualScouting/Content/Art/Common/MF_IgnoreExposure.uasset" 3223
"../../../Engine/Plugins/VirtualProduction/VirtualScouting/Content/Art/Common/MF_IgnoreExposure.uexp" 3224
"../../../Engine/Plugins/VirtualProduction/VirtualScouting/Content/Art/Common/Ribbon_NoGradientNoDepth.uasset" 3225
"../../../Engine/Plugins/VirtualProduction/VirtualScouting/Content/Art/Common/Ribbon_NoGradientNoDepth.uexp" 3226
"../../../Engine/Plugins/VirtualProduction/VirtualScouting/Content/Art/Common/Ribbon_NoGradientNoDepth_DepthTest.uasset" 3227
"../../../Engine/Plugins/VirtualProduction/VirtualScouting/Content/Art/Common/Ribbon_NoGradientNoDepth_DepthTest.uexp" 3228
"../../../Engine/Plugins/VirtualProduction/VirtualScouting/Content/Tools/LineHelper/NS_LineVisualizer.uasset" 3229
"../../../Engine/Plugins/VirtualProduction/VirtualScouting/Content/Tools/LineHelper/NS_LineVisualizer.uexp" 3230
"../../../Engine/Plugins/VirtualProduction/VirtualScouting/Content/Tools/LineHelper/BP_LineHelper.uasset" 3231
"../../../Engine/Plugins/VirtualProduction/VirtualScouting/Content/Tools/LineHelper/BP_LineHelper.uexp" 3232
"../../../Engine/Plugins/VirtualProduction/VirtualScouting/Content/Tools/Viewfinder/EViewfinderMonitorMode.uasset" 3233
"../../../Engine/Plugins/VirtualProduction/VirtualScouting/Content/Tools/Viewfinder/EViewfinderMonitorMode.uexp" 3234
"../../../Engine/Plugins/VirtualProduction/VirtualScouting/Content/Tools/Viewfinder/EViewfinderFocusMethod.uasset" 3235
"../../../Engine/Plugins/VirtualProduction/VirtualScouting/Content/Tools/Viewfinder/EViewfinderFocusMethod.uexp" 3236
"../../../Engine/Plugins/VirtualProduction/VirtualScouting/Content/Tools/Viewfinder/EViewfinderCameraControlProperty.uasset" 3237
"../../../Engine/Plugins/VirtualProduction/VirtualScouting/Content/Tools/Viewfinder/EViewfinderCameraControlProperty.uexp" 3238
"../../../Engine/Plugins/VirtualProduction/VirtualScouting/Content/Tools/Bookmark/BP_ScoutBookmarkComponent.uasset" 3239
"../../../Engine/Plugins/VirtualProduction/VirtualScouting/Content/Tools/Bookmark/BP_ScoutBookmarkComponent.uexp" 3240
"../../../Engine/Plugins/VirtualProduction/VirtualScouting/Content/UI/Font/HeaderText_Italic.uasset" 3241
"../../../Engine/Plugins/VirtualProduction/VirtualScouting/Content/UI/Font/HeaderText_Italic.uexp" 3242
"../../../Engine/Plugins/VirtualProduction/VirtualScouting/Content/Tools/Viewfinder/WBP_CameraLabel.uasset" 3243
"../../../Engine/Plugins/VirtualProduction/VirtualScouting/Content/Tools/Viewfinder/WBP_CameraLabel.uexp" 3244
"../../../Engine/Plugins/VirtualProduction/VirtualScouting/Content/Tools/Viewfinder/Materials/M_Lenses.uasset" 3245
"../../../Engine/Plugins/VirtualProduction/VirtualScouting/Content/Tools/Viewfinder/Materials/M_Lenses.uexp" 3246
"../../../Engine/Plugins/VirtualProduction/VirtualScouting/Content/Art/Common/M_Solid.uasset" 3247
"../../../Engine/Plugins/VirtualProduction/VirtualScouting/Content/Art/Common/M_Solid.uexp" 3248
"../../../Engine/Plugins/VirtualProduction/VirtualScouting/Content/Tools/Viewfinder/Materials/MI_MattBox.uasset" 3249
"../../../Engine/Plugins/VirtualProduction/VirtualScouting/Content/Tools/Viewfinder/Materials/MI_MattBox.uexp" 3250
"../../../Engine/Plugins/VirtualProduction/VirtualScouting/Content/Tools/Viewfinder/Materials/MI_CameraRail.uasset" 3251
"../../../Engine/Plugins/VirtualProduction/VirtualScouting/Content/Tools/Viewfinder/Materials/MI_CameraRail.uexp" 3252
"../../../Engine/Plugins/VirtualProduction/VirtualScouting/Content/Tools/Viewfinder/Materials/MI_CameraBody.uasset" 3253
"../../../Engine/Plugins/VirtualProduction/VirtualScouting/Content/Tools/Viewfinder/Materials/MI_CameraBody.uexp" 3254
"../../../Engine/Plugins/VirtualProduction/VirtualScouting/Content/Tools/Viewfinder/Meshes/SM_CameraMesh.ubulk" 3255
"../../../Engine/Plugins/VirtualProduction/VirtualScouting/Content/Tools/Viewfinder/Meshes/SM_CameraMesh.uasset" 3256
"../../../Engine/Plugins/VirtualProduction/VirtualScouting/Content/Tools/Viewfinder/Meshes/SM_CameraMesh.uexp" 3257
"../../../Engine/Content/Functions/Engine_MaterialFunctions02/WorldPositionOffset/Sprite.uasset" 3258
"../../../Engine/Content/Functions/Engine_MaterialFunctions02/WorldPositionOffset/Sprite.uexp" 3259
"../../../Engine/Plugins/VirtualProduction/VirtualScouting/Content/Art/Common/M_Widget3D_CameraFacing.uasset" 3260
"../../../Engine/Plugins/VirtualProduction/VirtualScouting/Content/Art/Common/M_Widget3D_CameraFacing.uexp" 3261
"../../../Engine/Plugins/VirtualProduction/VirtualScouting/Content/Tools/Viewfinder/BP_ScoutCamera.uasset" 3262
"../../../Engine/Plugins/VirtualProduction/VirtualScouting/Content/Tools/Viewfinder/BP_ScoutCamera.uexp" 3263
"../../../Engine/Plugins/VirtualProduction/VirtualScouting/Content/Tools/Viewfinder/ViewfinderTool_Viewmodel.uasset" 3264
"../../../Engine/Plugins/VirtualProduction/VirtualScouting/Content/Tools/Viewfinder/ViewfinderTool_Viewmodel.uexp" 3265
"../../../Engine/Plugins/VirtualProduction/VirtualScouting/Content/Tools/Viewfinder/Viewfinder_Viewmodel_Resolver.uasset" 3266
"../../../Engine/Plugins/VirtualProduction/VirtualScouting/Content/Tools/Viewfinder/Viewfinder_Viewmodel_Resolver.uexp" 3267
"../../../Engine/Plugins/VirtualProduction/VirtualScouting/Content/Core/Movement/BPI_XRC_Movement.uasset" 3268
"../../../Engine/Plugins/VirtualProduction/VirtualScouting/Content/Core/Movement/BPI_XRC_Movement.uexp" 3269
"../../../Engine/Plugins/VirtualProduction/VirtualScouting/Content/Core/Movement/Teleporter/Curve_TeleoportLandingRotation.uasset" 3270
"../../../Engine/Plugins/VirtualProduction/VirtualScouting/Content/Core/Movement/Teleporter/Curve_TeleoportLandingRotation.uexp" 3271
"../../../Engine/Plugins/VirtualProduction/VirtualScouting/Content/Core/Movement/Teleporter/M_TeleportLocation.uasset" 3272
"../../../Engine/Plugins/VirtualProduction/VirtualScouting/Content/Core/Movement/Teleporter/M_TeleportLocation.uexp" 3273
"../../../Engine/Plugins/VirtualProduction/VirtualScouting/Content/Core/Movement/Teleporter/MI_TeleportLocation.uasset" 3274
"../../../Engine/Plugins/VirtualProduction/VirtualScouting/Content/Core/Movement/Teleporter/MI_TeleportLocation.uexp" 3275
"../../../Engine/Plugins/VirtualProduction/VirtualScouting/Content/Core/Movement/Teleporter/SM_TeleportDirectionMesh.ubulk" 3276
"../../../Engine/Plugins/VirtualProduction/VirtualScouting/Content/Core/Movement/Teleporter/SM_TeleportDirectionMesh.uasset" 3277
"../../../Engine/Plugins/VirtualProduction/VirtualScouting/Content/Core/Movement/Teleporter/SM_TeleportDirectionMesh.uexp" 3278
"../../../Engine/Plugins/VirtualProduction/VirtualScouting/Content/Core/Movement/Teleporter/SM_GenericHMD.ubulk" 3279
"../../../Engine/Plugins/VirtualProduction/VirtualScouting/Content/Core/Movement/Teleporter/SM_GenericHMD.uasset" 3280
"../../../Engine/Plugins/VirtualProduction/VirtualScouting/Content/Core/Movement/Teleporter/SM_GenericHMD.uexp" 3281
"../../../Engine/Plugins/VirtualProduction/VirtualScouting/Content/Core/Movement/Teleporter/SM_Controller.ubulk" 3282
"../../../Engine/Plugins/VirtualProduction/VirtualScouting/Content/Core/Movement/Teleporter/SM_Controller.uasset" 3283
"../../../Engine/Plugins/VirtualProduction/VirtualScouting/Content/Core/Movement/Teleporter/SM_Controller.uexp" 3284
"../../../Engine/Plugins/VirtualProduction/VirtualScouting/Content/Core/Movement/Teleporter/BP_XRC_Teleporter.uasset" 3285
"../../../Engine/Plugins/VirtualProduction/VirtualScouting/Content/Core/Movement/Teleporter/BP_XRC_Teleporter.uexp" 3286
"../../../Engine/Plugins/VirtualProduction/VirtualScouting/Content/Core/Movement/Scale/Curve_DragScaleModifier.uasset" 3287
"../../../Engine/Plugins/VirtualProduction/VirtualScouting/Content/Core/Movement/Scale/Curve_DragScaleModifier.uexp" 3288
"../../../Engine/Plugins/VirtualProduction/VirtualScouting/Content/Core/Movement/BP_XRC_MovementComponent.uasset" 3289
"../../../Engine/Plugins/VirtualProduction/VirtualScouting/Content/Core/Movement/BP_XRC_MovementComponent.uexp" 3290
"../../../Engine/Plugins/VirtualProduction/VirtualScouting/Content/UI/Icons/IconTrash.uasset" 3291
"../../../Engine/Plugins/VirtualProduction/VirtualScouting/Content/UI/Icons/IconTrash.uexp" 3292
"../../../Engine/Plugins/VirtualProduction/VirtualScouting/Content/UI/Icons/IconCineCamera.uasset" 3293
"../../../Engine/Plugins/VirtualProduction/VirtualScouting/Content/UI/Icons/IconCineCamera.uexp" 3294
"../../../Engine/Plugins/VirtualProduction/VirtualScouting/Content/Tools/Viewfinder/WBP_CameraListRowEntry.uasset" 3295
"../../../Engine/Plugins/VirtualProduction/VirtualScouting/Content/Tools/Viewfinder/WBP_CameraListRowEntry.uexp" 3296
"../../../Engine/Plugins/VirtualProduction/VirtualScouting/Content/Tools/Viewfinder/WBP_ViewfinderCameraList.uasset" 3297
"../../../Engine/Plugins/VirtualProduction/VirtualScouting/Content/Tools/Viewfinder/WBP_ViewfinderCameraList.uexp" 3298
"../../../Engine/Plugins/VirtualProduction/VirtualScouting/Content/Tools/Viewfinder/WBP_ViewfinderPalette.uasset" 3299
"../../../Engine/Plugins/VirtualProduction/VirtualScouting/Content/Tools/Viewfinder/WBP_ViewfinderPalette.uexp" 3300
"../../../Engine/Plugins/VirtualProduction/VirtualScouting/Content/Art/Common/M_Basic.uasset" 3301
"../../../Engine/Plugins/VirtualProduction/VirtualScouting/Content/Art/Common/M_Basic.uexp" 3302
"../../../Engine/Plugins/VirtualProduction/VirtualScouting/Content/Art/Common/MI_MenuMeshTile.uasset" 3303
"../../../Engine/Plugins/VirtualProduction/VirtualScouting/Content/Art/Common/MI_MenuMeshTile.uexp" 3304
"../../../Engine/Plugins/VirtualProduction/VirtualScouting/Content/Art/Common/M_Widget3D_DefaultLit.uasset" 3305
"../../../Engine/Plugins/VirtualProduction/VirtualScouting/Content/Art/Common/M_Widget3D_DefaultLit.uexp" 3306
"../../../Engine/Plugins/VirtualProduction/VirtualScouting/Content/Art/Common/MI_Widget3D_DefaultLit.uasset" 3307
"../../../Engine/Plugins/VirtualProduction/VirtualScouting/Content/Art/Common/MI_Widget3D_DefaultLit.uexp" 3308
"../../../Engine/Plugins/VirtualProduction/VirtualScouting/Content/Core/BPFL_VirtualScouting.uasset" 3309
"../../../Engine/Plugins/VirtualProduction/VirtualScouting/Content/Core/BPFL_VirtualScouting.uexp" 3310
"../../../Engine/Plugins/VirtualProduction/VirtualScouting/Content/UI/Icons/CrossHair.ubulk" 3311
"../../../Engine/Plugins/VirtualProduction/VirtualScouting/Content/UI/Icons/CrossHair.uasset" 3312
"../../../Engine/Plugins/VirtualProduction/VirtualScouting/Content/UI/Icons/CrossHair.uexp" 3313
"../../../Engine/Plugins/VirtualProduction/VirtualScouting/Content/UI/Font/ViewfinderHUDTextLabel.uasset" 3314
"../../../Engine/Plugins/VirtualProduction/VirtualScouting/Content/UI/Font/ViewfinderHUDTextLabel.uexp" 3315
"../../../Engine/Plugins/VirtualProduction/VirtualScouting/Content/UI/Font/ViewfinderHUDText.uasset" 3316
"../../../Engine/Plugins/VirtualProduction/VirtualScouting/Content/UI/Font/ViewfinderHUDText.uexp" 3317
"../../../Engine/Plugins/VirtualProduction/VirtualScouting/Content/UI/SubWidgets/WBP_PropertySliderVertical.uasset" 3318
"../../../Engine/Plugins/VirtualProduction/VirtualScouting/Content/UI/SubWidgets/WBP_PropertySliderVertical.uexp" 3319
"../../../Engine/Plugins/VirtualProduction/VirtualScouting/Content/Tools/Viewfinder/WBP_ViewfinderCameraControl.uasset" 3320
"../../../Engine/Plugins/VirtualProduction/VirtualScouting/Content/Tools/Viewfinder/WBP_ViewfinderCameraControl.uexp" 3321
"../../../Engine/Plugins/VirtualProduction/VirtualScouting/Content/Tools/Viewfinder/RT_Temp_Tex.uasset" 3322
"../../../Engine/Plugins/VirtualProduction/VirtualScouting/Content/Tools/Viewfinder/RT_Temp_Tex.uexp" 3323
"../../../Engine/Plugins/VirtualProduction/VirtualScouting/Content/Tools/Viewfinder/Materials/M_MonitorFeed.uasset" 3324
"../../../Engine/Plugins/VirtualProduction/VirtualScouting/Content/Tools/Viewfinder/Materials/M_MonitorFeed.uexp" 3325
"../../../Engine/Plugins/VirtualProduction/VirtualScouting/Content/Tools/Viewfinder/WBP_ViewfinderMonitor.uasset" 3326
"../../../Engine/Plugins/VirtualProduction/VirtualScouting/Content/Tools/Viewfinder/WBP_ViewfinderMonitor.uexp" 3327
"../../../Engine/Plugins/VirtualProduction/VirtualScouting/Content/Tools/Viewfinder/BPI_ViewfinderEditor.uasset" 3328
"../../../Engine/Plugins/VirtualProduction/VirtualScouting/Content/Tools/Viewfinder/BPI_ViewfinderEditor.uexp" 3329
"../../../Engine/Plugins/VirtualProduction/VirtualScouting/Content/Tools/Viewfinder/Materials/MI_ViewfinderBody.uasset" 3330
"../../../Engine/Plugins/VirtualProduction/VirtualScouting/Content/Tools/Viewfinder/Materials/MI_ViewfinderBody.uexp" 3331
"../../../Engine/Plugins/VirtualProduction/VirtualScouting/Content/Tools/Viewfinder/Meshes/SM_Viewfinder.ubulk" 3332
"../../../Engine/Plugins/VirtualProduction/VirtualScouting/Content/Tools/Viewfinder/Meshes/SM_Viewfinder.uasset" 3333
"../../../Engine/Plugins/VirtualProduction/VirtualScouting/Content/Tools/Viewfinder/Meshes/SM_Viewfinder.uexp" 3334
"../../../Engine/Plugins/VirtualProduction/VirtualScouting/Content/Tools/Viewfinder/Input/IA_ToggleMonitor.uasset" 3335
"../../../Engine/Plugins/VirtualProduction/VirtualScouting/Content/Tools/Viewfinder/Input/IA_ToggleMonitor.uexp" 3336
"../../../Engine/Plugins/VirtualProduction/VirtualScouting/Content/Tools/Viewfinder/Input/IA_TakeScreenshot.uasset" 3337
"../../../Engine/Plugins/VirtualProduction/VirtualScouting/Content/Tools/Viewfinder/Input/IA_TakeScreenshot.uexp" 3338
"../../../Engine/Plugins/VirtualProduction/VirtualScouting/Content/Tools/Viewfinder/Input/IA_SummonViewfinderMenu.uasset" 3339
"../../../Engine/Plugins/VirtualProduction/VirtualScouting/Content/Tools/Viewfinder/Input/IA_SummonViewfinderMenu.uexp" 3340
"../../../Engine/Plugins/VirtualProduction/VirtualScouting/Content/Tools/Viewfinder/Input/IA_CarryCamera.uasset" 3341
"../../../Engine/Plugins/VirtualProduction/VirtualScouting/Content/Tools/Viewfinder/Input/IA_CarryCamera.uexp" 3342
"../../../Engine/Plugins/VirtualProduction/VirtualScouting/Content/Tools/Viewfinder/Input/IA_CreateCamera.uasset" 3343
"../../../Engine/Plugins/VirtualProduction/VirtualScouting/Content/Tools/Viewfinder/Input/IA_CreateCamera.uexp" 3344
"../../../Engine/Plugins/VirtualProduction/VirtualScouting/Content/Tools/Viewfinder/Input/Menu/IA_ViewfinderMenu_UpDown.uasset" 3345
"../../../Engine/Plugins/VirtualProduction/VirtualScouting/Content/Tools/Viewfinder/Input/Menu/IA_ViewfinderMenu_UpDown.uexp" 3346
"../../../Engine/Plugins/VirtualProduction/VirtualScouting/Content/Tools/Viewfinder/Input/Menu/IA_ViewfinderMenu_Up.uasset" 3347
"../../../Engine/Plugins/VirtualProduction/VirtualScouting/Content/Tools/Viewfinder/Input/Menu/IA_ViewfinderMenu_Up.uexp" 3348
"../../../Engine/Plugins/VirtualProduction/VirtualScouting/Content/Tools/Viewfinder/Input/Menu/IA_ViewfinderMenu_Right.uasset" 3349
"../../../Engine/Plugins/VirtualProduction/VirtualScouting/Content/Tools/Viewfinder/Input/Menu/IA_ViewfinderMenu_Right.uexp" 3350
"../../../Engine/Plugins/VirtualProduction/VirtualScouting/Content/Tools/Viewfinder/Input/Menu/IA_ViewfinderMenu_Left.uasset" 3351
"../../../Engine/Plugins/VirtualProduction/VirtualScouting/Content/Tools/Viewfinder/Input/Menu/IA_ViewfinderMenu_Left.uexp" 3352
"../../../Engine/Plugins/VirtualProduction/VirtualScouting/Content/Tools/Viewfinder/Input/Menu/IA_ViewfinderMenu_Down.uasset" 3353
"../../../Engine/Plugins/VirtualProduction/VirtualScouting/Content/Tools/Viewfinder/Input/Menu/IA_ViewfinderMenu_Down.uexp" 3354
"../../../Engine/Plugins/VirtualProduction/VirtualScouting/Content/Tools/Viewfinder/Input/Menu/IA_ViewfinderMenu_BlockFlying.uasset" 3355
"../../../Engine/Plugins/VirtualProduction/VirtualScouting/Content/Tools/Viewfinder/Input/Menu/IA_ViewfinderMenu_BlockFlying.uexp" 3356
"../../../Engine/Plugins/VirtualProduction/VirtualScouting/Content/Tools/Viewfinder/Input/Menu/IMC_Viewfinder_MenuControlsLeft.uasset" 3357
"../../../Engine/Plugins/VirtualProduction/VirtualScouting/Content/Tools/Viewfinder/Input/Menu/IMC_Viewfinder_MenuControlsLeft.uexp" 3358
"../../../Engine/Plugins/VirtualProduction/VirtualScouting/Content/Tools/Viewfinder/Input/Menu/IMC_Viewfinder_MenuControls.uasset" 3359
"../../../Engine/Plugins/VirtualProduction/VirtualScouting/Content/Tools/Viewfinder/Input/Menu/IMC_Viewfinder_MenuControls.uexp" 3360
"../../../Engine/Plugins/VirtualProduction/VirtualScouting/Content/Tools/Viewfinder/BP_ViewfinderActor.uasset" 3361
"../../../Engine/Plugins/VirtualProduction/VirtualScouting/Content/Tools/Viewfinder/BP_ViewfinderActor.uexp" 3362
"../../../Engine/Plugins/VirtualProduction/VirtualScouting/Content/Tools/Viewfinder/Input/IMC_ViewfinderLeftHanded.uasset" 3363
"../../../Engine/Plugins/VirtualProduction/VirtualScouting/Content/Tools/Viewfinder/Input/IMC_ViewfinderLeftHanded.uexp" 3364
"../../../Engine/Plugins/VirtualProduction/VirtualScouting/Content/Tools/Viewfinder/Input/IMC_Viewfinder.uasset" 3365
"../../../Engine/Plugins/VirtualProduction/VirtualScouting/Content/Tools/Viewfinder/Input/IMC_Viewfinder.uexp" 3366
"../../../Engine/Plugins/VirtualProduction/VirtualScouting/Content/Tools/Viewfinder/BP_ViewfinderTool.uasset" 3367
"../../../Engine/Plugins/VirtualProduction/VirtualScouting/Content/Tools/Viewfinder/BP_ViewfinderTool.uexp" 3368
"../../../Engine/Plugins/VirtualProduction/VirtualScouting/Content/Tools/Sequencer/ESequenceUIType.uasset" 3369
"../../../Engine/Plugins/VirtualProduction/VirtualScouting/Content/Tools/Sequencer/ESequenceUIType.uexp" 3370
"../../../Engine/Plugins/VirtualProduction/VirtualScouting/Content/Tools/Sequencer/SequenceToolViewmodel.uasset" 3371
"../../../Engine/Plugins/VirtualProduction/VirtualScouting/Content/Tools/Sequencer/SequenceToolViewmodel.uexp" 3372
"../../../Engine/Plugins/VirtualProduction/VirtualScouting/Content/Tools/Sequencer/BPI_SequencerControls.uasset" 3373
"../../../Engine/Plugins/VirtualProduction/VirtualScouting/Content/Tools/Sequencer/BPI_SequencerControls.uexp" 3374
"../../../Engine/Plugins/VirtualProduction/VirtualScouting/Content/Tools/Sequencer/BP_SequenceControl.uasset" 3375
"../../../Engine/Plugins/VirtualProduction/VirtualScouting/Content/Tools/Sequencer/BP_SequenceControl.uexp" 3376
"../../../Engine/Plugins/VirtualProduction/VirtualScouting/Content/UI/Icons/PlayControlsStop.uasset" 3377
"../../../Engine/Plugins/VirtualProduction/VirtualScouting/Content/UI/Icons/PlayControlsStop.uexp" 3378
"../../../Engine/Plugins/VirtualProduction/VirtualScouting/Content/UI/Icons/PlayControlsPlayForward.uasset" 3379
"../../../Engine/Plugins/VirtualProduction/VirtualScouting/Content/UI/Icons/PlayControlsPlayForward.uexp" 3380
"../../../Engine/Plugins/VirtualProduction/VirtualScouting/Content/UI/Font/BodyText_Mono.uasset" 3381
"../../../Engine/Plugins/VirtualProduction/VirtualScouting/Content/UI/Font/BodyText_Mono.uexp" 3382
"../../../Engine/Plugins/VirtualProduction/VirtualScouting/Content/UI/Font/BodyText_Bold_Mono.uasset" 3383
"../../../Engine/Plugins/VirtualProduction/VirtualScouting/Content/UI/Font/BodyText_Bold_Mono.uexp" 3384
"../../../Engine/Plugins/VirtualProduction/VirtualScouting/Content/Tools/Sequencer/SequenceToolViewmodel_Resolver.uasset" 3385
"../../../Engine/Plugins/VirtualProduction/VirtualScouting/Content/Tools/Sequencer/SequenceToolViewmodel_Resolver.uexp" 3386
"../../../Engine/Plugins/VirtualProduction/VirtualScouting/Content/UI/Icons/StartFrame.ubulk" 3387
"../../../Engine/Plugins/VirtualProduction/VirtualScouting/Content/UI/Icons/StartFrame.uasset" 3388
"../../../Engine/Plugins/VirtualProduction/VirtualScouting/Content/UI/Icons/StartFrame.uexp" 3389
"../../../Engine/Plugins/VirtualProduction/VirtualScouting/Content/UI/Icons/PlayHead.uasset" 3390
"../../../Engine/Plugins/VirtualProduction/VirtualScouting/Content/UI/Icons/PlayHead.uexp" 3391
"../../../Engine/Plugins/VirtualProduction/VirtualScouting/Content/UI/Icons/LoopStartFrame.ubulk" 3392
"../../../Engine/Plugins/VirtualProduction/VirtualScouting/Content/UI/Icons/LoopStartFrame.uasset" 3393
"../../../Engine/Plugins/VirtualProduction/VirtualScouting/Content/UI/Icons/LoopStartFrame.uexp" 3394
"../../../Engine/Plugins/VirtualProduction/VirtualScouting/Content/UI/Icons/LoopEndFrame.ubulk" 3395
"../../../Engine/Plugins/VirtualProduction/VirtualScouting/Content/UI/Icons/LoopEndFrame.uasset" 3396
"../../../Engine/Plugins/VirtualProduction/VirtualScouting/Content/UI/Icons/LoopEndFrame.uexp" 3397
"../../../Engine/Plugins/VirtualProduction/VirtualScouting/Content/UI/Icons/EndFrame.ubulk" 3398
"../../../Engine/Plugins/VirtualProduction/VirtualScouting/Content/UI/Icons/EndFrame.uasset" 3399
"../../../Engine/Plugins/VirtualProduction/VirtualScouting/Content/UI/Icons/EndFrame.uexp" 3400
"../../../Engine/Plugins/VirtualProduction/VirtualScouting/Content/Tools/Sequencer/UI/WBP_SequenceTimeline.uasset" 3401
"../../../Engine/Plugins/VirtualProduction/VirtualScouting/Content/Tools/Sequencer/UI/WBP_SequenceTimeline.uexp" 3402
"../../../Engine/Plugins/VirtualProduction/VirtualScouting/Content/Tools/Sequencer/UI/WBP_SequenceHandHeld.uasset" 3403
"../../../Engine/Plugins/VirtualProduction/VirtualScouting/Content/Tools/Sequencer/UI/WBP_SequenceHandHeld.uexp" 3404
"../../../Engine/Plugins/VirtualProduction/VirtualScouting/Content/UI/Icons/Sequence.ubulk" 3405
"../../../Engine/Plugins/VirtualProduction/VirtualScouting/Content/UI/Icons/Sequence.uasset" 3406
"../../../Engine/Plugins/VirtualProduction/VirtualScouting/Content/UI/Icons/Sequence.uexp" 3407
"../../../Engine/Plugins/VirtualProduction/VirtualScouting/Content/UI/Icons/LoopSequence.ubulk" 3408
"../../../Engine/Plugins/VirtualProduction/VirtualScouting/Content/UI/Icons/LoopSequence.uasset" 3409
"../../../Engine/Plugins/VirtualProduction/VirtualScouting/Content/UI/Icons/LoopSequence.uexp" 3410
"../../../Engine/Plugins/VirtualProduction/VirtualScouting/Content/UI/Icons/LoopSelection.ubulk" 3411
"../../../Engine/Plugins/VirtualProduction/VirtualScouting/Content/UI/Icons/LoopSelection.uasset" 3412
"../../../Engine/Plugins/VirtualProduction/VirtualScouting/Content/UI/Icons/LoopSelection.uexp" 3413
"../../../Engine/Plugins/VirtualProduction/VirtualScouting/Content/UI/Font/SubHeaderText_Mono.uasset" 3414
"../../../Engine/Plugins/VirtualProduction/VirtualScouting/Content/UI/Font/SubHeaderText_Mono.uexp" 3415
"../../../Engine/Plugins/VirtualProduction/VirtualScouting/Content/Tools/Sequencer/UI/WBP_SequenceConsole.uasset" 3416
"../../../Engine/Plugins/VirtualProduction/VirtualScouting/Content/Tools/Sequencer/UI/WBP_SequenceConsole.uexp" 3417
"../../../Engine/Plugins/VirtualProduction/VirtualScouting/Content/Tools/Sequencer/Input/IA_ToggleSequenceConsole.uasset" 3418
"../../../Engine/Plugins/VirtualProduction/VirtualScouting/Content/Tools/Sequencer/Input/IA_ToggleSequenceConsole.uexp" 3419
"../../../Engine/Plugins/VirtualProduction/VirtualScouting/Content/Tools/Sequencer/Input/IA_StickScrubSequence.uasset" 3420
"../../../Engine/Plugins/VirtualProduction/VirtualScouting/Content/Tools/Sequencer/Input/IA_StickScrubSequence.uexp" 3421
"../../../Engine/Plugins/VirtualProduction/VirtualScouting/Content/Tools/Sequencer/Input/IA_StartStopSequence.uasset" 3422
"../../../Engine/Plugins/VirtualProduction/VirtualScouting/Content/Tools/Sequencer/Input/IA_StartStopSequence.uexp" 3423
"../../../Engine/Plugins/VirtualProduction/VirtualScouting/Content/Tools/Sequencer/Input/IA_GestureScrubSequence.uasset" 3424
"../../../Engine/Plugins/VirtualProduction/VirtualScouting/Content/Tools/Sequencer/Input/IA_GestureScrubSequence.uexp" 3425
"../../../Engine/Plugins/VirtualProduction/VirtualScouting/Content/Tools/Sequencer/BP_SequenceToolActor.uasset" 3426
"../../../Engine/Plugins/VirtualProduction/VirtualScouting/Content/Tools/Sequencer/BP_SequenceToolActor.uexp" 3427
"../../../Engine/Plugins/VirtualProduction/VirtualScouting/Content/UI/Icons/IconRotate.uasset" 3428
"../../../Engine/Plugins/VirtualProduction/VirtualScouting/Content/UI/Icons/IconRotate.uexp" 3429
"../../../Engine/Plugins/VirtualProduction/VirtualScouting/Content/UI/Materials/MaterialFunctions/Utilities/MF_UI_WeightedCorners.uasset" 3430
"../../../Engine/Plugins/VirtualProduction/VirtualScouting/Content/UI/Materials/MaterialFunctions/Utilities/MF_UI_WeightedCorners.uexp" 3431
"../../../Engine/Content/Functions/UserInterface/GetUserInterfaceUV.uasset" 3432
"../../../Engine/Content/Functions/UserInterface/GetUserInterfaceUV.uexp" 3433
"../../../Engine/Plugins/VirtualProduction/VirtualScouting/Content/UI/Materials/MaterialFunctions/Utilities/MF_UI_AspectRatio.uasset" 3434
"../../../Engine/Plugins/VirtualProduction/VirtualScouting/Content/UI/Materials/MaterialFunctions/Utilities/MF_UI_AspectRatio.uexp" 3435
"../../../Engine/Plugins/VirtualProduction/VirtualScouting/Content/UI/Materials/MaterialFunctions/SDFs/MF_UI_SDF_Box.uasset" 3436
"../../../Engine/Plugins/VirtualProduction/VirtualScouting/Content/UI/Materials/MaterialFunctions/SDFs/MF_UI_SDF_Box.uexp" 3437
"../../../Engine/Content/Functions/Engine_MaterialFunctions01/ImageAdjustment/Contrast_Preserve_Color.uasset" 3438
"../../../Engine/Content/Functions/Engine_MaterialFunctions01/ImageAdjustment/Contrast_Preserve_Color.uexp" 3439
"../../../Engine/Plugins/VirtualProduction/VirtualScouting/Content/UI/Materials/M_RoundedButton.uasset" 3440
"../../../Engine/Plugins/VirtualProduction/VirtualScouting/Content/UI/Materials/M_RoundedButton.uexp" 3441
"../../../Engine/Plugins/VirtualProduction/VirtualScouting/Content/UI/Materials/MI_RoundedButton.uasset" 3442
"../../../Engine/Plugins/VirtualProduction/VirtualScouting/Content/UI/Materials/MI_RoundedButton.uexp" 3443
"../../../Engine/Plugins/VirtualProduction/VirtualScouting/Content/Tools/Sequencer/UI/WBP_SequenceEntryRow.uasset" 3444
"../../../Engine/Plugins/VirtualProduction/VirtualScouting/Content/Tools/Sequencer/UI/WBP_SequenceEntryRow.uexp" 3445
"../../../Engine/Plugins/VirtualProduction/VirtualScouting/Content/Tools/Sequencer/UI/WBP_SequencePalette.uasset" 3446
"../../../Engine/Plugins/VirtualProduction/VirtualScouting/Content/Tools/Sequencer/UI/WBP_SequencePalette.uexp" 3447
"../../../Engine/Plugins/VirtualProduction/VirtualScouting/Content/Input/IA_BlockAction.uasset" 3448
"../../../Engine/Plugins/VirtualProduction/VirtualScouting/Content/Input/IA_BlockAction.uexp" 3449
"../../../Engine/Plugins/VirtualProduction/VirtualScouting/Content/Tools/Sequencer/Input/IA_BlockFlying_Sequencer.uasset" 3450
"../../../Engine/Plugins/VirtualProduction/VirtualScouting/Content/Tools/Sequencer/Input/IA_BlockFlying_Sequencer.uexp" 3451
"../../../Engine/Plugins/VirtualProduction/VirtualScouting/Content/Tools/Sequencer/Input/IMC_SequencerToolLeft.uasset" 3452
"../../../Engine/Plugins/VirtualProduction/VirtualScouting/Content/Tools/Sequencer/Input/IMC_SequencerToolLeft.uexp" 3453
"../../../Engine/Plugins/VirtualProduction/VirtualScouting/Content/Tools/Sequencer/Input/IMC_SequencerTool.uasset" 3454
"../../../Engine/Plugins/VirtualProduction/VirtualScouting/Content/Tools/Sequencer/Input/IMC_SequencerTool.uexp" 3455
"../../../Engine/Plugins/VirtualProduction/VirtualScouting/Content/Tools/Sequencer/BP_SequenceTool.uasset" 3456
"../../../Engine/Plugins/VirtualProduction/VirtualScouting/Content/Tools/Sequencer/BP_SequenceTool.uexp" 3457
"../../../Engine/Plugins/VirtualProduction/VirtualScouting/Content/Tools/Placement/EPlaceActorState.uasset" 3458
"../../../Engine/Plugins/VirtualProduction/VirtualScouting/Content/Tools/Placement/EPlaceActorState.uexp" 3459
"../../../Engine/Plugins/VirtualProduction/VirtualScouting/Content/Tools/Placement/PlacementToolViewmodel.uasset" 3460
"../../../Engine/Plugins/VirtualProduction/VirtualScouting/Content/Tools/Placement/PlacementToolViewmodel.uexp" 3461
"../../../Engine/Plugins/VirtualProduction/VirtualScouting/Content/Audio/SA_Hover_02.ubulk" 3462
"../../../Engine/Plugins/VirtualProduction/VirtualScouting/Content/Audio/SA_Hover_02.uasset" 3463
"../../../Engine/Plugins/VirtualProduction/VirtualScouting/Content/Audio/SA_Hover_02.uexp" 3464
"../../../Engine/Plugins/VirtualProduction/VirtualScouting/Content/Audio/SA_Cllick_02.ubulk" 3465
"../../../Engine/Plugins/VirtualProduction/VirtualScouting/Content/Audio/SA_Cllick_02.uasset" 3466
"../../../Engine/Plugins/VirtualProduction/VirtualScouting/Content/Audio/SA_Cllick_02.uexp" 3467
"../../../Engine/Plugins/VirtualProduction/VirtualScouting/Content/Audio/SC_Click_03.uasset" 3468
"../../../Engine/Plugins/VirtualProduction/VirtualScouting/Content/Audio/SC_Click_03.uexp" 3469
"../../../Engine/Plugins/VirtualProduction/VirtualScouting/Content/UI/Icons/StaticMesh.uasset" 3470
"../../../Engine/Plugins/VirtualProduction/VirtualScouting/Content/UI/Icons/StaticMesh.uexp" 3471
"../../../Engine/Plugins/VirtualProduction/VirtualScouting/Content/UI/Icons/SkeletalMesh.uasset" 3472
"../../../Engine/Plugins/VirtualProduction/VirtualScouting/Content/UI/Icons/SkeletalMesh.uexp" 3473
"../../../Engine/Plugins/VirtualProduction/VirtualScouting/Content/UI/Icons/Preferences.uasset" 3474
"../../../Engine/Plugins/VirtualProduction/VirtualScouting/Content/UI/Icons/Preferences.uexp" 3475
"../../../Engine/Plugins/VirtualProduction/VirtualScouting/Content/UI/Icons/Blueprint.uasset" 3476
"../../../Engine/Plugins/VirtualProduction/VirtualScouting/Content/UI/Icons/Blueprint.uexp" 3477
"../../../Engine/Plugins/VirtualProduction/VirtualScouting/Content/Tools/Placement/PlacementToolViewmodel_Resolver.uasset" 3478
"../../../Engine/Plugins/VirtualProduction/VirtualScouting/Content/Tools/Placement/PlacementToolViewmodel_Resolver.uexp" 3479
"../../../Engine/Plugins/VirtualProduction/VirtualScouting/Content/UI/Font/BodyText_Italic.uasset" 3480
"../../../Engine/Plugins/VirtualProduction/VirtualScouting/Content/UI/Font/BodyText_Italic.uexp" 3481
"../../../Engine/Plugins/VirtualProduction/VirtualScouting/Content/Tools/Placement/UI/WBP_ContentBrowserEntryRow.uasset" 3482
"../../../Engine/Plugins/VirtualProduction/VirtualScouting/Content/Tools/Placement/UI/WBP_ContentBrowserEntryRow.uexp" 3483
"../../../Engine/Plugins/VirtualProduction/VirtualScouting/Content/Tools/Placement/UI/WBP_PlacementPalette.uasset" 3484
"../../../Engine/Plugins/VirtualProduction/VirtualScouting/Content/Tools/Placement/UI/WBP_PlacementPalette.uexp" 3485
"../../../Engine/Plugins/VirtualProduction/VirtualScouting/Content/Tools/Placement/Input/IA_PlaceActorToggleMode.uasset" 3486
"../../../Engine/Plugins/VirtualProduction/VirtualScouting/Content/Tools/Placement/Input/IA_PlaceActorToggleMode.uexp" 3487
"../../../Engine/Plugins/VirtualProduction/VirtualScouting/Content/Tools/Placement/Input/IA_PlaceActorSpawn.uasset" 3488
"../../../Engine/Plugins/VirtualProduction/VirtualScouting/Content/Tools/Placement/Input/IA_PlaceActorSpawn.uexp" 3489
"../../../Engine/Plugins/VirtualProduction/VirtualScouting/Content/Tools/Placement/Input/IA_PlaceActorRotate.uasset" 3490
"../../../Engine/Plugins/VirtualProduction/VirtualScouting/Content/Tools/Placement/Input/IA_PlaceActorRotate.uexp" 3491
"../../../Engine/Plugins/VirtualProduction/VirtualScouting/Content/Tools/Lighting/Gaffer/Input/IA_Gaffer_BlockFlying.uasset" 3492
"../../../Engine/Plugins/VirtualProduction/VirtualScouting/Content/Tools/Lighting/Gaffer/Input/IA_Gaffer_BlockFlying.uexp" 3493
"../../../Engine/Plugins/VirtualProduction/VirtualScouting/Content/Tools/Placement/Input/IMC_PlaceActorToolLeft.uasset" 3494
"../../../Engine/Plugins/VirtualProduction/VirtualScouting/Content/Tools/Placement/Input/IMC_PlaceActorToolLeft.uexp" 3495
"../../../Engine/Plugins/VirtualProduction/VirtualScouting/Content/Tools/Placement/Input/IMC_PlaceActorTool.uasset" 3496
"../../../Engine/Plugins/VirtualProduction/VirtualScouting/Content/Tools/Placement/Input/IMC_PlaceActorTool.uexp" 3497
"../../../Engine/Plugins/VirtualProduction/VirtualScouting/Content/Tools/Placement/BP_PlacementTool.uasset" 3498
"../../../Engine/Plugins/VirtualProduction/VirtualScouting/Content/Tools/Placement/BP_PlacementTool.uexp" 3499
"../../../Engine/Plugins/VirtualProduction/VirtualScouting/Content/Tools/Navigate/WBP_NavigatePalette.uasset" 3500
"../../../Engine/Plugins/VirtualProduction/VirtualScouting/Content/Tools/Navigate/WBP_NavigatePalette.uexp" 3501
"../../../Engine/Plugins/VirtualProduction/VirtualScouting/Content/Tools/Navigate/BP_NavigationToolActor.uasset" 3502
"../../../Engine/Plugins/VirtualProduction/VirtualScouting/Content/Tools/Navigate/BP_NavigationToolActor.uexp" 3503
"../../../Engine/Plugins/VirtualProduction/VirtualScouting/Content/Tools/Navigate/BP_NavigationTool.uasset" 3504
"../../../Engine/Plugins/VirtualProduction/VirtualScouting/Content/Tools/Navigate/BP_NavigationTool.uexp" 3505
"../../../Engine/Plugins/VirtualProduction/VirtualScouting/Content/UI/Materials/Curve_Value.uasset" 3506
"../../../Engine/Plugins/VirtualProduction/VirtualScouting/Content/UI/Materials/Curve_Value.uexp" 3507
"../../../Engine/Plugins/VirtualProduction/VirtualScouting/Content/UI/Materials/Curve_Color.uasset" 3508
"../../../Engine/Plugins/VirtualProduction/VirtualScouting/Content/UI/Materials/Curve_Color.uexp" 3509
"../../../Engine/Plugins/VirtualProduction/VirtualScouting/Content/UI/Materials/Curve_Saturation.uasset" 3510
"../../../Engine/Plugins/VirtualProduction/VirtualScouting/Content/UI/Materials/Curve_Saturation.uexp" 3511
"../../../Engine/Plugins/VirtualProduction/VirtualScouting/Content/UI/Materials/Curve_ColorTemperature.uasset" 3512
"../../../Engine/Plugins/VirtualProduction/VirtualScouting/Content/UI/Materials/Curve_ColorTemperature.uexp" 3513
"../../../Engine/Plugins/VirtualProduction/VirtualScouting/Content/UI/Materials/CA_Color.uasset" 3514
"../../../Engine/Plugins/VirtualProduction/VirtualScouting/Content/UI/Materials/CA_Color.uexp" 3515
"../../../Engine/Plugins/VirtualProduction/VirtualScouting/Content/UI/Materials/M_ValueSlider.uasset" 3516
"../../../Engine/Plugins/VirtualProduction/VirtualScouting/Content/UI/Materials/M_ValueSlider.uexp" 3517
"../../../Engine/Plugins/VirtualProduction/VirtualScouting/Content/UI/Materials/M_SaturationSlider.uasset" 3518
"../../../Engine/Plugins/VirtualProduction/VirtualScouting/Content/UI/Materials/M_SaturationSlider.uexp" 3519
"../../../Engine/Plugins/VirtualProduction/VirtualScouting/Content/UI/Materials/M_HueSlider.uasset" 3520
"../../../Engine/Plugins/VirtualProduction/VirtualScouting/Content/UI/Materials/M_HueSlider.uexp" 3521
"../../../Engine/Plugins/VirtualProduction/VirtualScouting/Content/UI/Materials/M_ColorSelection.uasset" 3522
"../../../Engine/Plugins/VirtualProduction/VirtualScouting/Content/UI/Materials/M_ColorSelection.uexp" 3523
"../../../Engine/Plugins/VirtualProduction/VirtualScouting/Content/UI/SubWidgets/WBP_SliderColorChooser.uasset" 3524
"../../../Engine/Plugins/VirtualProduction/VirtualScouting/Content/UI/SubWidgets/WBP_SliderColorChooser.uexp" 3525
"../../../Engine/Plugins/VirtualProduction/VirtualScouting/Content/Tools/Measure/EMeasureType.uasset" 3526
"../../../Engine/Plugins/VirtualProduction/VirtualScouting/Content/Tools/Measure/EMeasureType.uexp" 3527
"../../../Engine/Plugins/VirtualProduction/VirtualScouting/Content/Tools/Measure/EMeasureCreationType.uasset" 3528
"../../../Engine/Plugins/VirtualProduction/VirtualScouting/Content/Tools/Measure/EMeasureCreationType.uexp" 3529
"../../../Engine/Content/BasicShapes/Sphere.ubulk" 3530
"../../../Engine/Content/BasicShapes/Sphere.uasset" 3531
"../../../Engine/Content/BasicShapes/Sphere.uexp" 3532
"../../../Engine/Plugins/VirtualProduction/VirtualScouting/Content/UI/Font/MeaureText.uasset" 3533
"../../../Engine/Plugins/VirtualProduction/VirtualScouting/Content/UI/Font/MeaureText.uexp" 3534
"../../../Engine/Plugins/VirtualProduction/VirtualScouting/Content/Tools/Measure/WBP_MeasureLabel.uasset" 3535
"../../../Engine/Plugins/VirtualProduction/VirtualScouting/Content/Tools/Measure/WBP_MeasureLabel.uexp" 3536
"../../../Engine/Plugins/VirtualProduction/VirtualScouting/Content/Art/Common/DefaultRibbonMaterial_NoGradient.uasset" 3537
"../../../Engine/Plugins/VirtualProduction/VirtualScouting/Content/Art/Common/DefaultRibbonMaterial_NoGradient.uexp" 3538
"../../../Engine/Plugins/VirtualProduction/VirtualScouting/Content/Tools/Measure/NS_LineMeasure.uasset" 3539
"../../../Engine/Plugins/VirtualProduction/VirtualScouting/Content/Tools/Measure/NS_LineMeasure.uexp" 3540
"../../../Engine/Plugins/VirtualProduction/VirtualScouting/Content/Art/Common/MI_BasicEmissive.uasset" 3541
"../../../Engine/Plugins/VirtualProduction/VirtualScouting/Content/Art/Common/MI_BasicEmissive.uexp" 3542
"../../../Engine/Plugins/VirtualProduction/VirtualScouting/Content/Art/Common/MI_Widget3D_CameraFacing_Offset.uasset" 3543
"../../../Engine/Plugins/VirtualProduction/VirtualScouting/Content/Art/Common/MI_Widget3D_CameraFacing_Offset.uexp" 3544
"../../../Engine/Plugins/VirtualProduction/VirtualScouting/Content/Tools/Measure/BP_Measurement.uasset" 3545
"../../../Engine/Plugins/VirtualProduction/VirtualScouting/Content/Tools/Measure/BP_Measurement.uexp" 3546
"../../../Engine/Plugins/VirtualProduction/VirtualScouting/Content/Tools/Measure/MeasureTool_ViewModel.uasset" 3547
"../../../Engine/Plugins/VirtualProduction/VirtualScouting/Content/Tools/Measure/MeasureTool_ViewModel.uexp" 3548
"../../../Engine/Plugins/VirtualProduction/VirtualScouting/Content/Tools/Measure/MeasureTool_ViewModel_Resolver.uasset" 3549
"../../../Engine/Plugins/VirtualProduction/VirtualScouting/Content/Tools/Measure/MeasureTool_ViewModel_Resolver.uexp" 3550
"../../../Engine/Plugins/VirtualProduction/VirtualScouting/Content/UI/Icons/IconLocation.ubulk" 3551
"../../../Engine/Plugins/VirtualProduction/VirtualScouting/Content/UI/Icons/IconLocation.uasset" 3552
"../../../Engine/Plugins/VirtualProduction/VirtualScouting/Content/UI/Icons/IconLocation.uexp" 3553
"../../../Engine/Plugins/VirtualProduction/VirtualScouting/Content/UI/Icons/EyeVisible.uasset" 3554
"../../../Engine/Plugins/VirtualProduction/VirtualScouting/Content/UI/Icons/EyeVisible.uexp" 3555
"../../../Engine/Plugins/VirtualProduction/VirtualScouting/Content/UI/Icons/EyeHidden.ubulk" 3556
"../../../Engine/Plugins/VirtualProduction/VirtualScouting/Content/UI/Icons/EyeHidden.uasset" 3557
"../../../Engine/Plugins/VirtualProduction/VirtualScouting/Content/UI/Icons/EyeHidden.uexp" 3558
"../../../Engine/Plugins/VirtualProduction/VirtualScouting/Content/Tools/Measure/WBP_MeasurementEntryRow.uasset" 3559
"../../../Engine/Plugins/VirtualProduction/VirtualScouting/Content/Tools/Measure/WBP_MeasurementEntryRow.uexp" 3560
"../../../Engine/Plugins/VirtualProduction/VirtualScouting/Content/Tools/Measure/WBP_MeasurementList.uasset" 3561
"../../../Engine/Plugins/VirtualProduction/VirtualScouting/Content/Tools/Measure/WBP_MeasurementList.uexp" 3562
"../../../Engine/Plugins/VirtualProduction/VirtualScouting/Content/Tools/Measure/WBP_MeasureToolOptions.uasset" 3563
"../../../Engine/Plugins/VirtualProduction/VirtualScouting/Content/Tools/Measure/WBP_MeasureToolOptions.uexp" 3564
"../../../Engine/Plugins/VirtualProduction/VirtualScouting/Content/Tools/Measure/IA_CreateMeasurement.uasset" 3565
"../../../Engine/Plugins/VirtualProduction/VirtualScouting/Content/Tools/Measure/IA_CreateMeasurement.uexp" 3566
"../../../Engine/Plugins/VirtualProduction/VirtualScouting/Content/Tools/Measure/IMC_MeasureToolLeft.uasset" 3567
"../../../Engine/Plugins/VirtualProduction/VirtualScouting/Content/Tools/Measure/IMC_MeasureToolLeft.uexp" 3568
"../../../Engine/Plugins/VirtualProduction/VirtualScouting/Content/Tools/Measure/IMC_MeasureTool.uasset" 3569
"../../../Engine/Plugins/VirtualProduction/VirtualScouting/Content/Tools/Measure/IMC_MeasureTool.uexp" 3570
"../../../Engine/Plugins/VirtualProduction/VirtualScouting/Content/Tools/Measure/BP_MeasureTool.uasset" 3571
"../../../Engine/Plugins/VirtualProduction/VirtualScouting/Content/Tools/Measure/BP_MeasureTool.uexp" 3572
"../../../Engine/Plugins/VirtualProduction/VirtualScouting/Content/Tools/Lighting/Gaffer/EGafferLightControlMode.uasset" 3573
"../../../Engine/Plugins/VirtualProduction/VirtualScouting/Content/Tools/Lighting/Gaffer/EGafferLightControlMode.uexp" 3574
"../../../Engine/Plugins/VirtualProduction/VirtualScouting/Content/Tools/Lighting/Gaffer/XRGafferTool_ViewModel.uasset" 3575
"../../../Engine/Plugins/VirtualProduction/VirtualScouting/Content/Tools/Lighting/Gaffer/XRGafferTool_ViewModel.uexp" 3576
"../../../Engine/Plugins/VirtualProduction/VirtualScouting/Content/UI/Materials/M_ColorTempSlider.uasset" 3577
"../../../Engine/Plugins/VirtualProduction/VirtualScouting/Content/UI/Materials/M_ColorTempSlider.uexp" 3578
"../../../Engine/Plugins/VirtualProduction/VirtualScouting/Content/UI/Icons/SpotLight.ubulk" 3579
"../../../Engine/Plugins/VirtualProduction/VirtualScouting/Content/UI/Icons/SpotLight.uasset" 3580
"../../../Engine/Plugins/VirtualProduction/VirtualScouting/Content/UI/Icons/SpotLight.uexp" 3581
"../../../Engine/Plugins/VirtualProduction/VirtualScouting/Content/UI/Icons/RectLight.ubulk" 3582
"../../../Engine/Plugins/VirtualProduction/VirtualScouting/Content/UI/Icons/RectLight.uasset" 3583
"../../../Engine/Plugins/VirtualProduction/VirtualScouting/Content/UI/Icons/RectLight.uexp" 3584
"../../../Engine/Plugins/VirtualProduction/VirtualScouting/Content/UI/Icons/LightList.ubulk" 3585
"../../../Engine/Plugins/VirtualProduction/VirtualScouting/Content/UI/Icons/LightList.uasset" 3586
"../../../Engine/Plugins/VirtualProduction/VirtualScouting/Content/UI/Icons/LightList.uexp" 3587
"../../../Engine/Plugins/VirtualProduction/VirtualScouting/Content/Tools/Lighting/Gaffer/XRGafferTool_Viewmodel_Resolver.uasset" 3588
"../../../Engine/Plugins/VirtualProduction/VirtualScouting/Content/Tools/Lighting/Gaffer/XRGafferTool_Viewmodel_Resolver.uexp" 3589
"../../../Engine/Plugins/VirtualProduction/VirtualScouting/Content/UI/Icons/Solo.ubulk" 3590
"../../../Engine/Plugins/VirtualProduction/VirtualScouting/Content/UI/Icons/Solo.uasset" 3591
"../../../Engine/Plugins/VirtualProduction/VirtualScouting/Content/UI/Icons/Solo.uexp" 3592
"../../../Engine/Plugins/VirtualProduction/VirtualScouting/Content/Tools/Lighting/Gaffer/EGafferLightTypes.uasset" 3593
"../../../Engine/Plugins/VirtualProduction/VirtualScouting/Content/Tools/Lighting/Gaffer/EGafferLightTypes.uexp" 3594
"../../../Engine/Plugins/VirtualProduction/VirtualScouting/Content/Tools/Lighting/Gaffer/WBP_LightListEntry.uasset" 3595
"../../../Engine/Plugins/VirtualProduction/VirtualScouting/Content/Tools/Lighting/Gaffer/WBP_LightListEntry.uexp" 3596
"../../../Engine/Plugins/VirtualProduction/VirtualScouting/Content/Tools/Lighting/Gaffer/WBP_XRGafferPalette.uasset" 3597
"../../../Engine/Plugins/VirtualProduction/VirtualScouting/Content/Tools/Lighting/Gaffer/WBP_XRGafferPalette.uexp" 3598
"../../../Engine/Plugins/VirtualProduction/VirtualScouting/Content/Tools/Lighting/Gaffer/Input/IA_GafferToggleMode.uasset" 3599
"../../../Engine/Plugins/VirtualProduction/VirtualScouting/Content/Tools/Lighting/Gaffer/Input/IA_GafferToggleMode.uexp" 3600
"../../../Engine/Plugins/VirtualProduction/VirtualScouting/Content/Tools/Lighting/Gaffer/Input/IA_GafferManipulate.uasset" 3601
"../../../Engine/Plugins/VirtualProduction/VirtualScouting/Content/Tools/Lighting/Gaffer/Input/IA_GafferManipulate.uexp" 3602
"../../../Engine/Plugins/VirtualProduction/VirtualScouting/Content/Tools/Lighting/Gaffer/Input/IMC_XRGafferLeft.uasset" 3603
"../../../Engine/Plugins/VirtualProduction/VirtualScouting/Content/Tools/Lighting/Gaffer/Input/IMC_XRGafferLeft.uexp" 3604
"../../../Engine/Plugins/VirtualProduction/VirtualScouting/Content/Tools/Lighting/Gaffer/Input/IMC_XRGaffer.uasset" 3605
"../../../Engine/Plugins/VirtualProduction/VirtualScouting/Content/Tools/Lighting/Gaffer/Input/IMC_XRGaffer.uexp" 3606
"../../../Engine/Plugins/VirtualProduction/VirtualScouting/Content/Tools/Lighting/Gaffer/BP_XRGaffer.uasset" 3607
"../../../Engine/Plugins/VirtualProduction/VirtualScouting/Content/Tools/Lighting/Gaffer/BP_XRGaffer.uexp" 3608
"../../../Engine/Plugins/VirtualProduction/VirtualScouting/Content/Input/Anim/IA_Trigger_Right.uasset" 3609
"../../../Engine/Plugins/VirtualProduction/VirtualScouting/Content/Input/Anim/IA_Trigger_Right.uexp" 3610
"../../../Engine/Plugins/VirtualProduction/VirtualScouting/Content/Input/Anim/IA_Trigger_Left.uasset" 3611
"../../../Engine/Plugins/VirtualProduction/VirtualScouting/Content/Input/Anim/IA_Trigger_Left.uexp" 3612
"../../../Engine/Plugins/VirtualProduction/VirtualScouting/Content/Input/Anim/IA_ThumbstickTouch_Right.uasset" 3613
"../../../Engine/Plugins/VirtualProduction/VirtualScouting/Content/Input/Anim/IA_ThumbstickTouch_Right.uexp" 3614
"../../../Engine/Plugins/VirtualProduction/VirtualScouting/Content/Input/Anim/IA_ThumbstickTouch_Left.uasset" 3615
"../../../Engine/Plugins/VirtualProduction/VirtualScouting/Content/Input/Anim/IA_ThumbstickTouch_Left.uexp" 3616
"../../../Engine/Plugins/VirtualProduction/VirtualScouting/Content/Input/Anim/IA_ThumbstickPress_Right.uasset" 3617
"../../../Engine/Plugins/VirtualProduction/VirtualScouting/Content/Input/Anim/IA_ThumbstickPress_Right.uexp" 3618
"../../../Engine/Plugins/VirtualProduction/VirtualScouting/Content/Input/Anim/IA_ThumbstickPress_Left.uasset" 3619
"../../../Engine/Plugins/VirtualProduction/VirtualScouting/Content/Input/Anim/IA_ThumbstickPress_Left.uexp" 3620
"../../../Engine/Plugins/VirtualProduction/VirtualScouting/Content/Input/Anim/IA_ThumbstickMove_Right.uasset" 3621
"../../../Engine/Plugins/VirtualProduction/VirtualScouting/Content/Input/Anim/IA_ThumbstickMove_Right.uexp" 3622
"../../../Engine/Plugins/VirtualProduction/VirtualScouting/Content/Input/Anim/IA_ThumbstickMove_Left.uasset" 3623
"../../../Engine/Plugins/VirtualProduction/VirtualScouting/Content/Input/Anim/IA_ThumbstickMove_Left.uexp" 3624
"../../../Engine/Plugins/VirtualProduction/VirtualScouting/Content/Input/Anim/IA_MenuPress_Left.uasset" 3625
"../../../Engine/Plugins/VirtualProduction/VirtualScouting/Content/Input/Anim/IA_MenuPress_Left.uexp" 3626
"../../../Engine/Plugins/VirtualProduction/VirtualScouting/Content/Input/Anim/IA_Grip_Right.uasset" 3627
"../../../Engine/Plugins/VirtualProduction/VirtualScouting/Content/Input/Anim/IA_Grip_Right.uexp" 3628
"../../../Engine/Plugins/VirtualProduction/VirtualScouting/Content/Input/Anim/IA_Grip_Left.uasset" 3629
"../../../Engine/Plugins/VirtualProduction/VirtualScouting/Content/Input/Anim/IA_Grip_Left.uexp" 3630
"../../../Engine/Plugins/VirtualProduction/VirtualScouting/Content/Input/Anim/IA_FaceButtonTopTouch_Right.uasset" 3631
"../../../Engine/Plugins/VirtualProduction/VirtualScouting/Content/Input/Anim/IA_FaceButtonTopTouch_Right.uexp" 3632
"../../../Engine/Plugins/VirtualProduction/VirtualScouting/Content/Input/Anim/IA_FaceButtonTopTouch_Left.uasset" 3633
"../../../Engine/Plugins/VirtualProduction/VirtualScouting/Content/Input/Anim/IA_FaceButtonTopTouch_Left.uexp" 3634
"../../../Engine/Plugins/VirtualProduction/VirtualScouting/Content/Input/Anim/IA_FaceButtonTopPress_Right.uasset" 3635
"../../../Engine/Plugins/VirtualProduction/VirtualScouting/Content/Input/Anim/IA_FaceButtonTopPress_Right.uexp" 3636
"../../../Engine/Plugins/VirtualProduction/VirtualScouting/Content/Input/Anim/IA_FaceButtonTopPressLeft.uasset" 3637
"../../../Engine/Plugins/VirtualProduction/VirtualScouting/Content/Input/Anim/IA_FaceButtonTopPressLeft.uexp" 3638
"../../../Engine/Plugins/VirtualProduction/VirtualScouting/Content/Input/Anim/IA_FaceButtonBottomTouch_Right.uasset" 3639
"../../../Engine/Plugins/VirtualProduction/VirtualScouting/Content/Input/Anim/IA_FaceButtonBottomTouch_Right.uexp" 3640
"../../../Engine/Plugins/VirtualProduction/VirtualScouting/Content/Input/Anim/IA_FaceButtonBottomTouch_Left.uasset" 3641
"../../../Engine/Plugins/VirtualProduction/VirtualScouting/Content/Input/Anim/IA_FaceButtonBottomTouch_Left.uexp" 3642
"../../../Engine/Plugins/VirtualProduction/VirtualScouting/Content/Input/Anim/IA_FaceButtonBottomPress_Right.uasset" 3643
"../../../Engine/Plugins/VirtualProduction/VirtualScouting/Content/Input/Anim/IA_FaceButtonBottomPress_Right.uexp" 3644
"../../../Engine/Plugins/VirtualProduction/VirtualScouting/Content/Input/Anim/IA_FaceButtonBottomPress_Left.uasset" 3645
"../../../Engine/Plugins/VirtualProduction/VirtualScouting/Content/Input/Anim/IA_FaceButtonBottomPress_Left.uexp" 3646
"../../../Engine/Plugins/VirtualProduction/VirtualScouting/Content/Input/IMC_VScoutAnim.uasset" 3647
"../../../Engine/Plugins/VirtualProduction/VirtualScouting/Content/Input/IMC_VScoutAnim.uexp" 3648
"../../../Engine/Plugins/VirtualProduction/VirtualScouting/Content/Tools/ToolTip/ValveMap.uasset" 3649
"../../../Engine/Plugins/VirtualProduction/VirtualScouting/Content/Tools/ToolTip/ValveMap.uexp" 3650
"../../../Engine/Plugins/VirtualProduction/VirtualScouting/Content/Tools/ToolTip/ValveDisc.uasset" 3651
"../../../Engine/Plugins/VirtualProduction/VirtualScouting/Content/Tools/ToolTip/ValveDisc.uexp" 3652
"../../../Engine/Plugins/VirtualProduction/VirtualScouting/Content/Tools/ToolTip/OculusMap.uasset" 3653
"../../../Engine/Plugins/VirtualProduction/VirtualScouting/Content/Tools/ToolTip/OculusMap.uexp" 3654
"../../../Engine/Plugins/VirtualProduction/VirtualScouting/Content/Tools/ToolTip/OculusDisc.uasset" 3655
"../../../Engine/Plugins/VirtualProduction/VirtualScouting/Content/Tools/ToolTip/OculusDisc.uexp" 3656
"../../../Engine/Content/BasicShapes/Cylinder.ubulk" 3657
"../../../Engine/Content/BasicShapes/Cylinder.uasset" 3658
"../../../Engine/Content/BasicShapes/Cylinder.uexp" 3659
"../../../Engine/Content/Functions/Engine_MaterialFunctions01/ImageAdjustment/sRGBToLinear.uasset" 3660
"../../../Engine/Content/Functions/Engine_MaterialFunctions01/ImageAdjustment/sRGBToLinear.uexp" 3661
"../../../Engine/Plugins/VirtualProduction/VirtualScouting/Content/Art/Common/M_Widget3DPassThrough_NoDepth.uasset" 3662
"../../../Engine/Plugins/VirtualProduction/VirtualScouting/Content/Art/Common/M_Widget3DPassThrough_NoDepth.uexp" 3663
"../../../Engine/Plugins/VirtualProduction/VirtualScouting/Content/UI/SubWidgets/WBP_ToolTipBase.uasset" 3664
"../../../Engine/Plugins/VirtualProduction/VirtualScouting/Content/UI/SubWidgets/WBP_ToolTipBase.uexp" 3665
"../../../Engine/Plugins/VirtualProduction/VirtualScouting/Content/Art/VFX/DefaultRibbonMateral_NoDepth.uasset" 3666
"../../../Engine/Plugins/VirtualProduction/VirtualScouting/Content/Art/VFX/DefaultRibbonMateral_NoDepth.uexp" 3667
"../../../Engine/Plugins/VirtualProduction/VirtualScouting/Content/Tools/ToolTip/BP_Tooltip.uasset" 3668
"../../../Engine/Plugins/VirtualProduction/VirtualScouting/Content/Tools/ToolTip/BP_Tooltip.uexp" 3669
"../../../Engine/Plugins/VirtualProduction/VirtualScouting/Content/Tools/ToolTip/BP_ToolTipActor.uasset" 3670
"../../../Engine/Plugins/VirtualProduction/VirtualScouting/Content/Tools/ToolTip/BP_ToolTipActor.uexp" 3671
"../../../Engine/Plugins/VirtualProduction/VirtualScouting/Content/Art/PPOutline/PP_ColorOutline.uasset" 3672
"../../../Engine/Plugins/VirtualProduction/VirtualScouting/Content/Art/PPOutline/PP_ColorOutline.uexp" 3673
"../../../Engine/Plugins/VirtualProduction/VirtualScouting/Content/Art/PPOutline/PPI_ColorOutline.uasset" 3674
"../../../Engine/Plugins/VirtualProduction/VirtualScouting/Content/Art/PPOutline/PPI_ColorOutline.uexp" 3675
"../../../Engine/Plugins/VirtualProduction/VirtualScouting/Content/Core/Movement/Scale/WBP_ScaleText.uasset" 3676
"../../../Engine/Plugins/VirtualProduction/VirtualScouting/Content/Core/Movement/Scale/WBP_ScaleText.uexp" 3677
"../../../Engine/Plugins/VirtualProduction/VirtualScouting/Content/Art/VFX/DefaultRibbonMaterial_NoGradient_NoDepth.uasset" 3678
"../../../Engine/Plugins/VirtualProduction/VirtualScouting/Content/Art/VFX/DefaultRibbonMaterial_NoGradient_NoDepth.uexp" 3679
"../../../Engine/Plugins/VirtualProduction/VirtualScouting/Content/Core/Movement/Scale/NS_ScaleBar.uasset" 3680
"../../../Engine/Plugins/VirtualProduction/VirtualScouting/Content/Core/Movement/Scale/NS_ScaleBar.uexp" 3681
"../../../Engine/Plugins/VirtualProduction/VirtualScouting/Content/Core/Movement/Scale/BP_ScaleTextWidget.uasset" 3682
"../../../Engine/Plugins/VirtualProduction/VirtualScouting/Content/Core/Movement/Scale/BP_ScaleTextWidget.uexp" 3683
"../../../Engine/Plugins/VirtualProduction/VirtualScouting/Content/Core/Gizmo/BPI_Gizmo.uasset" 3684
"../../../Engine/Plugins/VirtualProduction/VirtualScouting/Content/Core/Gizmo/BPI_Gizmo.uexp" 3685
"../../../Engine/Plugins/VirtualProduction/VirtualScouting/Content/Art/Common/M_DashedLineRibbonMaterial_NoGradient.uasset" 3686
"../../../Engine/Plugins/VirtualProduction/VirtualScouting/Content/Art/Common/M_DashedLineRibbonMaterial_NoGradient.uexp" 3687
"../../../Engine/Plugins/VirtualProduction/VirtualScouting/Content/Art/Common/MI_DashedLineRibbonMaterial_NoGradient.uasset" 3688
"../../../Engine/Plugins/VirtualProduction/VirtualScouting/Content/Art/Common/MI_DashedLineRibbonMaterial_NoGradient.uexp" 3689
"../../../Engine/Plugins/VirtualProduction/VirtualScouting/Content/Core/Gizmo/NS_GizmoAxisVisualization.uasset" 3690
"../../../Engine/Plugins/VirtualProduction/VirtualScouting/Content/Core/Gizmo/NS_GizmoAxisVisualization.uexp" 3691
"../../../Engine/Plugins/VirtualProduction/VirtualScouting/Content/Core/Gizmo/M_VScoutGizmo.uasset" 3692
"../../../Engine/Plugins/VirtualProduction/VirtualScouting/Content/Core/Gizmo/M_VScoutGizmo.uexp" 3693
"../../../Engine/Plugins/VirtualProduction/VirtualScouting/Content/Core/Gizmo/M_VScoutGizmo_DepthTest.uasset" 3694
"../../../Engine/Plugins/VirtualProduction/VirtualScouting/Content/Core/Gizmo/M_VScoutGizmo_DepthTest.uexp" 3695
"../../../Engine/Plugins/VirtualProduction/VirtualScouting/Content/Core/Gizmo/MI_VScoutGizmo_DepthTest.uasset" 3696
"../../../Engine/Plugins/VirtualProduction/VirtualScouting/Content/Core/Gizmo/MI_VScoutGizmo_DepthTest.uexp" 3697
"../../../Engine/Plugins/VirtualProduction/VirtualScouting/Content/Core/Gizmo/MI_VScoutGizmo_AxisZ.uasset" 3698
"../../../Engine/Plugins/VirtualProduction/VirtualScouting/Content/Core/Gizmo/MI_VScoutGizmo_AxisZ.uexp" 3699
"../../../Engine/Plugins/VirtualProduction/VirtualScouting/Content/Core/Gizmo/MI_VScoutGizmo_AxisY.uasset" 3700
"../../../Engine/Plugins/VirtualProduction/VirtualScouting/Content/Core/Gizmo/MI_VScoutGizmo_AxisY.uexp" 3701
"../../../Engine/Plugins/VirtualProduction/VirtualScouting/Content/Core/Gizmo/MI_VScoutGizmo_AxisX.uasset" 3702
"../../../Engine/Plugins/VirtualProduction/VirtualScouting/Content/Core/Gizmo/MI_VScoutGizmo_AxisX.uexp" 3703
"../../../Engine/Plugins/VirtualProduction/VirtualScouting/Content/Core/Gizmo/Meshes/UniformScaleHandle.ubulk" 3704
"../../../Engine/Plugins/VirtualProduction/VirtualScouting/Content/Core/Gizmo/Meshes/UniformScaleHandle.uasset" 3705
"../../../Engine/Plugins/VirtualProduction/VirtualScouting/Content/Core/Gizmo/Meshes/UniformScaleHandle.uexp" 3706
"../../../Engine/Plugins/VirtualProduction/VirtualScouting/Content/Core/Gizmo/Meshes/SM_TranslateArrow.ubulk" 3707
"../../../Engine/Plugins/VirtualProduction/VirtualScouting/Content/Core/Gizmo/Meshes/SM_TranslateArrow.uasset" 3708
"../../../Engine/Plugins/VirtualProduction/VirtualScouting/Content/Core/Gizmo/Meshes/SM_TranslateArrow.uexp" 3709
"../../../Engine/Plugins/VirtualProduction/VirtualScouting/Content/Core/Gizmo/Meshes/SM_RotationQuarterRound.ubulk" 3710
"../../../Engine/Plugins/VirtualProduction/VirtualScouting/Content/Core/Gizmo/Meshes/SM_RotationQuarterRound.uasset" 3711
"../../../Engine/Plugins/VirtualProduction/VirtualScouting/Content/Core/Gizmo/Meshes/SM_RotationQuarterRound.uexp" 3712
"../../../Engine/Plugins/VirtualProduction/VirtualScouting/Content/Core/Gizmo/Meshes/SM_MultiAxisQuarter.ubulk" 3713
"../../../Engine/Plugins/VirtualProduction/VirtualScouting/Content/Core/Gizmo/Meshes/SM_MultiAxisQuarter.uasset" 3714
"../../../Engine/Plugins/VirtualProduction/VirtualScouting/Content/Core/Gizmo/Meshes/SM_MultiAxisQuarter.uexp" 3715
"../../../Engine/Plugins/VirtualProduction/VirtualScouting/Content/Art/Common/M_DashedLineRibbonMaterial_NoGradient_DepthTest.uasset" 3716
"../../../Engine/Plugins/VirtualProduction/VirtualScouting/Content/Art/Common/M_DashedLineRibbonMaterial_NoGradient_DepthTest.uexp" 3717
"../../../Engine/Plugins/VirtualProduction/VirtualScouting/Content/Art/Common/MI_DashedLineRibbonMaterial_NoGradient_DepthTest.uasset" 3718
"../../../Engine/Plugins/VirtualProduction/VirtualScouting/Content/Art/Common/MI_DashedLineRibbonMaterial_NoGradient_DepthTest.uexp" 3719
"../../../Engine/Plugins/VirtualProduction/VirtualScouting/Content/Core/Gizmo/VScout_CombinedTransformGizmoActor.uasset" 3720
"../../../Engine/Plugins/VirtualProduction/VirtualScouting/Content/Core/Gizmo/VScout_CombinedTransformGizmoActor.uexp" 3721
"../../../Engine/Plugins/VirtualProduction/VirtualScouting/Content/Audio/SA_Click.ubulk" 3722
"../../../Engine/Plugins/VirtualProduction/VirtualScouting/Content/Audio/SA_Click.uasset" 3723
"../../../Engine/Plugins/VirtualProduction/VirtualScouting/Content/Audio/SA_Click.uexp" 3724
"../../../Engine/Plugins/VirtualProduction/VirtualScouting/Content/Art/VFX/M_LaserHit.uasset" 3725
"../../../Engine/Plugins/VirtualProduction/VirtualScouting/Content/Art/VFX/M_LaserHit.uexp" 3726
"../../../Engine/Plugins/VirtualProduction/VirtualScouting/Content/Art/VFX/SM_LaserPointerHit.ubulk" 3727
"../../../Engine/Plugins/VirtualProduction/VirtualScouting/Content/Art/VFX/SM_LaserPointerHit.uasset" 3728
"../../../Engine/Plugins/VirtualProduction/VirtualScouting/Content/Art/VFX/SM_LaserPointerHit.uexp" 3729
"../../../Engine/Plugins/VirtualProduction/VirtualScouting/Content/Art/VFX/MI_LaserHit.uasset" 3730
"../../../Engine/Plugins/VirtualProduction/VirtualScouting/Content/Art/VFX/MI_LaserHit.uexp" 3731
"../../../Engine/Plugins/VirtualProduction/VirtualScouting/Content/Art/VFX/DefaultRibbonMaterial_NoGradient.uasset" 3732
"../../../Engine/Plugins/VirtualProduction/VirtualScouting/Content/Art/VFX/DefaultRibbonMaterial_NoGradient.uexp" 3733
"../../../Engine/Plugins/VirtualProduction/VirtualScouting/Content/Art/VFX/NS_MenuLaser.uasset" 3734
"../../../Engine/Plugins/VirtualProduction/VirtualScouting/Content/Art/VFX/NS_MenuLaser.uexp" 3735
"../../../Engine/Plugins/VirtualProduction/VirtualScouting/Content/Art/VFX/NS_AimLaser.uasset" 3736
"../../../Engine/Plugins/VirtualProduction/VirtualScouting/Content/Art/VFX/NS_AimLaser.uexp" 3737
"../../../Engine/Plugins/VirtualProduction/VirtualScouting/Content/Art/Common/MI_Screen.uasset" 3738
"../../../Engine/Plugins/VirtualProduction/VirtualScouting/Content/Art/Common/MI_Screen.uexp" 3739
"../../../Engine/Plugins/VirtualProduction/VirtualScouting/Content/Art/OculusTouch/SM_Pointer.ubulk" 3740
"../../../Engine/Plugins/VirtualProduction/VirtualScouting/Content/Art/OculusTouch/SM_Pointer.uasset" 3741
"../../../Engine/Plugins/VirtualProduction/VirtualScouting/Content/Art/OculusTouch/SM_Pointer.uexp" 3742
"../../../Engine/Plugins/VirtualProduction/VirtualScouting/Content/Art/OculusTouch/SK_OculusTouch.uasset" 3743
"../../../Engine/Plugins/VirtualProduction/VirtualScouting/Content/Art/OculusTouch/SK_OculusTouch.uexp" 3744
"../../../Engine/Plugins/VirtualProduction/VirtualScouting/Content/Art/OculusTouch/PA_OculusTouch.uasset" 3745
"../../../Engine/Plugins/VirtualProduction/VirtualScouting/Content/Art/OculusTouch/PA_OculusTouch.uexp" 3746
"../../../Engine/Plugins/VirtualProduction/VirtualScouting/Content/Art/OculusTouch/T_Oculus_noLoop_N.ubulk" 3747
"../../../Engine/Plugins/VirtualProduction/VirtualScouting/Content/Art/OculusTouch/T_Oculus_noLoop_N.uasset" 3748
"../../../Engine/Plugins/VirtualProduction/VirtualScouting/Content/Art/OculusTouch/T_Oculus_noLoop_N.uexp" 3749
"../../../Engine/Plugins/VirtualProduction/VirtualScouting/Content/Art/OculusTouch/T_Oculus_noLoop_MSR.ubulk" 3750
"../../../Engine/Plugins/VirtualProduction/VirtualScouting/Content/Art/OculusTouch/T_Oculus_noLoop_MSR.uasset" 3751
"../../../Engine/Plugins/VirtualProduction/VirtualScouting/Content/Art/OculusTouch/T_Oculus_noLoop_MSR.uexp" 3752
"../../../Engine/Plugins/VirtualProduction/VirtualScouting/Content/Art/OculusTouch/T_Oculus_noLoop_ID.uasset" 3753
"../../../Engine/Plugins/VirtualProduction/VirtualScouting/Content/Art/OculusTouch/T_Oculus_noLoop_ID.uexp" 3754
"../../../Engine/Plugins/VirtualProduction/VirtualScouting/Content/Art/OculusTouch/T_Oculus_noLoop_E.ubulk" 3755
"../../../Engine/Plugins/VirtualProduction/VirtualScouting/Content/Art/OculusTouch/T_Oculus_noLoop_E.uasset" 3756
"../../../Engine/Plugins/VirtualProduction/VirtualScouting/Content/Art/OculusTouch/T_Oculus_noLoop_E.uexp" 3757
"../../../Engine/Plugins/VirtualProduction/VirtualScouting/Content/Art/OculusTouch/T_Oculus_noLoop_DO.ubulk" 3758
"../../../Engine/Plugins/VirtualProduction/VirtualScouting/Content/Art/OculusTouch/T_Oculus_noLoop_DO.uasset" 3759
"../../../Engine/Plugins/VirtualProduction/VirtualScouting/Content/Art/OculusTouch/T_Oculus_noLoop_DO.uexp" 3760
"../../../Engine/Plugins/VirtualProduction/VirtualScouting/Content/Art/OculusTouch/M_VRController.uasset" 3761
"../../../Engine/Plugins/VirtualProduction/VirtualScouting/Content/Art/OculusTouch/M_VRController.uexp" 3762
"../../../Engine/Plugins/VirtualProduction/VirtualScouting/Content/Art/OculusTouch/MI_VRController.uasset" 3763
"../../../Engine/Plugins/VirtualProduction/VirtualScouting/Content/Art/OculusTouch/MI_VRController.uexp" 3764
"../../../Engine/Plugins/VirtualProduction/VirtualScouting/Content/Art/OculusTouch/SKM_OculusTouch.uasset" 3765
"../../../Engine/Plugins/VirtualProduction/VirtualScouting/Content/Art/OculusTouch/SKM_OculusTouch.uexp" 3766
"../../../Engine/Plugins/VirtualProduction/VirtualScouting/Content/Art/OculusTouch/BPI_ControllerAnimation.uasset" 3767
"../../../Engine/Plugins/VirtualProduction/VirtualScouting/Content/Art/OculusTouch/BPI_ControllerAnimation.uexp" 3768
"../../../Engine/Plugins/Animation/ControlRig/Content/Controls/DefaultGizmoLibraryNormalized.uasset" 3769
"../../../Engine/Plugins/Animation/ControlRig/Content/Controls/DefaultGizmoLibraryNormalized.uexp" 3770
"../../../Engine/Plugins/VirtualProduction/VirtualScouting/Content/Art/OculusTouch/CTR_OculusTouch.uasset" 3771
"../../../Engine/Plugins/VirtualProduction/VirtualScouting/Content/Art/OculusTouch/CTR_OculusTouch.uexp" 3772
"../../../Engine/Plugins/VirtualProduction/VirtualScouting/Content/Art/OculusTouch/ABP_OculusTouch.uasset" 3773
"../../../Engine/Plugins/VirtualProduction/VirtualScouting/Content/Art/OculusTouch/ABP_OculusTouch.uexp" 3774
"../../../Engine/Plugins/VirtualProduction/VirtualScouting/Content/Art/Common/MI_Console.uasset" 3775
"../../../Engine/Plugins/VirtualProduction/VirtualScouting/Content/Art/Common/MI_Console.uexp" 3776
"../../../Engine/Plugins/VirtualProduction/VirtualScouting/Content/Art/IndexKnuckle/SK_ValveIndex.uasset" 3777
"../../../Engine/Plugins/VirtualProduction/VirtualScouting/Content/Art/IndexKnuckle/SK_ValveIndex.uexp" 3778
"../../../Engine/Plugins/VirtualProduction/VirtualScouting/Content/Art/IndexKnuckle/CTR_ValveIndex.uasset" 3779
"../../../Engine/Plugins/VirtualProduction/VirtualScouting/Content/Art/IndexKnuckle/CTR_ValveIndex.uexp" 3780
"../../../Engine/Plugins/VirtualProduction/VirtualScouting/Content/Art/IndexKnuckle/ABP_ValveIndex.uasset" 3781
"../../../Engine/Plugins/VirtualProduction/VirtualScouting/Content/Art/IndexKnuckle/ABP_ValveIndex.uexp" 3782
"../../../Engine/Plugins/VirtualProduction/VirtualScouting/Content/Art/IndexKnuckle/PA_ValveIndex.uasset" 3783
"../../../Engine/Plugins/VirtualProduction/VirtualScouting/Content/Art/IndexKnuckle/PA_ValveIndex.uexp" 3784
"../../../Engine/Plugins/VirtualProduction/VirtualScouting/Content/Art/IndexKnuckle/T_IndexKnuckle_N.ubulk" 3785
"../../../Engine/Plugins/VirtualProduction/VirtualScouting/Content/Art/IndexKnuckle/T_IndexKnuckle_N.uasset" 3786
"../../../Engine/Plugins/VirtualProduction/VirtualScouting/Content/Art/IndexKnuckle/T_IndexKnuckle_N.uexp" 3787
"../../../Engine/Plugins/VirtualProduction/VirtualScouting/Content/Art/IndexKnuckle/T_IndexKnuckle_MSR.ubulk" 3788
"../../../Engine/Plugins/VirtualProduction/VirtualScouting/Content/Art/IndexKnuckle/T_IndexKnuckle_MSR.uasset" 3789
"../../../Engine/Plugins/VirtualProduction/VirtualScouting/Content/Art/IndexKnuckle/T_IndexKnuckle_MSR.uexp" 3790
"../../../Engine/Plugins/VirtualProduction/VirtualScouting/Content/Art/IndexKnuckle/T_IndexKnuckle_ID.ubulk" 3791
"../../../Engine/Plugins/VirtualProduction/VirtualScouting/Content/Art/IndexKnuckle/T_IndexKnuckle_ID.uasset" 3792
"../../../Engine/Plugins/VirtualProduction/VirtualScouting/Content/Art/IndexKnuckle/T_IndexKnuckle_ID.uexp" 3793
"../../../Engine/Plugins/VirtualProduction/VirtualScouting/Content/Art/IndexKnuckle/T_IndexKnuckle_E.ubulk" 3794
"../../../Engine/Plugins/VirtualProduction/VirtualScouting/Content/Art/IndexKnuckle/T_IndexKnuckle_E.uasset" 3795
"../../../Engine/Plugins/VirtualProduction/VirtualScouting/Content/Art/IndexKnuckle/T_IndexKnuckle_E.uexp" 3796
"../../../Engine/Plugins/VirtualProduction/VirtualScouting/Content/Art/IndexKnuckle/T_IndexKnuckle_DO.ubulk" 3797
"../../../Engine/Plugins/VirtualProduction/VirtualScouting/Content/Art/IndexKnuckle/T_IndexKnuckle_DO.uasset" 3798
"../../../Engine/Plugins/VirtualProduction/VirtualScouting/Content/Art/IndexKnuckle/T_IndexKnuckle_DO.uexp" 3799
"../../../Engine/Plugins/VirtualProduction/VirtualScouting/Content/Art/IndexKnuckle/MI_ValveIndex.uasset" 3800
"../../../Engine/Plugins/VirtualProduction/VirtualScouting/Content/Art/IndexKnuckle/MI_ValveIndex.uexp" 3801
"../../../Engine/Plugins/VirtualProduction/VirtualScouting/Content/Art/IndexKnuckle/SKM_ValveIndex.uasset" 3802
"../../../Engine/Plugins/VirtualProduction/VirtualScouting/Content/Art/IndexKnuckle/SKM_ValveIndex.uexp" 3803
"../../../Engine/Plugins/VirtualProduction/VirtualScouting/Content/Core/BP_VScoutAvatar.uasset" 3804
"../../../Engine/Plugins/VirtualProduction/VirtualScouting/Content/Core/BP_VScoutAvatar.uexp" 3805
"../../../Engine/Plugins/VirtualProduction/VirtualScouting/Content/UI/Icons/IconWorld.uasset" 3806
"../../../Engine/Plugins/VirtualProduction/VirtualScouting/Content/UI/Icons/IconWorld.uexp" 3807
"../../../Engine/Plugins/VirtualProduction/VirtualScouting/Content/UI/Icons/IconTransform.uasset" 3808
"../../../Engine/Plugins/VirtualProduction/VirtualScouting/Content/UI/Icons/IconTransform.uexp" 3809
"../../../Engine/Plugins/VirtualProduction/VirtualScouting/Content/UI/Icons/IconScale.uasset" 3810
"../../../Engine/Plugins/VirtualProduction/VirtualScouting/Content/UI/Icons/IconScale.uexp" 3811
"../../../Engine/Plugins/VirtualProduction/VirtualScouting/Content/UI/Icons/IconAxis.uasset" 3812
"../../../Engine/Plugins/VirtualProduction/VirtualScouting/Content/UI/Icons/IconAxis.uexp" 3813
"../../../Engine/Plugins/VirtualProduction/VirtualScouting/Content/Tools/Grab/GrabToolViewModel.uasset" 3814
"../../../Engine/Plugins/VirtualProduction/VirtualScouting/Content/Tools/Grab/GrabToolViewModel.uexp" 3815
"../../../Engine/Plugins/VirtualProduction/VirtualScouting/Content/Tools/Grab/GrabToolViewmodel_Resolver.uasset" 3816
"../../../Engine/Plugins/VirtualProduction/VirtualScouting/Content/Tools/Grab/GrabToolViewmodel_Resolver.uexp" 3817
"../../../Engine/Plugins/VirtualProduction/VirtualScouting/Content/Tools/Grab/WBP_GrabOptions.uasset" 3818
"../../../Engine/Plugins/VirtualProduction/VirtualScouting/Content/Tools/Grab/WBP_GrabOptions.uexp" 3819
"../../../Engine/Plugins/VirtualProduction/VirtualScouting/Content/Tools/Grab/IA_GrabSwapGizmoMode.uasset" 3820
"../../../Engine/Plugins/VirtualProduction/VirtualScouting/Content/Tools/Grab/IA_GrabSwapGizmoMode.uexp" 3821
"../../../Engine/Plugins/VirtualProduction/VirtualScouting/Content/Tools/Grab/IA_GrabSwapCoordinate.uasset" 3822
"../../../Engine/Plugins/VirtualProduction/VirtualScouting/Content/Tools/Grab/IA_GrabSwapCoordinate.uexp" 3823
"../../../Engine/Plugins/VirtualProduction/VirtualScouting/Content/Tools/Grab/IMC_GrabToolLeft.uasset" 3824
"../../../Engine/Plugins/VirtualProduction/VirtualScouting/Content/Tools/Grab/IMC_GrabToolLeft.uexp" 3825
"../../../Engine/Plugins/VirtualProduction/VirtualScouting/Content/Tools/Grab/IMC_GrabTool.uasset" 3826
"../../../Engine/Plugins/VirtualProduction/VirtualScouting/Content/Tools/Grab/IMC_GrabTool.uexp" 3827
"../../../Engine/Plugins/VirtualProduction/VirtualScouting/Content/Tools/Grab/EGizmoModes.uasset" 3828
"../../../Engine/Plugins/VirtualProduction/VirtualScouting/Content/Tools/Grab/EGizmoModes.uexp" 3829
"../../../Engine/Plugins/VirtualProduction/VirtualScouting/Content/Tools/Grab/BP_GrabToolActor.uasset" 3830
"../../../Engine/Plugins/VirtualProduction/VirtualScouting/Content/Tools/Grab/BP_GrabToolActor.uexp" 3831
"../../../Engine/Plugins/VirtualProduction/VirtualScouting/Content/Tools/Grab/BP_GrabTool.uasset" 3832
"../../../Engine/Plugins/VirtualProduction/VirtualScouting/Content/Tools/Grab/BP_GrabTool.uexp" 3833
"../../../Engine/Plugins/VirtualProduction/VirtualScouting/Content/Tools/Lighting/Env/XREnvLightingTool_ViewModel.uasset" 3834
"../../../Engine/Plugins/VirtualProduction/VirtualScouting/Content/Tools/Lighting/Env/XREnvLightingTool_ViewModel.uexp" 3835
"../../../Engine/Plugins/VirtualProduction/VirtualScouting/Content/UI/Icons/Moon.ubulk" 3836
"../../../Engine/Plugins/VirtualProduction/VirtualScouting/Content/UI/Icons/Moon.uasset" 3837
"../../../Engine/Plugins/VirtualProduction/VirtualScouting/Content/UI/Icons/Moon.uexp" 3838
"../../../Engine/Plugins/VirtualProduction/VirtualScouting/Content/Tools/Lighting/Env/XREnvLightingTool_Viewmodel_Resolver.uasset" 3839
"../../../Engine/Plugins/VirtualProduction/VirtualScouting/Content/Tools/Lighting/Env/XREnvLightingTool_Viewmodel_Resolver.uexp" 3840
"../../../Engine/Plugins/VirtualProduction/VirtualScouting/Content/Tools/Lighting/Env/WBP_XREnvLightingPaletteTab.uasset" 3841
"../../../Engine/Plugins/VirtualProduction/VirtualScouting/Content/Tools/Lighting/Env/WBP_XREnvLightingPaletteTab.uexp" 3842
"../../../Engine/Plugins/VirtualProduction/VirtualScouting/Content/Tools/Lighting/Env/Input/IA_EnvLightManipulate.uasset" 3843
"../../../Engine/Plugins/VirtualProduction/VirtualScouting/Content/Tools/Lighting/Env/Input/IA_EnvLightManipulate.uexp" 3844
"../../../Engine/Plugins/VirtualProduction/VirtualScouting/Content/Tools/Lighting/Env/BP_EnvLightingTool.uasset" 3845
"../../../Engine/Plugins/VirtualProduction/VirtualScouting/Content/Tools/Lighting/Env/BP_EnvLightingTool.uexp" 3846
"../../../Engine/Plugins/VirtualProduction/VirtualScouting/Content/Tools/Lighting/Env/Input/IMC_EnvLighting_Left.uasset" 3847
"../../../Engine/Plugins/VirtualProduction/VirtualScouting/Content/Tools/Lighting/Env/Input/IMC_EnvLighting_Left.uexp" 3848
"../../../Engine/Plugins/VirtualProduction/VirtualScouting/Content/Tools/Lighting/Env/Input/IMC_EnvLighting.uasset" 3849
"../../../Engine/Plugins/VirtualProduction/VirtualScouting/Content/Tools/Lighting/Env/Input/IMC_EnvLighting.uexp" 3850
"../../../Engine/Plugins/VirtualProduction/VirtualScouting/Content/Tools/Lighting/Env/BP_XREnvLighting.uasset" 3851
"../../../Engine/Plugins/VirtualProduction/VirtualScouting/Content/Tools/Lighting/Env/BP_XREnvLighting.uexp" 3852
"../../../Engine/Plugins/VirtualProduction/VirtualScouting/Content/Tools/Draw/E_DrawToolMode.uasset" 3853
"../../../Engine/Plugins/VirtualProduction/VirtualScouting/Content/Tools/Draw/E_DrawToolMode.uexp" 3854
"../../../Engine/Plugins/VirtualProduction/VirtualScouting/Content/Tools/Draw/DrawTool_ViewModel.uasset" 3855
"../../../Engine/Plugins/VirtualProduction/VirtualScouting/Content/Tools/Draw/DrawTool_ViewModel.uexp" 3856
"../../../Engine/Plugins/VirtualProduction/VirtualScouting/Content/Tools/Draw/DrawTool_ViewModel_Resolver.uasset" 3857
"../../../Engine/Plugins/VirtualProduction/VirtualScouting/Content/Tools/Draw/DrawTool_ViewModel_Resolver.uexp" 3858
"../../../Engine/Plugins/VirtualProduction/VirtualScouting/Content/Tools/Draw/WBP_DrawToolOptions.uasset" 3859
"../../../Engine/Plugins/VirtualProduction/VirtualScouting/Content/Tools/Draw/WBP_DrawToolOptions.uexp" 3860
"../../../Engine/Plugins/VirtualProduction/VirtualScouting/Content/Tools/Draw/Input/IA_Draw.uasset" 3861
"../../../Engine/Plugins/VirtualProduction/VirtualScouting/Content/Tools/Draw/Input/IA_Draw.uexp" 3862
"../../../Engine/Plugins/VirtualProduction/VirtualScouting/Content/Tools/Draw/Input/IMC_DrawTool_Left.uasset" 3863
"../../../Engine/Plugins/VirtualProduction/VirtualScouting/Content/Tools/Draw/Input/IMC_DrawTool_Left.uexp" 3864
"../../../Engine/Plugins/VirtualProduction/VirtualScouting/Content/Tools/Draw/Input/IMC_DrawTool.uasset" 3865
"../../../Engine/Plugins/VirtualProduction/VirtualScouting/Content/Tools/Draw/Input/IMC_DrawTool.uexp" 3866
"../../../Engine/Plugins/VirtualProduction/VirtualScouting/Content/Tools/Draw/BP_DrawTool.uasset" 3867
"../../../Engine/Plugins/VirtualProduction/VirtualScouting/Content/Tools/Draw/BP_DrawTool.uexp" 3868
"../../../Engine/Plugins/VirtualProduction/VirtualScouting/Content/UI/Icons/IconUser.ubulk" 3869
"../../../Engine/Plugins/VirtualProduction/VirtualScouting/Content/UI/Icons/IconUser.uasset" 3870
"../../../Engine/Plugins/VirtualProduction/VirtualScouting/Content/UI/Icons/IconUser.uexp" 3871
"../../../Engine/Plugins/VirtualProduction/VirtualScouting/Content/Tools/Bookmark/WBP_UserEntryRow.uasset" 3872
"../../../Engine/Plugins/VirtualProduction/VirtualScouting/Content/Tools/Bookmark/WBP_UserEntryRow.uexp" 3873
"../../../Engine/Plugins/VirtualProduction/VirtualScouting/Content/Tools/Bookmark/WBP_BookmarkEntryRow.uasset" 3874
"../../../Engine/Plugins/VirtualProduction/VirtualScouting/Content/Tools/Bookmark/WBP_BookmarkEntryRow.uexp" 3875
"../../../Engine/Plugins/VirtualProduction/VirtualScouting/Content/Tools/Bookmark/BookmarkTool_Viewmodel.uasset" 3876
"../../../Engine/Plugins/VirtualProduction/VirtualScouting/Content/Tools/Bookmark/BookmarkTool_Viewmodel.uexp" 3877
"../../../Engine/Plugins/VirtualProduction/VirtualScouting/Content/Tools/Bookmark/BookMarkTool_ViewmodelResolver.uasset" 3878
"../../../Engine/Plugins/VirtualProduction/VirtualScouting/Content/Tools/Bookmark/BookMarkTool_ViewmodelResolver.uexp" 3879
"../../../Engine/Plugins/VirtualProduction/VirtualScouting/Content/Tools/Bookmark/WBP_BookmarkPalette.uasset" 3880
"../../../Engine/Plugins/VirtualProduction/VirtualScouting/Content/Tools/Bookmark/WBP_BookmarkPalette.uexp" 3881
"../../../Engine/Plugins/VirtualProduction/VirtualScouting/Content/Tools/Bookmark/Input/IA_CreateBookmark.uasset" 3882
"../../../Engine/Plugins/VirtualProduction/VirtualScouting/Content/Tools/Bookmark/Input/IA_CreateBookmark.uexp" 3883
"../../../Engine/Plugins/VirtualProduction/VirtualScouting/Content/Tools/Bookmark/Input/IMC_BookmarkToolLeft.uasset" 3884
"../../../Engine/Plugins/VirtualProduction/VirtualScouting/Content/Tools/Bookmark/Input/IMC_BookmarkToolLeft.uexp" 3885
"../../../Engine/Plugins/VirtualProduction/VirtualScouting/Content/Tools/Bookmark/Input/IMC_BookmarkTool.uasset" 3886
"../../../Engine/Plugins/VirtualProduction/VirtualScouting/Content/Tools/Bookmark/Input/IMC_BookmarkTool.uexp" 3887
"../../../Engine/Plugins/VirtualProduction/VirtualScouting/Content/Tools/Bookmark/BP_BookmarkTool.uasset" 3888
"../../../Engine/Plugins/VirtualProduction/VirtualScouting/Content/Tools/Bookmark/BP_BookmarkTool.uexp" 3889
"../../../Engine/Plugins/VirtualProduction/VirtualScouting/Content/Core/DA_VirtualScouting_Default.uasset" 3890
"../../../Engine/Plugins/VirtualProduction/VirtualScouting/Content/Core/DA_VirtualScouting_Default.uexp" 3891
"../../../Engine/Plugins/VirtualProduction/VirtualScouting/Content/UI/Icons/IconSettings.uasset" 3892
"../../../Engine/Plugins/VirtualProduction/VirtualScouting/Content/UI/Icons/IconSettings.uexp" 3893
"../../../Engine/Plugins/VirtualProduction/VirtualScouting/Content/UI/Icons/Redo.ubulk" 3894
"../../../Engine/Plugins/VirtualProduction/VirtualScouting/Content/UI/Icons/Redo.uasset" 3895
"../../../Engine/Plugins/VirtualProduction/VirtualScouting/Content/UI/Icons/Redo.uexp" 3896
"../../../Engine/Plugins/VirtualProduction/VirtualScouting/Content/UI/WBP_XRC_Palette.uasset" 3897
"../../../Engine/Plugins/VirtualProduction/VirtualScouting/Content/UI/WBP_XRC_Palette.uexp" 3898
"../../../Engine/Plugins/VirtualProduction/VirtualScouting/Content/Core/DA_VirtualScouting_Basic.uasset" 3899
"../../../Engine/Plugins/VirtualProduction/VirtualScouting/Content/Core/DA_VirtualScouting_Basic.uexp" 3900
"../../../Engine/Plugins/MovieScene/MovieRenderPipeline/Content/Blueprints/UI_MovieRenderPipelineInfoTableRow.uasset" 3901
"../../../Engine/Plugins/MovieScene/MovieRenderPipeline/Content/Blueprints/UI_MovieRenderPipelineInfoTableRow.uexp" 3902
"../../../Engine/Plugins/MovieScene/MovieRenderPipeline/Content/Blueprints/M_MoviePipelineRenderPreview.uasset" 3903
"../../../Engine/Plugins/MovieScene/MovieRenderPipeline/Content/Blueprints/M_MoviePipelineRenderPreview.uexp" 3904
"../../../Engine/Plugins/MovieScene/MovieRenderPipeline/Content/Blueprints/UI_MovieRenderPipelineScreenOverlay.uasset" 3905
"../../../Engine/Plugins/MovieScene/MovieRenderPipeline/Content/Blueprints/UI_MovieRenderPipelineScreenOverlay.uexp" 3906
"../../../Engine/Plugins/MovieScene/MovieRenderPipeline/Content/Blueprints/Graph/T_MovieGraph_TransparencyBG.uasset" 3907
"../../../Engine/Plugins/MovieScene/MovieRenderPipeline/Content/Blueprints/Graph/T_MovieGraph_TransparencyBG.uexp" 3908
"../../../Engine/Plugins/MovieScene/MovieRenderPipeline/Content/Blueprints/Graph/UI_MovieGraphImagePreview.uasset" 3909
"../../../Engine/Plugins/MovieScene/MovieRenderPipeline/Content/Blueprints/Graph/UI_MovieGraphImagePreview.uexp" 3910
"../../../Engine/Plugins/MovieScene/MovieRenderPipeline/Content/Blueprints/UI_MovieGraphPipelineScreenOverlay.uasset" 3911
"../../../Engine/Plugins/MovieScene/MovieRenderPipeline/Content/Blueprints/UI_MovieGraphPipelineScreenOverlay.uexp" 3912
"../../../Engine/Content/EngineFonts/Faces/DroidSansMono.uexp" 3913
"../../../Engine/Content/EngineFonts/Faces/DroidSansMono.uasset" 3914
"../../../Engine/Content/EngineFonts/Faces/DroidSansMono.ufont" 3915
"../../../Engine/Content/EngineFonts/DroidSansMono.uasset" 3916
"../../../Engine/Content/EngineFonts/DroidSansMono.uexp" 3917
"../../../Engine/Plugins/MovieScene/MovieRenderPipeline/Content/Blueprints/DefaultBurnIn.uasset" 3918
"../../../Engine/Plugins/MovieScene/MovieRenderPipeline/Content/Blueprints/DefaultBurnIn.uexp" 3919
"../../../Engine/Plugins/Animation/DeformerGraph/Content/DeformerFunctions/DG_Function_LinearBlendSkin_Morph_Cloth_PositionOnly.uasset" 3920
"../../../Engine/Plugins/Animation/DeformerGraph/Content/DeformerFunctions/DG_Function_LinearBlendSkin_Morph_Cloth_PositionOnly.uexp" 3921
"../../../Engine/Plugins/Animation/DeformerGraph/Content/DeformerFunctions/DG_Function_ComputeNormalsTangents.uasset" 3922
"../../../Engine/Plugins/Animation/DeformerGraph/Content/DeformerFunctions/DG_Function_ComputeNormalsTangents.uexp" 3923
"../../../Engine/Plugins/Animation/DeformerGraph/Content/Deformers/DG_LinearBlendSkin_Morph_Cloth_RecomputeNormals.uasset" 3924
"../../../Engine/Plugins/Animation/DeformerGraph/Content/Deformers/DG_LinearBlendSkin_Morph_Cloth_RecomputeNormals.uexp" 3925
"../../../Engine/Plugins/Animation/DeformerGraph/Content/DeformerFunctions/DG_Function_LinearBlendSkin_Morph_Cloth.uasset" 3926
"../../../Engine/Plugins/Animation/DeformerGraph/Content/DeformerFunctions/DG_Function_LinearBlendSkin_Morph_Cloth.uexp" 3927
"../../../Engine/Plugins/Animation/DeformerGraph/Content/Deformers/DG_LinearBlendSkin_Morph_Cloth.uasset" 3928
"../../../Engine/Plugins/Animation/DeformerGraph/Content/Deformers/DG_LinearBlendSkin_Morph_Cloth.uexp" 3929
"../../../Engine/Plugins/MovieScene/MovieRenderPipeline/Content/Blueprints/Graph/DefaultGraphBurnIn.uasset" 3930
"../../../Engine/Plugins/MovieScene/MovieRenderPipeline/Content/Blueprints/Graph/DefaultGraphBurnIn.uexp" 3931
"D:/Wide_field_unreal_project/WideField_UnrealEditor/Content/Solidworks_ref/Vaishakh_TIRF_SLDASM/Vaishakh_TIRF_SLDASM.uasset" 3932
"D:/Wide_field_unreal_project/WideField_UnrealEditor/Content/Solidworks_ref/Vaishakh_TIRF_SLDASM/Vaishakh_TIRF_SLDASM.uexp" 3933
"D:/Wide_field_unreal_project/WideField_UnrealEditor/Content/blender_ref/WideFieldTest_-_V3/SceneImport_WideFieldTest_-_V3.uasset" 3934
"D:/Wide_field_unreal_project/WideField_UnrealEditor/Content/blender_ref/WideFieldTest_-_V3/SceneImport_WideFieldTest_-_V3.uexp" 3935
"D:/Wide_field_unreal_project/WideField_UnrealEditor/Content/blender_ref/WideFieldTest_-_V3/LevelSequences/XYR1-Solidworks__1_-1Action.uasset" 3936
"D:/Wide_field_unreal_project/WideField_UnrealEditor/Content/blender_ref/WideFieldTest_-_V3/LevelSequences/XYR1-Solidworks__1_-1Action.uexp" 3937
"D:/Wide_field_unreal_project/WideField_UnrealEditor/Content/blender_ref/WideFieldTest_-_V3/LevelSequences/TTL200-A-Solidworks-1Action.uasset" 3938
"D:/Wide_field_unreal_project/WideField_UnrealEditor/Content/blender_ref/WideFieldTest_-_V3/LevelSequences/TTL200-A-Solidworks-1Action.uexp" 3939
"D:/Wide_field_unreal_project/WideField_UnrealEditor/Content/blender_ref/WideFieldTest_-_V3/LevelSequences/TR2-Solidworks-3Action_004.uasset" 3940
"D:/Wide_field_unreal_project/WideField_UnrealEditor/Content/blender_ref/WideFieldTest_-_V3/LevelSequences/TR2-Solidworks-3Action_004.uexp" 3941
"D:/Wide_field_unreal_project/WideField_UnrealEditor/Content/blender_ref/WideFieldTest_-_V3/LevelSequences/TR2-Solidworks-3Action_003.uasset" 3942
"D:/Wide_field_unreal_project/WideField_UnrealEditor/Content/blender_ref/WideFieldTest_-_V3/LevelSequences/TR2-Solidworks-3Action_003.uexp" 3943
"D:/Wide_field_unreal_project/WideField_UnrealEditor/Content/blender_ref/WideFieldTest_-_V3/LevelSequences/TR2-Solidworks-3Action_002.uasset" 3944
"D:/Wide_field_unreal_project/WideField_UnrealEditor/Content/blender_ref/WideFieldTest_-_V3/LevelSequences/TR2-Solidworks-3Action_002.uexp" 3945
"D:/Wide_field_unreal_project/WideField_UnrealEditor/Content/blender_ref/WideFieldTest_-_V3/LevelSequences/TR1-Solidworks-2Action.uasset" 3946
"D:/Wide_field_unreal_project/WideField_UnrealEditor/Content/blender_ref/WideFieldTest_-_V3/LevelSequences/TR1-Solidworks-2Action.uexp" 3947
"D:/Wide_field_unreal_project/WideField_UnrealEditor/Content/blender_ref/WideFieldTest_-_V3/LevelSequences/TR1-Solidworks-1Action.uasset" 3948
"D:/Wide_field_unreal_project/WideField_UnrealEditor/Content/blender_ref/WideFieldTest_-_V3/LevelSequences/TR1-Solidworks-1Action.uexp" 3949
"D:/Wide_field_unreal_project/WideField_UnrealEditor/Content/blender_ref/WideFieldTest_-_V3/LevelSequences/SM1A39-Solidworks__1_-1Action.uasset" 3950
"D:/Wide_field_unreal_project/WideField_UnrealEditor/Content/blender_ref/WideFieldTest_-_V3/LevelSequences/SM1A39-Solidworks__1_-1Action.uexp" 3951
"D:/Wide_field_unreal_project/WideField_UnrealEditor/Content/blender_ref/WideFieldTest_-_V3/LevelSequences/RS4-Solidworks-9Action.uasset" 3952
"D:/Wide_field_unreal_project/WideField_UnrealEditor/Content/blender_ref/WideFieldTest_-_V3/LevelSequences/RS4-Solidworks-9Action.uexp" 3953
"D:/Wide_field_unreal_project/WideField_UnrealEditor/Content/blender_ref/WideFieldTest_-_V3/LevelSequences/RS4-Solidworks-23Action_001.uasset" 3954
"D:/Wide_field_unreal_project/WideField_UnrealEditor/Content/blender_ref/WideFieldTest_-_V3/LevelSequences/RS4-Solidworks-23Action_001.uexp" 3955
"D:/Wide_field_unreal_project/WideField_UnrealEditor/Content/blender_ref/WideFieldTest_-_V3/LevelSequences/RS4-Solidworks-23Action.uasset" 3956
"D:/Wide_field_unreal_project/WideField_UnrealEditor/Content/blender_ref/WideFieldTest_-_V3/LevelSequences/RS4-Solidworks-23Action.uexp" 3957
"D:/Wide_field_unreal_project/WideField_UnrealEditor/Content/blender_ref/WideFieldTest_-_V3/LevelSequences/RS4-Solidworks-20Action.uasset" 3958
"D:/Wide_field_unreal_project/WideField_UnrealEditor/Content/blender_ref/WideFieldTest_-_V3/LevelSequences/RS4-Solidworks-20Action.uexp" 3959
"D:/Wide_field_unreal_project/WideField_UnrealEditor/Content/blender_ref/WideFieldTest_-_V3/LevelSequences/RS4-Solidworks-19Action.uasset" 3960
"D:/Wide_field_unreal_project/WideField_UnrealEditor/Content/blender_ref/WideFieldTest_-_V3/LevelSequences/RS4-Solidworks-19Action.uexp" 3961
"D:/Wide_field_unreal_project/WideField_UnrealEditor/Content/blender_ref/WideFieldTest_-_V3/LevelSequences/RS4-Solidworks-18Action.uasset" 3962
"D:/Wide_field_unreal_project/WideField_UnrealEditor/Content/blender_ref/WideFieldTest_-_V3/LevelSequences/RS4-Solidworks-18Action.uexp" 3963
"D:/Wide_field_unreal_project/WideField_UnrealEditor/Content/blender_ref/WideFieldTest_-_V3/LevelSequences/RS4-Solidworks-17Action.uasset" 3964
"D:/Wide_field_unreal_project/WideField_UnrealEditor/Content/blender_ref/WideFieldTest_-_V3/LevelSequences/RS4-Solidworks-17Action.uexp" 3965
"D:/Wide_field_unreal_project/WideField_UnrealEditor/Content/blender_ref/WideFieldTest_-_V3/LevelSequences/RS4-Solidworks-16Action.uasset" 3966
"D:/Wide_field_unreal_project/WideField_UnrealEditor/Content/blender_ref/WideFieldTest_-_V3/LevelSequences/RS4-Solidworks-16Action.uexp" 3967
"D:/Wide_field_unreal_project/WideField_UnrealEditor/Content/blender_ref/WideFieldTest_-_V3/LevelSequences/RS4-Solidworks-15Action.uasset" 3968
"D:/Wide_field_unreal_project/WideField_UnrealEditor/Content/blender_ref/WideFieldTest_-_V3/LevelSequences/RS4-Solidworks-15Action.uexp" 3969
"D:/Wide_field_unreal_project/WideField_UnrealEditor/Content/blender_ref/WideFieldTest_-_V3/LevelSequences/RS4-Solidworks-14Action.uasset" 3970
"D:/Wide_field_unreal_project/WideField_UnrealEditor/Content/blender_ref/WideFieldTest_-_V3/LevelSequences/RS4-Solidworks-14Action.uexp" 3971
"D:/Wide_field_unreal_project/WideField_UnrealEditor/Content/blender_ref/WideFieldTest_-_V3/LevelSequences/RS4-Solidworks-13Action.uasset" 3972
"D:/Wide_field_unreal_project/WideField_UnrealEditor/Content/blender_ref/WideFieldTest_-_V3/LevelSequences/RS4-Solidworks-13Action.uexp" 3973
"D:/Wide_field_unreal_project/WideField_UnrealEditor/Content/blender_ref/WideFieldTest_-_V3/LevelSequences/RS4-Solidworks-12Action.uasset" 3974
"D:/Wide_field_unreal_project/WideField_UnrealEditor/Content/blender_ref/WideFieldTest_-_V3/LevelSequences/RS4-Solidworks-12Action.uexp" 3975
"D:/Wide_field_unreal_project/WideField_UnrealEditor/Content/blender_ref/WideFieldTest_-_V3/LevelSequences/RS4-Solidworks-11Action.uasset" 3976
"D:/Wide_field_unreal_project/WideField_UnrealEditor/Content/blender_ref/WideFieldTest_-_V3/LevelSequences/RS4-Solidworks-11Action.uexp" 3977
"D:/Wide_field_unreal_project/WideField_UnrealEditor/Content/blender_ref/WideFieldTest_-_V3/LevelSequences/RS4-Solidworks-10Action.uasset" 3978
"D:/Wide_field_unreal_project/WideField_UnrealEditor/Content/blender_ref/WideFieldTest_-_V3/LevelSequences/RS4-Solidworks-10Action.uexp" 3979
"D:/Wide_field_unreal_project/WideField_UnrealEditor/Content/blender_ref/WideFieldTest_-_V3/LevelSequences/RS2-Solidworks__1_-6Action_002.uasset" 3980
"D:/Wide_field_unreal_project/WideField_UnrealEditor/Content/blender_ref/WideFieldTest_-_V3/LevelSequences/RS2-Solidworks__1_-6Action_002.uexp" 3981
"D:/Wide_field_unreal_project/WideField_UnrealEditor/Content/blender_ref/WideFieldTest_-_V3/LevelSequences/RS2-Solidworks__1_-6Action_001.uasset" 3982
"D:/Wide_field_unreal_project/WideField_UnrealEditor/Content/blender_ref/WideFieldTest_-_V3/LevelSequences/RS2-Solidworks__1_-6Action_001.uexp" 3983
"D:/Wide_field_unreal_project/WideField_UnrealEditor/Content/blender_ref/WideFieldTest_-_V3/LevelSequences/RS2-Solidworks__1_-6Action.uasset" 3984
"D:/Wide_field_unreal_project/WideField_UnrealEditor/Content/blender_ref/WideFieldTest_-_V3/LevelSequences/RS2-Solidworks__1_-6Action.uexp" 3985
"D:/Wide_field_unreal_project/WideField_UnrealEditor/Content/blender_ref/WideFieldTest_-_V3/LevelSequences/RS2-Solidworks__1_-3Action_001.uasset" 3986
"D:/Wide_field_unreal_project/WideField_UnrealEditor/Content/blender_ref/WideFieldTest_-_V3/LevelSequences/RS2-Solidworks__1_-3Action_001.uexp" 3987
"D:/Wide_field_unreal_project/WideField_UnrealEditor/Content/blender_ref/WideFieldTest_-_V3/LevelSequences/RS2-Solidworks__1_-3Action.uasset" 3988
"D:/Wide_field_unreal_project/WideField_UnrealEditor/Content/blender_ref/WideFieldTest_-_V3/LevelSequences/RS2-Solidworks__1_-3Action.uexp" 3989
"D:/Wide_field_unreal_project/WideField_UnrealEditor/Content/blender_ref/WideFieldTest_-_V3/LevelSequences/RS2-Solidworks__1_-2Action.uasset" 3990
"D:/Wide_field_unreal_project/WideField_UnrealEditor/Content/blender_ref/WideFieldTest_-_V3/LevelSequences/RS2-Solidworks__1_-2Action.uexp" 3991
"D:/Wide_field_unreal_project/WideField_UnrealEditor/Content/blender_ref/WideFieldTest_-_V3/LevelSequences/RS2-Solidworks__1_-1Action.uasset" 3992
"D:/Wide_field_unreal_project/WideField_UnrealEditor/Content/blender_ref/WideFieldTest_-_V3/LevelSequences/RS2-Solidworks__1_-1Action.uexp" 3993
"D:/Wide_field_unreal_project/WideField_UnrealEditor/Content/blender_ref/WideFieldTest_-_V3/LevelSequences/RS12-Solidworks-2Action.uasset" 3994
"D:/Wide_field_unreal_project/WideField_UnrealEditor/Content/blender_ref/WideFieldTest_-_V3/LevelSequences/RS12-Solidworks-2Action.uexp" 3995
"D:/Wide_field_unreal_project/WideField_UnrealEditor/Content/blender_ref/WideFieldTest_-_V3/LevelSequences/RS12-Solidworks-1Action.uasset" 3996
"D:/Wide_field_unreal_project/WideField_UnrealEditor/Content/blender_ref/WideFieldTest_-_V3/LevelSequences/RS12-Solidworks-1Action.uexp" 3997
"D:/Wide_field_unreal_project/WideField_UnrealEditor/Content/blender_ref/WideFieldTest_-_V3/LevelSequences/PH2-Solidworks-3Action_002.uasset" 3998
"D:/Wide_field_unreal_project/WideField_UnrealEditor/Content/blender_ref/WideFieldTest_-_V3/LevelSequences/PH2-Solidworks-3Action_002.uexp" 3999
"D:/Wide_field_unreal_project/WideField_UnrealEditor/Content/blender_ref/WideFieldTest_-_V3/LevelSequences/PH2-Solidworks-3Action_001.uasset" 4000
"D:/Wide_field_unreal_project/WideField_UnrealEditor/Content/blender_ref/WideFieldTest_-_V3/LevelSequences/PH2-Solidworks-3Action_001.uexp" 4001
"D:/Wide_field_unreal_project/WideField_UnrealEditor/Content/blender_ref/WideFieldTest_-_V3/LevelSequences/PH2-Solidworks-3Action.uasset" 4002
"D:/Wide_field_unreal_project/WideField_UnrealEditor/Content/blender_ref/WideFieldTest_-_V3/LevelSequences/PH2-Solidworks-3Action.uexp" 4003
"D:/Wide_field_unreal_project/WideField_UnrealEditor/Content/blender_ref/WideFieldTest_-_V3/LevelSequences/PH1-Solidworks-2Action.uasset" 4004
"D:/Wide_field_unreal_project/WideField_UnrealEditor/Content/blender_ref/WideFieldTest_-_V3/LevelSequences/PH1-Solidworks-2Action.uexp" 4005
"D:/Wide_field_unreal_project/WideField_UnrealEditor/Content/blender_ref/WideFieldTest_-_V3/LevelSequences/PH1-Solidworks-1Action.uasset" 4006
"D:/Wide_field_unreal_project/WideField_UnrealEditor/Content/blender_ref/WideFieldTest_-_V3/LevelSequences/PH1-Solidworks-1Action.uexp" 4007
"D:/Wide_field_unreal_project/WideField_UnrealEditor/Content/blender_ref/WideFieldTest_-_V3/LevelSequences/MS_LS50_arm_v3-3Action.uasset" 4008
"D:/Wide_field_unreal_project/WideField_UnrealEditor/Content/blender_ref/WideFieldTest_-_V3/LevelSequences/MS_LS50_arm_v3-3Action.uexp" 4009
"D:/Wide_field_unreal_project/WideField_UnrealEditor/Content/blender_ref/WideFieldTest_-_V3/LevelSequences/Mirror_MS_LS50_arm_v2-8Action.uasset" 4010
"D:/Wide_field_unreal_project/WideField_UnrealEditor/Content/blender_ref/WideFieldTest_-_V3/LevelSequences/Mirror_MS_LS50_arm_v2-8Action.uexp" 4011
"D:/Wide_field_unreal_project/WideField_UnrealEditor/Content/blender_ref/WideFieldTest_-_V3/LevelSequences/MB8-Solidworks-1Action.uasset" 4012
"D:/Wide_field_unreal_project/WideField_UnrealEditor/Content/blender_ref/WideFieldTest_-_V3/LevelSequences/MB8-Solidworks-1Action.uexp" 4013
"D:/Wide_field_unreal_project/WideField_UnrealEditor/Content/blender_ref/WideFieldTest_-_V3/LevelSequences/MB1218A-Solidworks-1Action.uasset" 4014
"D:/Wide_field_unreal_project/WideField_UnrealEditor/Content/blender_ref/WideFieldTest_-_V3/LevelSequences/MB1218A-Solidworks-1Action.uexp" 4015
"D:/Wide_field_unreal_project/WideField_UnrealEditor/Content/blender_ref/WideFieldTest_-_V3/LevelSequences/LS50-cube-adapter-1Action.uasset" 4016
"D:/Wide_field_unreal_project/WideField_UnrealEditor/Content/blender_ref/WideFieldTest_-_V3/LevelSequences/LS50-cube-adapter-1Action.uexp" 4017
"D:/Wide_field_unreal_project/WideField_UnrealEditor/Content/blender_ref/WideFieldTest_-_V3/LevelSequences/LS-50LE_ASSEMBLY_PLATFORM-1Action.uasset" 4018
"D:/Wide_field_unreal_project/WideField_UnrealEditor/Content/blender_ref/WideFieldTest_-_V3/LevelSequences/LS-50LE_ASSEMBLY_PLATFORM-1Action.uexp" 4019
"D:/Wide_field_unreal_project/WideField_UnrealEditor/Content/blender_ref/WideFieldTest_-_V3/LevelSequences/LS-50LE_ASSEMBLY_BASE-1Action.uasset" 4020
"D:/Wide_field_unreal_project/WideField_UnrealEditor/Content/blender_ref/WideFieldTest_-_V3/LevelSequences/LS-50LE_ASSEMBLY_BASE-1Action.uexp" 4021
"D:/Wide_field_unreal_project/WideField_UnrealEditor/Content/blender_ref/WideFieldTest_-_V3/LevelSequences/LCP34-Solidworks-1Action.uasset" 4022
"D:/Wide_field_unreal_project/WideField_UnrealEditor/Content/blender_ref/WideFieldTest_-_V3/LevelSequences/LCP34-Solidworks-1Action.uexp" 4023
"D:/Wide_field_unreal_project/WideField_UnrealEditor/Content/blender_ref/WideFieldTest_-_V3/LevelSequences/LCP33-Solidworks-2Action.uasset" 4024
"D:/Wide_field_unreal_project/WideField_UnrealEditor/Content/blender_ref/WideFieldTest_-_V3/LevelSequences/LCP33-Solidworks-2Action.uexp" 4025
"D:/Wide_field_unreal_project/WideField_UnrealEditor/Content/blender_ref/WideFieldTest_-_V3/LevelSequences/LCP33-Solidworks-1Action.uasset" 4026
"D:/Wide_field_unreal_project/WideField_UnrealEditor/Content/blender_ref/WideFieldTest_-_V3/LevelSequences/LCP33-Solidworks-1Action.uexp" 4027
"D:/Wide_field_unreal_project/WideField_UnrealEditor/Content/blender_ref/WideFieldTest_-_V3/LevelSequences/KCB1C-Solidworks-2Action.uasset" 4028
"D:/Wide_field_unreal_project/WideField_UnrealEditor/Content/blender_ref/WideFieldTest_-_V3/LevelSequences/KCB1C-Solidworks-2Action.uexp" 4029
"D:/Wide_field_unreal_project/WideField_UnrealEditor/Content/blender_ref/WideFieldTest_-_V3/LevelSequences/KCB1C-Solidworks-1Action.uasset" 4030
"D:/Wide_field_unreal_project/WideField_UnrealEditor/Content/blender_ref/WideFieldTest_-_V3/LevelSequences/KCB1C-Solidworks-1Action.uexp" 4031
"D:/Wide_field_unreal_project/WideField_UnrealEditor/Content/blender_ref/WideFieldTest_-_V3/LevelSequences/hamamatsu_holder3-1Action.uasset" 4032
"D:/Wide_field_unreal_project/WideField_UnrealEditor/Content/blender_ref/WideFieldTest_-_V3/LevelSequences/hamamatsu_holder3-1Action.uexp" 4033
"D:/Wide_field_unreal_project/WideField_UnrealEditor/Content/blender_ref/WideFieldTest_-_V3/LevelSequences/ER6-Solidworks-4Action.uasset" 4034
"D:/Wide_field_unreal_project/WideField_UnrealEditor/Content/blender_ref/WideFieldTest_-_V3/LevelSequences/ER6-Solidworks-4Action.uexp" 4035
"D:/Wide_field_unreal_project/WideField_UnrealEditor/Content/blender_ref/WideFieldTest_-_V3/LevelSequences/ER6-Solidworks-3Action.uasset" 4036
"D:/Wide_field_unreal_project/WideField_UnrealEditor/Content/blender_ref/WideFieldTest_-_V3/LevelSequences/ER6-Solidworks-3Action.uexp" 4037
"D:/Wide_field_unreal_project/WideField_UnrealEditor/Content/blender_ref/WideFieldTest_-_V3/LevelSequences/ER6-Solidworks-2Action.uasset" 4038
"D:/Wide_field_unreal_project/WideField_UnrealEditor/Content/blender_ref/WideFieldTest_-_V3/LevelSequences/ER6-Solidworks-2Action.uexp" 4039
"D:/Wide_field_unreal_project/WideField_UnrealEditor/Content/blender_ref/WideFieldTest_-_V3/LevelSequences/ER6-Solidworks-1Action_008.uasset" 4040
"D:/Wide_field_unreal_project/WideField_UnrealEditor/Content/blender_ref/WideFieldTest_-_V3/LevelSequences/ER6-Solidworks-1Action_008.uexp" 4041
"D:/Wide_field_unreal_project/WideField_UnrealEditor/Content/blender_ref/WideFieldTest_-_V3/LevelSequences/ER6-Solidworks-1Action_007.uasset" 4042
"D:/Wide_field_unreal_project/WideField_UnrealEditor/Content/blender_ref/WideFieldTest_-_V3/LevelSequences/ER6-Solidworks-1Action_007.uexp" 4043
"D:/Wide_field_unreal_project/WideField_UnrealEditor/Content/blender_ref/WideFieldTest_-_V3/LevelSequences/ER6-Solidworks-1Action_006.uasset" 4044
"D:/Wide_field_unreal_project/WideField_UnrealEditor/Content/blender_ref/WideFieldTest_-_V3/LevelSequences/ER6-Solidworks-1Action_006.uexp" 4045
"D:/Wide_field_unreal_project/WideField_UnrealEditor/Content/blender_ref/WideFieldTest_-_V3/LevelSequences/ER6-Solidworks-1Action_005.uasset" 4046
"D:/Wide_field_unreal_project/WideField_UnrealEditor/Content/blender_ref/WideFieldTest_-_V3/LevelSequences/ER6-Solidworks-1Action_005.uexp" 4047
"D:/Wide_field_unreal_project/WideField_UnrealEditor/Content/blender_ref/WideFieldTest_-_V3/LevelSequences/ER6-Solidworks-1Action.uasset" 4048
"D:/Wide_field_unreal_project/WideField_UnrealEditor/Content/blender_ref/WideFieldTest_-_V3/LevelSequences/ER6-Solidworks-1Action.uexp" 4049
"D:/Wide_field_unreal_project/WideField_UnrealEditor/Content/blender_ref/WideFieldTest_-_V3/LevelSequences/ER2-Solidworks-4Action.uasset" 4050
"D:/Wide_field_unreal_project/WideField_UnrealEditor/Content/blender_ref/WideFieldTest_-_V3/LevelSequences/ER2-Solidworks-4Action.uexp" 4051
"D:/Wide_field_unreal_project/WideField_UnrealEditor/Content/blender_ref/WideFieldTest_-_V3/LevelSequences/ER2-Solidworks-3Action_008.uasset" 4052
"D:/Wide_field_unreal_project/WideField_UnrealEditor/Content/blender_ref/WideFieldTest_-_V3/LevelSequences/ER2-Solidworks-3Action_008.uexp" 4053
"D:/Wide_field_unreal_project/WideField_UnrealEditor/Content/blender_ref/WideFieldTest_-_V3/LevelSequences/ER2-Solidworks-3Action_007.uasset" 4054
"D:/Wide_field_unreal_project/WideField_UnrealEditor/Content/blender_ref/WideFieldTest_-_V3/LevelSequences/ER2-Solidworks-3Action_007.uexp" 4055
"D:/Wide_field_unreal_project/WideField_UnrealEditor/Content/blender_ref/WideFieldTest_-_V3/LevelSequences/ER2-Solidworks-3Action_006.uasset" 4056
"D:/Wide_field_unreal_project/WideField_UnrealEditor/Content/blender_ref/WideFieldTest_-_V3/LevelSequences/ER2-Solidworks-3Action_006.uexp" 4057
"D:/Wide_field_unreal_project/WideField_UnrealEditor/Content/blender_ref/WideFieldTest_-_V3/LevelSequences/ER2-Solidworks-3Action_005.uasset" 4058
"D:/Wide_field_unreal_project/WideField_UnrealEditor/Content/blender_ref/WideFieldTest_-_V3/LevelSequences/ER2-Solidworks-3Action_005.uexp" 4059
"D:/Wide_field_unreal_project/WideField_UnrealEditor/Content/blender_ref/WideFieldTest_-_V3/LevelSequences/ER2-Solidworks-3Action.uasset" 4060
"D:/Wide_field_unreal_project/WideField_UnrealEditor/Content/blender_ref/WideFieldTest_-_V3/LevelSequences/ER2-Solidworks-3Action.uexp" 4061
"D:/Wide_field_unreal_project/WideField_UnrealEditor/Content/blender_ref/WideFieldTest_-_V3/LevelSequences/ER2-Solidworks-2Action.uasset" 4062
"D:/Wide_field_unreal_project/WideField_UnrealEditor/Content/blender_ref/WideFieldTest_-_V3/LevelSequences/ER2-Solidworks-2Action.uexp" 4063
"D:/Wide_field_unreal_project/WideField_UnrealEditor/Content/blender_ref/WideFieldTest_-_V3/LevelSequences/ER2-Solidworks-1Action.uasset" 4064
"D:/Wide_field_unreal_project/WideField_UnrealEditor/Content/blender_ref/WideFieldTest_-_V3/LevelSequences/ER2-Solidworks-1Action.uexp" 4065
"D:/Wide_field_unreal_project/WideField_UnrealEditor/Content/blender_ref/WideFieldTest_-_V3/LevelSequences/ER1-Solidworks__1_-4Action.uasset" 4066
"D:/Wide_field_unreal_project/WideField_UnrealEditor/Content/blender_ref/WideFieldTest_-_V3/LevelSequences/ER1-Solidworks__1_-4Action.uexp" 4067
"D:/Wide_field_unreal_project/WideField_UnrealEditor/Content/blender_ref/WideFieldTest_-_V3/LevelSequences/ER1-Solidworks__1_-3Action.uasset" 4068
"D:/Wide_field_unreal_project/WideField_UnrealEditor/Content/blender_ref/WideFieldTest_-_V3/LevelSequences/ER1-Solidworks__1_-3Action.uexp" 4069
"D:/Wide_field_unreal_project/WideField_UnrealEditor/Content/blender_ref/WideFieldTest_-_V3/LevelSequences/ER1-Solidworks__1_-2Action.uasset" 4070
"D:/Wide_field_unreal_project/WideField_UnrealEditor/Content/blender_ref/WideFieldTest_-_V3/LevelSequences/ER1-Solidworks__1_-2Action.uexp" 4071
"D:/Wide_field_unreal_project/WideField_UnrealEditor/Content/blender_ref/WideFieldTest_-_V3/LevelSequences/ER1-Solidworks__1_-1Action.uasset" 4072
"D:/Wide_field_unreal_project/WideField_UnrealEditor/Content/blender_ref/WideFieldTest_-_V3/LevelSequences/ER1-Solidworks__1_-1Action.uexp" 4073
"D:/Wide_field_unreal_project/WideField_UnrealEditor/Content/blender_ref/WideFieldTest_-_V3/LevelSequences/CF125-Solidworks-9Action.uasset" 4074
"D:/Wide_field_unreal_project/WideField_UnrealEditor/Content/blender_ref/WideFieldTest_-_V3/LevelSequences/CF125-Solidworks-9Action.uexp" 4075
"D:/Wide_field_unreal_project/WideField_UnrealEditor/Content/blender_ref/WideFieldTest_-_V3/LevelSequences/CF125-Solidworks-8Action.uasset" 4076
"D:/Wide_field_unreal_project/WideField_UnrealEditor/Content/blender_ref/WideFieldTest_-_V3/LevelSequences/CF125-Solidworks-8Action.uexp" 4077
"D:/Wide_field_unreal_project/WideField_UnrealEditor/Content/blender_ref/WideFieldTest_-_V3/LevelSequences/CF125-Solidworks-7Action.uasset" 4078
"D:/Wide_field_unreal_project/WideField_UnrealEditor/Content/blender_ref/WideFieldTest_-_V3/LevelSequences/CF125-Solidworks-7Action.uexp" 4079
"D:/Wide_field_unreal_project/WideField_UnrealEditor/Content/blender_ref/WideFieldTest_-_V3/LevelSequences/CF125-Solidworks-6Action.uasset" 4080
"D:/Wide_field_unreal_project/WideField_UnrealEditor/Content/blender_ref/WideFieldTest_-_V3/LevelSequences/CF125-Solidworks-6Action.uexp" 4081
"D:/Wide_field_unreal_project/WideField_UnrealEditor/Content/blender_ref/WideFieldTest_-_V3/LevelSequences/CF125-Solidworks-21Action_002.uasset" 4082
"D:/Wide_field_unreal_project/WideField_UnrealEditor/Content/blender_ref/WideFieldTest_-_V3/LevelSequences/CF125-Solidworks-21Action_002.uexp" 4083
"D:/Wide_field_unreal_project/WideField_UnrealEditor/Content/blender_ref/WideFieldTest_-_V3/LevelSequences/CF125-Solidworks-21Action_001.uasset" 4084
"D:/Wide_field_unreal_project/WideField_UnrealEditor/Content/blender_ref/WideFieldTest_-_V3/LevelSequences/CF125-Solidworks-21Action_001.uexp" 4085
"D:/Wide_field_unreal_project/WideField_UnrealEditor/Content/blender_ref/WideFieldTest_-_V3/LevelSequences/CF125-Solidworks-21Action.uasset" 4086
"D:/Wide_field_unreal_project/WideField_UnrealEditor/Content/blender_ref/WideFieldTest_-_V3/LevelSequences/CF125-Solidworks-21Action.uexp" 4087
"D:/Wide_field_unreal_project/WideField_UnrealEditor/Content/blender_ref/WideFieldTest_-_V3/LevelSequences/CF125-Solidworks-19Action_001.uasset" 4088
"D:/Wide_field_unreal_project/WideField_UnrealEditor/Content/blender_ref/WideFieldTest_-_V3/LevelSequences/CF125-Solidworks-19Action_001.uexp" 4089
"D:/Wide_field_unreal_project/WideField_UnrealEditor/Content/blender_ref/WideFieldTest_-_V3/LevelSequences/CF125-Solidworks-19Action.uasset" 4090
"D:/Wide_field_unreal_project/WideField_UnrealEditor/Content/blender_ref/WideFieldTest_-_V3/LevelSequences/CF125-Solidworks-19Action.uexp" 4091
"D:/Wide_field_unreal_project/WideField_UnrealEditor/Content/blender_ref/WideFieldTest_-_V3/LevelSequences/CF125-Solidworks-17Action.uasset" 4092
"D:/Wide_field_unreal_project/WideField_UnrealEditor/Content/blender_ref/WideFieldTest_-_V3/LevelSequences/CF125-Solidworks-17Action.uexp" 4093
"D:/Wide_field_unreal_project/WideField_UnrealEditor/Content/blender_ref/WideFieldTest_-_V3/LevelSequences/CF125-Solidworks-16Action.uasset" 4094
"D:/Wide_field_unreal_project/WideField_UnrealEditor/Content/blender_ref/WideFieldTest_-_V3/LevelSequences/CF125-Solidworks-16Action.uexp" 4095
"D:/Wide_field_unreal_project/WideField_UnrealEditor/Content/blender_ref/WideFieldTest_-_V3/LevelSequences/CF125-Solidworks-15Action.uasset" 4096
"D:/Wide_field_unreal_project/WideField_UnrealEditor/Content/blender_ref/WideFieldTest_-_V3/LevelSequences/CF125-Solidworks-15Action.uexp" 4097
"D:/Wide_field_unreal_project/WideField_UnrealEditor/Content/blender_ref/WideFieldTest_-_V3/LevelSequences/CF125-Solidworks-14Action.uasset" 4098
"D:/Wide_field_unreal_project/WideField_UnrealEditor/Content/blender_ref/WideFieldTest_-_V3/LevelSequences/CF125-Solidworks-14Action.uexp" 4099
"D:/Wide_field_unreal_project/WideField_UnrealEditor/Content/blender_ref/WideFieldTest_-_V3/LevelSequences/CF125-Solidworks-13Action.uasset" 4100
"D:/Wide_field_unreal_project/WideField_UnrealEditor/Content/blender_ref/WideFieldTest_-_V3/LevelSequences/CF125-Solidworks-13Action.uexp" 4101
"D:/Wide_field_unreal_project/WideField_UnrealEditor/Content/blender_ref/WideFieldTest_-_V3/LevelSequences/CF125-Solidworks-12Action.uasset" 4102
"D:/Wide_field_unreal_project/WideField_UnrealEditor/Content/blender_ref/WideFieldTest_-_V3/LevelSequences/CF125-Solidworks-12Action.uexp" 4103
"D:/Wide_field_unreal_project/WideField_UnrealEditor/Content/blender_ref/WideFieldTest_-_V3/LevelSequences/CF125-Solidworks-11Action.uasset" 4104
"D:/Wide_field_unreal_project/WideField_UnrealEditor/Content/blender_ref/WideFieldTest_-_V3/LevelSequences/CF125-Solidworks-11Action.uexp" 4105
"D:/Wide_field_unreal_project/WideField_UnrealEditor/Content/blender_ref/WideFieldTest_-_V3/LevelSequences/CF125-Solidworks-10Action.uasset" 4106
"D:/Wide_field_unreal_project/WideField_UnrealEditor/Content/blender_ref/WideFieldTest_-_V3/LevelSequences/CF125-Solidworks-10Action.uexp" 4107
"D:/Wide_field_unreal_project/WideField_UnrealEditor/Content/blender_ref/WideFieldTest_-_V3/LevelSequences/camera-1Action.uasset" 4108
"D:/Wide_field_unreal_project/WideField_UnrealEditor/Content/blender_ref/WideFieldTest_-_V3/LevelSequences/camera-1Action.uexp" 4109
"D:/Wide_field_unreal_project/WideField_UnrealEditor/Content/blender_ref/WideFieldTest_-_V3/LevelSequences/C60-thorlabs-adapter-1Action.uasset" 4110
"D:/Wide_field_unreal_project/WideField_UnrealEditor/Content/blender_ref/WideFieldTest_-_V3/LevelSequences/C60-thorlabs-adapter-1Action.uexp" 4111
"D:/Wide_field_unreal_project/WideField_UnrealEditor/Content/blender_ref/WideFieldTest_-_V3/LevelSequences/C60-CUBE-III-2Action.uasset" 4112
"D:/Wide_field_unreal_project/WideField_UnrealEditor/Content/blender_ref/WideFieldTest_-_V3/LevelSequences/C60-CUBE-III-2Action.uexp" 4113
"D:/Wide_field_unreal_project/WideField_UnrealEditor/Content/blender_ref/WideFieldTest_-_V3/LevelSequences/BE1-Solidworks-9Action.uasset" 4114
"D:/Wide_field_unreal_project/WideField_UnrealEditor/Content/blender_ref/WideFieldTest_-_V3/LevelSequences/BE1-Solidworks-9Action.uexp" 4115
"D:/Wide_field_unreal_project/WideField_UnrealEditor/Content/blender_ref/WideFieldTest_-_V3/LevelSequences/BE1-Solidworks-8Action.uasset" 4116
"D:/Wide_field_unreal_project/WideField_UnrealEditor/Content/blender_ref/WideFieldTest_-_V3/LevelSequences/BE1-Solidworks-8Action.uexp" 4117
"D:/Wide_field_unreal_project/WideField_UnrealEditor/Content/blender_ref/WideFieldTest_-_V3/LevelSequences/BE1-Solidworks-7Action.uasset" 4118
"D:/Wide_field_unreal_project/WideField_UnrealEditor/Content/blender_ref/WideFieldTest_-_V3/LevelSequences/BE1-Solidworks-7Action.uexp" 4119
"D:/Wide_field_unreal_project/WideField_UnrealEditor/Content/blender_ref/WideFieldTest_-_V3/LevelSequences/BE1-Solidworks-6Action.uasset" 4120
"D:/Wide_field_unreal_project/WideField_UnrealEditor/Content/blender_ref/WideFieldTest_-_V3/LevelSequences/BE1-Solidworks-6Action.uexp" 4121
"D:/Wide_field_unreal_project/WideField_UnrealEditor/Content/blender_ref/WideFieldTest_-_V3/LevelSequences/BE1-Solidworks-19Action_003.uasset" 4122
"D:/Wide_field_unreal_project/WideField_UnrealEditor/Content/blender_ref/WideFieldTest_-_V3/LevelSequences/BE1-Solidworks-19Action_003.uexp" 4123
"D:/Wide_field_unreal_project/WideField_UnrealEditor/Content/blender_ref/WideFieldTest_-_V3/LevelSequences/BE1-Solidworks-19Action_002.uasset" 4124
"D:/Wide_field_unreal_project/WideField_UnrealEditor/Content/blender_ref/WideFieldTest_-_V3/LevelSequences/BE1-Solidworks-19Action_002.uexp" 4125
"D:/Wide_field_unreal_project/WideField_UnrealEditor/Content/blender_ref/WideFieldTest_-_V3/LevelSequences/BE1-Solidworks-19Action_001.uasset" 4126
"D:/Wide_field_unreal_project/WideField_UnrealEditor/Content/blender_ref/WideFieldTest_-_V3/LevelSequences/BE1-Solidworks-19Action_001.uexp" 4127
"D:/Wide_field_unreal_project/WideField_UnrealEditor/Content/blender_ref/WideFieldTest_-_V3/LevelSequences/BE1-Solidworks-18Action.uasset" 4128
"D:/Wide_field_unreal_project/WideField_UnrealEditor/Content/blender_ref/WideFieldTest_-_V3/LevelSequences/BE1-Solidworks-18Action.uexp" 4129
"D:/Wide_field_unreal_project/WideField_UnrealEditor/Content/blender_ref/WideFieldTest_-_V3/LevelSequences/BE1-Solidworks-17Action.uasset" 4130
"D:/Wide_field_unreal_project/WideField_UnrealEditor/Content/blender_ref/WideFieldTest_-_V3/LevelSequences/BE1-Solidworks-17Action.uexp" 4131
"D:/Wide_field_unreal_project/WideField_UnrealEditor/Content/blender_ref/WideFieldTest_-_V3/LevelSequences/BE1-Solidworks-16Action_001.uasset" 4132
"D:/Wide_field_unreal_project/WideField_UnrealEditor/Content/blender_ref/WideFieldTest_-_V3/LevelSequences/BE1-Solidworks-16Action_001.uexp" 4133
"D:/Wide_field_unreal_project/WideField_UnrealEditor/Content/blender_ref/WideFieldTest_-_V3/LevelSequences/BE1-Solidworks-16Action.uasset" 4134
"D:/Wide_field_unreal_project/WideField_UnrealEditor/Content/blender_ref/WideFieldTest_-_V3/LevelSequences/BE1-Solidworks-16Action.uexp" 4135
"D:/Wide_field_unreal_project/WideField_UnrealEditor/Content/blender_ref/WideFieldTest_-_V3/LevelSequences/BE1-Solidworks-15Action.uasset" 4136
"D:/Wide_field_unreal_project/WideField_UnrealEditor/Content/blender_ref/WideFieldTest_-_V3/LevelSequences/BE1-Solidworks-15Action.uexp" 4137
"D:/Wide_field_unreal_project/WideField_UnrealEditor/Content/blender_ref/WideFieldTest_-_V3/LevelSequences/BE1-Solidworks-14Action.uasset" 4138
"D:/Wide_field_unreal_project/WideField_UnrealEditor/Content/blender_ref/WideFieldTest_-_V3/LevelSequences/BE1-Solidworks-14Action.uexp" 4139
"D:/Wide_field_unreal_project/WideField_UnrealEditor/Content/blender_ref/WideFieldTest_-_V3/LevelSequences/BE1-Solidworks-13Action.uasset" 4140
"D:/Wide_field_unreal_project/WideField_UnrealEditor/Content/blender_ref/WideFieldTest_-_V3/LevelSequences/BE1-Solidworks-13Action.uexp" 4141
"D:/Wide_field_unreal_project/WideField_UnrealEditor/Content/blender_ref/WideFieldTest_-_V3/LevelSequences/BE1-Solidworks-12Action.uasset" 4142
"D:/Wide_field_unreal_project/WideField_UnrealEditor/Content/blender_ref/WideFieldTest_-_V3/LevelSequences/BE1-Solidworks-12Action.uexp" 4143
"D:/Wide_field_unreal_project/WideField_UnrealEditor/Content/blender_ref/WideFieldTest_-_V3/LevelSequences/BE1-Solidworks-11Action.uasset" 4144
"D:/Wide_field_unreal_project/WideField_UnrealEditor/Content/blender_ref/WideFieldTest_-_V3/LevelSequences/BE1-Solidworks-11Action.uexp" 4145
"D:/Wide_field_unreal_project/WideField_UnrealEditor/Content/blender_ref/WideFieldTest_-_V3/LevelSequences/BE1-Solidworks-10Action.uasset" 4146
"D:/Wide_field_unreal_project/WideField_UnrealEditor/Content/blender_ref/WideFieldTest_-_V3/LevelSequences/BE1-Solidworks-10Action.uexp" 4147
"D:/Wide_field_unreal_project/WideField_UnrealEditor/Content/Pictures/locilogobig.uasset" 4148
"D:/Wide_field_unreal_project/WideField_UnrealEditor/Content/Pictures/locilogobig.uexp" 4149
"D:/Wide_field_unreal_project/WideField_UnrealEditor/Content/UI/des.uasset" 4150
"D:/Wide_field_unreal_project/WideField_UnrealEditor/Content/UI/des.uexp" 4151
"D:/Wide_field_unreal_project/WideField_UnrealEditor/Content/UI/WBP_MainMenu.uasset" 4152
"D:/Wide_field_unreal_project/WideField_UnrealEditor/Content/UI/WBP_MainMenu.uexp" 4153
"D:/Wide_field_unreal_project/WideField_UnrealEditor/Content/Startup.uexp" 4154
"D:/Wide_field_unreal_project/WideField_UnrealEditor/Content/Startup.umap" 4155
"D:/Wide_field_unreal_project/WideField_UnrealEditor/Content/Blueprints/PC1.uasset" 4156
"D:/Wide_field_unreal_project/WideField_UnrealEditor/Content/Blueprints/PC1.uexp" 4157
"D:/Wide_field_unreal_project/WideField_UnrealEditor/Content/Blueprints/pawn.uasset" 4158
"D:/Wide_field_unreal_project/WideField_UnrealEditor/Content/Blueprints/pawn.uexp" 4159
"D:/Wide_field_unreal_project/WideField_UnrealEditor/Content/Blueprints/GM.uasset" 4160
"D:/Wide_field_unreal_project/WideField_UnrealEditor/Content/Blueprints/GM.uexp" 4161
"D:/Wide_field_unreal_project/WideField_UnrealEditor/Content/UI/Pause.uasset" 4162
"D:/Wide_field_unreal_project/WideField_UnrealEditor/Content/UI/Pause.uexp" 4163
"D:/Wide_field_unreal_project/WideField_UnrealEditor/Content/blender_ref/WideFieldTest_-_V3/Materials/defaultplastic_040.uasset" 4164
"D:/Wide_field_unreal_project/WideField_UnrealEditor/Content/blender_ref/WideFieldTest_-_V3/Materials/defaultplastic_040.uexp" 4165
"D:/Wide_field_unreal_project/WideField_UnrealEditor/Content/blender_ref/WideFieldTest_-_V3/StaticMeshes/40x_obj-2_001.ubulk" 4166
"D:/Wide_field_unreal_project/WideField_UnrealEditor/Content/blender_ref/WideFieldTest_-_V3/StaticMeshes/40x_obj-2_001.uasset" 4167
"D:/Wide_field_unreal_project/WideField_UnrealEditor/Content/blender_ref/WideFieldTest_-_V3/StaticMeshes/40x_obj-2_001.uexp" 4168
"../../../Engine/Plugins/Interchange/Assets/Content/gltf/MaterialInstances/MI_Default_Blend.uasset" 4169
"../../../Engine/Plugins/Interchange/Assets/Content/gltf/MaterialInstances/MI_Default_Blend.uexp" 4170
"D:/Wide_field_unreal_project/WideField_UnrealEditor/Content/blender_ref/WideFieldTest_-_V3/Materials/defaultplastic_163.uasset" 4171
"D:/Wide_field_unreal_project/WideField_UnrealEditor/Content/blender_ref/WideFieldTest_-_V3/Materials/defaultplastic_163.uexp" 4172
"D:/Wide_field_unreal_project/WideField_UnrealEditor/Content/blender_ref/WideFieldTest_-_V3/Materials/defaultplastic_164.uasset" 4173
"D:/Wide_field_unreal_project/WideField_UnrealEditor/Content/blender_ref/WideFieldTest_-_V3/Materials/defaultplastic_164.uexp" 4174
"D:/Wide_field_unreal_project/WideField_UnrealEditor/Content/blender_ref/WideFieldTest_-_V3/Materials/defaultplastic_165.uasset" 4175
"D:/Wide_field_unreal_project/WideField_UnrealEditor/Content/blender_ref/WideFieldTest_-_V3/Materials/defaultplastic_165.uexp" 4176
"D:/Wide_field_unreal_project/WideField_UnrealEditor/Content/blender_ref/WideFieldTest_-_V3/Materials/texture_069.uasset" 4177
"D:/Wide_field_unreal_project/WideField_UnrealEditor/Content/blender_ref/WideFieldTest_-_V3/Materials/texture_069.uexp" 4178
"D:/Wide_field_unreal_project/WideField_UnrealEditor/Content/blender_ref/WideFieldTest_-_V3/Materials/clearglass_006.uasset" 4179
"D:/Wide_field_unreal_project/WideField_UnrealEditor/Content/blender_ref/WideFieldTest_-_V3/Materials/clearglass_006.uexp" 4180
"D:/Wide_field_unreal_project/WideField_UnrealEditor/Content/blender_ref/WideFieldTest_-_V3/Materials/Material_118_001.uasset" 4181
"D:/Wide_field_unreal_project/WideField_UnrealEditor/Content/blender_ref/WideFieldTest_-_V3/Materials/Material_118_001.uexp" 4182
"D:/Wide_field_unreal_project/WideField_UnrealEditor/Content/blender_ref/WideFieldTest_-_V3/Materials/Material_119_001.uasset" 4183
"D:/Wide_field_unreal_project/WideField_UnrealEditor/Content/blender_ref/WideFieldTest_-_V3/Materials/Material_119_001.uexp" 4184
"D:/Wide_field_unreal_project/WideField_UnrealEditor/Content/blender_ref/WideFieldTest_-_V3/Materials/mattealuminum_052.uasset" 4185
"D:/Wide_field_unreal_project/WideField_UnrealEditor/Content/blender_ref/WideFieldTest_-_V3/Materials/mattealuminum_052.uexp" 4186
"D:/Wide_field_unreal_project/WideField_UnrealEditor/Content/blender_ref/WideFieldTest_-_V3/StaticMeshes/AC254-050-A-ML-Solidworks-1_001.ubulk" 4187
"D:/Wide_field_unreal_project/WideField_UnrealEditor/Content/blender_ref/WideFieldTest_-_V3/StaticMeshes/AC254-050-A-ML-Solidworks-1_001.uasset" 4188
"D:/Wide_field_unreal_project/WideField_UnrealEditor/Content/blender_ref/WideFieldTest_-_V3/StaticMeshes/AC254-050-A-ML-Solidworks-1_001.uexp" 4189
"D:/Wide_field_unreal_project/WideField_UnrealEditor/Content/blender_ref/WideFieldTest_-_V3/Materials/texture_021.uasset" 4190
"D:/Wide_field_unreal_project/WideField_UnrealEditor/Content/blender_ref/WideFieldTest_-_V3/Materials/texture_021.uexp" 4191
"D:/Wide_field_unreal_project/WideField_UnrealEditor/Content/blender_ref/WideFieldTest_-_V3/Textures/Image_33.ubulk" 4192
"D:/Wide_field_unreal_project/WideField_UnrealEditor/Content/blender_ref/WideFieldTest_-_V3/Textures/Image_33.uasset" 4193
"D:/Wide_field_unreal_project/WideField_UnrealEditor/Content/blender_ref/WideFieldTest_-_V3/Textures/Image_33.uexp" 4194
"D:/Wide_field_unreal_project/WideField_UnrealEditor/Content/blender_ref/WideFieldTest_-_V3/Materials/texture_012.uasset" 4195
"D:/Wide_field_unreal_project/WideField_UnrealEditor/Content/blender_ref/WideFieldTest_-_V3/Materials/texture_012.uexp" 4196
"D:/Wide_field_unreal_project/WideField_UnrealEditor/Content/blender_ref/WideFieldTest_-_V3/Materials/defaultplastic_005.uasset" 4197
"D:/Wide_field_unreal_project/WideField_UnrealEditor/Content/blender_ref/WideFieldTest_-_V3/Materials/defaultplastic_005.uexp" 4198
"D:/Wide_field_unreal_project/WideField_UnrealEditor/Content/blender_ref/WideFieldTest_-_V3/Materials/defaultplastic_007.uasset" 4199
"D:/Wide_field_unreal_project/WideField_UnrealEditor/Content/blender_ref/WideFieldTest_-_V3/Materials/defaultplastic_007.uexp" 4200
"D:/Wide_field_unreal_project/WideField_UnrealEditor/Content/blender_ref/WideFieldTest_-_V3/Materials/defaultplastic_023.uasset" 4201
"D:/Wide_field_unreal_project/WideField_UnrealEditor/Content/blender_ref/WideFieldTest_-_V3/Materials/defaultplastic_023.uexp" 4202
"D:/Wide_field_unreal_project/WideField_UnrealEditor/Content/blender_ref/WideFieldTest_-_V3/Materials/defaultplastic_025.uasset" 4203
"D:/Wide_field_unreal_project/WideField_UnrealEditor/Content/blender_ref/WideFieldTest_-_V3/Materials/defaultplastic_025.uexp" 4204
"D:/Wide_field_unreal_project/WideField_UnrealEditor/Content/blender_ref/WideFieldTest_-_V3/Materials/Material_130_001.uasset" 4205
"D:/Wide_field_unreal_project/WideField_UnrealEditor/Content/blender_ref/WideFieldTest_-_V3/Materials/Material_130_001.uexp" 4206
"D:/Wide_field_unreal_project/WideField_UnrealEditor/Content/blender_ref/WideFieldTest_-_V3/Materials/Material_132_001.uasset" 4207
"D:/Wide_field_unreal_project/WideField_UnrealEditor/Content/blender_ref/WideFieldTest_-_V3/Materials/Material_132_001.uexp" 4208
"D:/Wide_field_unreal_project/WideField_UnrealEditor/Content/blender_ref/WideFieldTest_-_V3/Materials/mattealuminum_003.uasset" 4209
"D:/Wide_field_unreal_project/WideField_UnrealEditor/Content/blender_ref/WideFieldTest_-_V3/Materials/mattealuminum_003.uexp" 4210
"D:/Wide_field_unreal_project/WideField_UnrealEditor/Content/blender_ref/WideFieldTest_-_V3/StaticMeshes/AC254-100-A-ML-Solidworks-1_001.ubulk" 4211
"D:/Wide_field_unreal_project/WideField_UnrealEditor/Content/blender_ref/WideFieldTest_-_V3/StaticMeshes/AC254-100-A-ML-Solidworks-1_001.uasset" 4212
"D:/Wide_field_unreal_project/WideField_UnrealEditor/Content/blender_ref/WideFieldTest_-_V3/StaticMeshes/AC254-100-A-ML-Solidworks-1_001.uexp" 4213
"D:/Wide_field_unreal_project/WideField_UnrealEditor/Content/blender_ref/WideFieldTest_-_V3/Materials/clearglass_001.uasset" 4214
"D:/Wide_field_unreal_project/WideField_UnrealEditor/Content/blender_ref/WideFieldTest_-_V3/Materials/clearglass_001.uexp" 4215
"D:/Wide_field_unreal_project/WideField_UnrealEditor/Content/blender_ref/WideFieldTest_-_V3/Materials/clearglass_003.uasset" 4216
"D:/Wide_field_unreal_project/WideField_UnrealEditor/Content/blender_ref/WideFieldTest_-_V3/Materials/clearglass_003.uexp" 4217
"D:/Wide_field_unreal_project/WideField_UnrealEditor/Content/blender_ref/WideFieldTest_-_V3/Materials/polishedsilver_001.uasset" 4218
"D:/Wide_field_unreal_project/WideField_UnrealEditor/Content/blender_ref/WideFieldTest_-_V3/Materials/polishedsilver_001.uexp" 4219
"D:/Wide_field_unreal_project/WideField_UnrealEditor/Content/blender_ref/WideFieldTest_-_V3/StaticMeshes/BB1-E02-Solidworks-4_001.ubulk" 4220
"D:/Wide_field_unreal_project/WideField_UnrealEditor/Content/blender_ref/WideFieldTest_-_V3/StaticMeshes/BB1-E02-Solidworks-4_001.uasset" 4221
"D:/Wide_field_unreal_project/WideField_UnrealEditor/Content/blender_ref/WideFieldTest_-_V3/StaticMeshes/BB1-E02-Solidworks-4_001.uexp" 4222
"D:/Wide_field_unreal_project/WideField_UnrealEditor/Content/blender_ref/WideFieldTest_-_V3/Materials/clearglass_004.uasset" 4223
"D:/Wide_field_unreal_project/WideField_UnrealEditor/Content/blender_ref/WideFieldTest_-_V3/Materials/clearglass_004.uexp" 4224
"D:/Wide_field_unreal_project/WideField_UnrealEditor/Content/blender_ref/WideFieldTest_-_V3/Materials/clearglass_005.uasset" 4225
"D:/Wide_field_unreal_project/WideField_UnrealEditor/Content/blender_ref/WideFieldTest_-_V3/Materials/clearglass_005.uexp" 4226
"D:/Wide_field_unreal_project/WideField_UnrealEditor/Content/blender_ref/WideFieldTest_-_V3/Materials/polishedsilver_002.uasset" 4227
"D:/Wide_field_unreal_project/WideField_UnrealEditor/Content/blender_ref/WideFieldTest_-_V3/Materials/polishedsilver_002.uexp" 4228
"D:/Wide_field_unreal_project/WideField_UnrealEditor/Content/blender_ref/WideFieldTest_-_V3/StaticMeshes/BB1-E02-Solidworks-4_002.ubulk" 4229
"D:/Wide_field_unreal_project/WideField_UnrealEditor/Content/blender_ref/WideFieldTest_-_V3/StaticMeshes/BB1-E02-Solidworks-4_002.uasset" 4230
"D:/Wide_field_unreal_project/WideField_UnrealEditor/Content/blender_ref/WideFieldTest_-_V3/StaticMeshes/BB1-E02-Solidworks-4_002.uexp" 4231
"D:/Wide_field_unreal_project/WideField_UnrealEditor/Content/blender_ref/WideFieldTest_-_V3/StaticMeshes/BE1-Solidworks-10.ubulk" 4232
"D:/Wide_field_unreal_project/WideField_UnrealEditor/Content/blender_ref/WideFieldTest_-_V3/StaticMeshes/BE1-Solidworks-10.uasset" 4233
"D:/Wide_field_unreal_project/WideField_UnrealEditor/Content/blender_ref/WideFieldTest_-_V3/StaticMeshes/BE1-Solidworks-10.uexp" 4234
"D:/Wide_field_unreal_project/WideField_UnrealEditor/Content/blender_ref/WideFieldTest_-_V3/StaticMeshes/BE1-Solidworks-11.ubulk" 4235
"D:/Wide_field_unreal_project/WideField_UnrealEditor/Content/blender_ref/WideFieldTest_-_V3/StaticMeshes/BE1-Solidworks-11.uasset" 4236
"D:/Wide_field_unreal_project/WideField_UnrealEditor/Content/blender_ref/WideFieldTest_-_V3/StaticMeshes/BE1-Solidworks-11.uexp" 4237
"D:/Wide_field_unreal_project/WideField_UnrealEditor/Content/blender_ref/WideFieldTest_-_V3/StaticMeshes/BE1-Solidworks-12.ubulk" 4238
"D:/Wide_field_unreal_project/WideField_UnrealEditor/Content/blender_ref/WideFieldTest_-_V3/StaticMeshes/BE1-Solidworks-12.uasset" 4239
"D:/Wide_field_unreal_project/WideField_UnrealEditor/Content/blender_ref/WideFieldTest_-_V3/StaticMeshes/BE1-Solidworks-12.uexp" 4240
"D:/Wide_field_unreal_project/WideField_UnrealEditor/Content/blender_ref/WideFieldTest_-_V3/StaticMeshes/BE1-Solidworks-13.ubulk" 4241
"D:/Wide_field_unreal_project/WideField_UnrealEditor/Content/blender_ref/WideFieldTest_-_V3/StaticMeshes/BE1-Solidworks-13.uasset" 4242
"D:/Wide_field_unreal_project/WideField_UnrealEditor/Content/blender_ref/WideFieldTest_-_V3/StaticMeshes/BE1-Solidworks-13.uexp" 4243
"D:/Wide_field_unreal_project/WideField_UnrealEditor/Content/blender_ref/WideFieldTest_-_V3/StaticMeshes/BE1-Solidworks-14.ubulk" 4244
"D:/Wide_field_unreal_project/WideField_UnrealEditor/Content/blender_ref/WideFieldTest_-_V3/StaticMeshes/BE1-Solidworks-14.uasset" 4245
"D:/Wide_field_unreal_project/WideField_UnrealEditor/Content/blender_ref/WideFieldTest_-_V3/StaticMeshes/BE1-Solidworks-14.uexp" 4246
"D:/Wide_field_unreal_project/WideField_UnrealEditor/Content/blender_ref/WideFieldTest_-_V3/StaticMeshes/BE1-Solidworks-15.ubulk" 4247
"D:/Wide_field_unreal_project/WideField_UnrealEditor/Content/blender_ref/WideFieldTest_-_V3/StaticMeshes/BE1-Solidworks-15.uasset" 4248
"D:/Wide_field_unreal_project/WideField_UnrealEditor/Content/blender_ref/WideFieldTest_-_V3/StaticMeshes/BE1-Solidworks-15.uexp" 4249
"D:/Wide_field_unreal_project/WideField_UnrealEditor/Content/blender_ref/WideFieldTest_-_V3/StaticMeshes/BE1-Solidworks-16.ubulk" 4250
"D:/Wide_field_unreal_project/WideField_UnrealEditor/Content/blender_ref/WideFieldTest_-_V3/StaticMeshes/BE1-Solidworks-16.uasset" 4251
"D:/Wide_field_unreal_project/WideField_UnrealEditor/Content/blender_ref/WideFieldTest_-_V3/StaticMeshes/BE1-Solidworks-16.uexp" 4252
"D:/Wide_field_unreal_project/WideField_UnrealEditor/Content/blender_ref/WideFieldTest_-_V3/Materials/defaultplastic_002.uasset" 4253
"D:/Wide_field_unreal_project/WideField_UnrealEditor/Content/blender_ref/WideFieldTest_-_V3/Materials/defaultplastic_002.uexp" 4254
"D:/Wide_field_unreal_project/WideField_UnrealEditor/Content/blender_ref/WideFieldTest_-_V3/Materials/defaultplastic_003.uasset" 4255
"D:/Wide_field_unreal_project/WideField_UnrealEditor/Content/blender_ref/WideFieldTest_-_V3/Materials/defaultplastic_003.uexp" 4256
"D:/Wide_field_unreal_project/WideField_UnrealEditor/Content/blender_ref/WideFieldTest_-_V3/Materials/polishedsteel_002.uasset" 4257
"D:/Wide_field_unreal_project/WideField_UnrealEditor/Content/blender_ref/WideFieldTest_-_V3/Materials/polishedsteel_002.uexp" 4258
"D:/Wide_field_unreal_project/WideField_UnrealEditor/Content/blender_ref/WideFieldTest_-_V3/Textures/thread1234567891011121314151617181920212223242526272829303132333435363738394041424344.ubulk" 4259
"D:/Wide_field_unreal_project/WideField_UnrealEditor/Content/blender_ref/WideFieldTest_-_V3/Textures/thread1234567891011121314151617181920212223242526272829303132333435363738394041424344.uasset" 4260
"D:/Wide_field_unreal_project/WideField_UnrealEditor/Content/blender_ref/WideFieldTest_-_V3/Textures/thread1234567891011121314151617181920212223242526272829303132333435363738394041424344.uexp" 4261
"D:/Wide_field_unreal_project/WideField_UnrealEditor/Content/blender_ref/WideFieldTest_-_V3/Textures/thread12345678910111213141516171819202122232425262728293031323334353637383940414243.ubulk" 4262
"D:/Wide_field_unreal_project/WideField_UnrealEditor/Content/blender_ref/WideFieldTest_-_V3/Textures/thread12345678910111213141516171819202122232425262728293031323334353637383940414243.uasset" 4263
"D:/Wide_field_unreal_project/WideField_UnrealEditor/Content/blender_ref/WideFieldTest_-_V3/Textures/thread12345678910111213141516171819202122232425262728293031323334353637383940414243.uexp" 4264
"D:/Wide_field_unreal_project/WideField_UnrealEditor/Content/blender_ref/WideFieldTest_-_V3/Materials/screwthread_001.uasset" 4265
"D:/Wide_field_unreal_project/WideField_UnrealEditor/Content/blender_ref/WideFieldTest_-_V3/Materials/screwthread_001.uexp" 4266
"D:/Wide_field_unreal_project/WideField_UnrealEditor/Content/blender_ref/WideFieldTest_-_V3/StaticMeshes/BE1-Solidworks-16_001.ubulk" 4267
"D:/Wide_field_unreal_project/WideField_UnrealEditor/Content/blender_ref/WideFieldTest_-_V3/StaticMeshes/BE1-Solidworks-16_001.uasset" 4268
"D:/Wide_field_unreal_project/WideField_UnrealEditor/Content/blender_ref/WideFieldTest_-_V3/StaticMeshes/BE1-Solidworks-16_001.uexp" 4269
"D:/Wide_field_unreal_project/WideField_UnrealEditor/Content/blender_ref/WideFieldTest_-_V3/StaticMeshes/BE1-Solidworks-17.ubulk" 4270
"D:/Wide_field_unreal_project/WideField_UnrealEditor/Content/blender_ref/WideFieldTest_-_V3/StaticMeshes/BE1-Solidworks-17.uasset" 4271
"D:/Wide_field_unreal_project/WideField_UnrealEditor/Content/blender_ref/WideFieldTest_-_V3/StaticMeshes/BE1-Solidworks-17.uexp" 4272
"D:/Wide_field_unreal_project/WideField_UnrealEditor/Content/blender_ref/WideFieldTest_-_V3/StaticMeshes/BE1-Solidworks-18.ubulk" 4273
"D:/Wide_field_unreal_project/WideField_UnrealEditor/Content/blender_ref/WideFieldTest_-_V3/StaticMeshes/BE1-Solidworks-18.uasset" 4274
"D:/Wide_field_unreal_project/WideField_UnrealEditor/Content/blender_ref/WideFieldTest_-_V3/StaticMeshes/BE1-Solidworks-18.uexp" 4275
"D:/Wide_field_unreal_project/WideField_UnrealEditor/Content/blender_ref/WideFieldTest_-_V3/Materials/defaultplastic_138.uasset" 4276
"D:/Wide_field_unreal_project/WideField_UnrealEditor/Content/blender_ref/WideFieldTest_-_V3/Materials/defaultplastic_138.uexp" 4277
"D:/Wide_field_unreal_project/WideField_UnrealEditor/Content/blender_ref/WideFieldTest_-_V3/Materials/defaultplastic_139.uasset" 4278
"D:/Wide_field_unreal_project/WideField_UnrealEditor/Content/blender_ref/WideFieldTest_-_V3/Materials/defaultplastic_139.uexp" 4279
"D:/Wide_field_unreal_project/WideField_UnrealEditor/Content/blender_ref/WideFieldTest_-_V3/Textures/thread1234567891011121314151617181920212223242526272829303132333435.ubulk" 4280
"D:/Wide_field_unreal_project/WideField_UnrealEditor/Content/blender_ref/WideFieldTest_-_V3/Textures/thread1234567891011121314151617181920212223242526272829303132333435.uasset" 4281
"D:/Wide_field_unreal_project/WideField_UnrealEditor/Content/blender_ref/WideFieldTest_-_V3/Textures/thread1234567891011121314151617181920212223242526272829303132333435.uexp" 4282
"D:/Wide_field_unreal_project/WideField_UnrealEditor/Content/blender_ref/WideFieldTest_-_V3/Textures/thread12345678910111213141516171819202122232425262728293031323334.ubulk" 4283
"D:/Wide_field_unreal_project/WideField_UnrealEditor/Content/blender_ref/WideFieldTest_-_V3/Textures/thread12345678910111213141516171819202122232425262728293031323334.uasset" 4284
"D:/Wide_field_unreal_project/WideField_UnrealEditor/Content/blender_ref/WideFieldTest_-_V3/Textures/thread12345678910111213141516171819202122232425262728293031323334.uexp" 4285
"D:/Wide_field_unreal_project/WideField_UnrealEditor/Content/blender_ref/WideFieldTest_-_V3/Materials/screwthread_063.uasset" 4286
"D:/Wide_field_unreal_project/WideField_UnrealEditor/Content/blender_ref/WideFieldTest_-_V3/Materials/screwthread_063.uexp" 4287
"D:/Wide_field_unreal_project/WideField_UnrealEditor/Content/blender_ref/WideFieldTest_-_V3/Materials/polishedsteel_005.uasset" 4288
"D:/Wide_field_unreal_project/WideField_UnrealEditor/Content/blender_ref/WideFieldTest_-_V3/Materials/polishedsteel_005.uexp" 4289
"D:/Wide_field_unreal_project/WideField_UnrealEditor/Content/blender_ref/WideFieldTest_-_V3/StaticMeshes/BE1-Solidworks-19_001.ubulk" 4290
"D:/Wide_field_unreal_project/WideField_UnrealEditor/Content/blender_ref/WideFieldTest_-_V3/StaticMeshes/BE1-Solidworks-19_001.uasset" 4291
"D:/Wide_field_unreal_project/WideField_UnrealEditor/Content/blender_ref/WideFieldTest_-_V3/StaticMeshes/BE1-Solidworks-19_001.uexp" 4292
"D:/Wide_field_unreal_project/WideField_UnrealEditor/Content/blender_ref/WideFieldTest_-_V3/Materials/defaultplastic_142.uasset" 4293
"D:/Wide_field_unreal_project/WideField_UnrealEditor/Content/blender_ref/WideFieldTest_-_V3/Materials/defaultplastic_142.uexp" 4294
"D:/Wide_field_unreal_project/WideField_UnrealEditor/Content/blender_ref/WideFieldTest_-_V3/Materials/defaultplastic_143.uasset" 4295
"D:/Wide_field_unreal_project/WideField_UnrealEditor/Content/blender_ref/WideFieldTest_-_V3/Materials/defaultplastic_143.uexp" 4296
"D:/Wide_field_unreal_project/WideField_UnrealEditor/Content/blender_ref/WideFieldTest_-_V3/Textures/thread12345678910111213141516171819202122232425262728293031.ubulk" 4297
"D:/Wide_field_unreal_project/WideField_UnrealEditor/Content/blender_ref/WideFieldTest_-_V3/Textures/thread12345678910111213141516171819202122232425262728293031.uasset" 4298
"D:/Wide_field_unreal_project/WideField_UnrealEditor/Content/blender_ref/WideFieldTest_-_V3/Textures/thread12345678910111213141516171819202122232425262728293031.uexp" 4299
"D:/Wide_field_unreal_project/WideField_UnrealEditor/Content/blender_ref/WideFieldTest_-_V3/Textures/thread123456789101112131415161718192021222324252627282930.ubulk" 4300
"D:/Wide_field_unreal_project/WideField_UnrealEditor/Content/blender_ref/WideFieldTest_-_V3/Textures/thread123456789101112131415161718192021222324252627282930.uasset" 4301
"D:/Wide_field_unreal_project/WideField_UnrealEditor/Content/blender_ref/WideFieldTest_-_V3/Textures/thread123456789101112131415161718192021222324252627282930.uexp" 4302
"D:/Wide_field_unreal_project/WideField_UnrealEditor/Content/blender_ref/WideFieldTest_-_V3/Materials/screwthread_065.uasset" 4303
"D:/Wide_field_unreal_project/WideField_UnrealEditor/Content/blender_ref/WideFieldTest_-_V3/Materials/screwthread_065.uexp" 4304
"D:/Wide_field_unreal_project/WideField_UnrealEditor/Content/blender_ref/WideFieldTest_-_V3/Materials/polishedsteel_007.uasset" 4305
"D:/Wide_field_unreal_project/WideField_UnrealEditor/Content/blender_ref/WideFieldTest_-_V3/Materials/polishedsteel_007.uexp" 4306
"D:/Wide_field_unreal_project/WideField_UnrealEditor/Content/blender_ref/WideFieldTest_-_V3/StaticMeshes/BE1-Solidworks-19_002.ubulk" 4307
"D:/Wide_field_unreal_project/WideField_UnrealEditor/Content/blender_ref/WideFieldTest_-_V3/StaticMeshes/BE1-Solidworks-19_002.uasset" 4308
"D:/Wide_field_unreal_project/WideField_UnrealEditor/Content/blender_ref/WideFieldTest_-_V3/StaticMeshes/BE1-Solidworks-19_002.uexp" 4309
"D:/Wide_field_unreal_project/WideField_UnrealEditor/Content/blender_ref/WideFieldTest_-_V3/Materials/defaultplastic_176.uasset" 4310
"D:/Wide_field_unreal_project/WideField_UnrealEditor/Content/blender_ref/WideFieldTest_-_V3/Materials/defaultplastic_176.uexp" 4311
"D:/Wide_field_unreal_project/WideField_UnrealEditor/Content/blender_ref/WideFieldTest_-_V3/Materials/defaultplastic_177.uasset" 4312
"D:/Wide_field_unreal_project/WideField_UnrealEditor/Content/blender_ref/WideFieldTest_-_V3/Materials/defaultplastic_177.uexp" 4313
"D:/Wide_field_unreal_project/WideField_UnrealEditor/Content/blender_ref/WideFieldTest_-_V3/Materials/polishedsteel_008.uasset" 4314
"D:/Wide_field_unreal_project/WideField_UnrealEditor/Content/blender_ref/WideFieldTest_-_V3/Materials/polishedsteel_008.uexp" 4315
"D:/Wide_field_unreal_project/WideField_UnrealEditor/Content/blender_ref/WideFieldTest_-_V3/Textures/thread123456789101112131415161718192021222324252627282930313233343536373839404142.ubulk" 4316
"D:/Wide_field_unreal_project/WideField_UnrealEditor/Content/blender_ref/WideFieldTest_-_V3/Textures/thread123456789101112131415161718192021222324252627282930313233343536373839404142.uasset" 4317
"D:/Wide_field_unreal_project/WideField_UnrealEditor/Content/blender_ref/WideFieldTest_-_V3/Textures/thread123456789101112131415161718192021222324252627282930313233343536373839404142.uexp" 4318
"D:/Wide_field_unreal_project/WideField_UnrealEditor/Content/blender_ref/WideFieldTest_-_V3/Textures/thread1234567891011121314151617181920212223242526272829303132333435363738394041.ubulk" 4319
"D:/Wide_field_unreal_project/WideField_UnrealEditor/Content/blender_ref/WideFieldTest_-_V3/Textures/thread1234567891011121314151617181920212223242526272829303132333435363738394041.uasset" 4320
"D:/Wide_field_unreal_project/WideField_UnrealEditor/Content/blender_ref/WideFieldTest_-_V3/Textures/thread1234567891011121314151617181920212223242526272829303132333435363738394041.uexp" 4321
"D:/Wide_field_unreal_project/WideField_UnrealEditor/Content/blender_ref/WideFieldTest_-_V3/Materials/screwthread_081.uasset" 4322
"D:/Wide_field_unreal_project/WideField_UnrealEditor/Content/blender_ref/WideFieldTest_-_V3/Materials/screwthread_081.uexp" 4323
"D:/Wide_field_unreal_project/WideField_UnrealEditor/Content/blender_ref/WideFieldTest_-_V3/StaticMeshes/BE1-Solidworks-19_003.ubulk" 4324
"D:/Wide_field_unreal_project/WideField_UnrealEditor/Content/blender_ref/WideFieldTest_-_V3/StaticMeshes/BE1-Solidworks-19_003.uasset" 4325
"D:/Wide_field_unreal_project/WideField_UnrealEditor/Content/blender_ref/WideFieldTest_-_V3/StaticMeshes/BE1-Solidworks-19_003.uexp" 4326
"D:/Wide_field_unreal_project/WideField_UnrealEditor/Content/blender_ref/WideFieldTest_-_V3/StaticMeshes/BE1-Solidworks-7.ubulk" 4327
"D:/Wide_field_unreal_project/WideField_UnrealEditor/Content/blender_ref/WideFieldTest_-_V3/StaticMeshes/BE1-Solidworks-7.uasset" 4328
"D:/Wide_field_unreal_project/WideField_UnrealEditor/Content/blender_ref/WideFieldTest_-_V3/StaticMeshes/BE1-Solidworks-7.uexp" 4329
"D:/Wide_field_unreal_project/WideField_UnrealEditor/Content/blender_ref/WideFieldTest_-_V3/StaticMeshes/BE1-Solidworks-8.ubulk" 4330
"D:/Wide_field_unreal_project/WideField_UnrealEditor/Content/blender_ref/WideFieldTest_-_V3/StaticMeshes/BE1-Solidworks-8.uasset" 4331
"D:/Wide_field_unreal_project/WideField_UnrealEditor/Content/blender_ref/WideFieldTest_-_V3/StaticMeshes/BE1-Solidworks-8.uexp" 4332
"D:/Wide_field_unreal_project/WideField_UnrealEditor/Content/blender_ref/WideFieldTest_-_V3/StaticMeshes/BE1-Solidworks-9.ubulk" 4333
"D:/Wide_field_unreal_project/WideField_UnrealEditor/Content/blender_ref/WideFieldTest_-_V3/StaticMeshes/BE1-Solidworks-9.uasset" 4334
"D:/Wide_field_unreal_project/WideField_UnrealEditor/Content/blender_ref/WideFieldTest_-_V3/StaticMeshes/BE1-Solidworks-9.uexp" 4335
"D:/Wide_field_unreal_project/WideField_UnrealEditor/Content/blender_ref/WideFieldTest_-_V3/Materials/defaultplastic_078.uasset" 4336
"D:/Wide_field_unreal_project/WideField_UnrealEditor/Content/blender_ref/WideFieldTest_-_V3/Materials/defaultplastic_078.uexp" 4337
"D:/Wide_field_unreal_project/WideField_UnrealEditor/Content/blender_ref/WideFieldTest_-_V3/Materials/defaultplastic_079.uasset" 4338
"D:/Wide_field_unreal_project/WideField_UnrealEditor/Content/blender_ref/WideFieldTest_-_V3/Materials/defaultplastic_079.uexp" 4339
"D:/Wide_field_unreal_project/WideField_UnrealEditor/Content/blender_ref/WideFieldTest_-_V3/Materials/defaultplastic_080.uasset" 4340
"D:/Wide_field_unreal_project/WideField_UnrealEditor/Content/blender_ref/WideFieldTest_-_V3/Materials/defaultplastic_080.uexp" 4341
"D:/Wide_field_unreal_project/WideField_UnrealEditor/Content/blender_ref/WideFieldTest_-_V3/Materials/defaultplastic_081.uasset" 4342
"D:/Wide_field_unreal_project/WideField_UnrealEditor/Content/blender_ref/WideFieldTest_-_V3/Materials/defaultplastic_081.uexp" 4343
"D:/Wide_field_unreal_project/WideField_UnrealEditor/Content/blender_ref/WideFieldTest_-_V3/Materials/defaultplastic_082.uasset" 4344
"D:/Wide_field_unreal_project/WideField_UnrealEditor/Content/blender_ref/WideFieldTest_-_V3/Materials/defaultplastic_082.uexp" 4345
"D:/Wide_field_unreal_project/WideField_UnrealEditor/Content/blender_ref/WideFieldTest_-_V3/Materials/defaultplastic_083.uasset" 4346
"D:/Wide_field_unreal_project/WideField_UnrealEditor/Content/blender_ref/WideFieldTest_-_V3/Materials/defaultplastic_083.uexp" 4347
"D:/Wide_field_unreal_project/WideField_UnrealEditor/Content/blender_ref/WideFieldTest_-_V3/Materials/defaultplastic_084.uasset" 4348
"D:/Wide_field_unreal_project/WideField_UnrealEditor/Content/blender_ref/WideFieldTest_-_V3/Materials/defaultplastic_084.uexp" 4349
"D:/Wide_field_unreal_project/WideField_UnrealEditor/Content/blender_ref/WideFieldTest_-_V3/StaticMeshes/C60-CUBE-III-2.ubulk" 4350
"D:/Wide_field_unreal_project/WideField_UnrealEditor/Content/blender_ref/WideFieldTest_-_V3/StaticMeshes/C60-CUBE-III-2.uasset" 4351
"D:/Wide_field_unreal_project/WideField_UnrealEditor/Content/blender_ref/WideFieldTest_-_V3/StaticMeshes/C60-CUBE-III-2.uexp" 4352
"D:/Wide_field_unreal_project/WideField_UnrealEditor/Content/blender_ref/WideFieldTest_-_V3/Materials/defaultplastic_085.uasset" 4353
"D:/Wide_field_unreal_project/WideField_UnrealEditor/Content/blender_ref/WideFieldTest_-_V3/Materials/defaultplastic_085.uexp" 4354
"D:/Wide_field_unreal_project/WideField_UnrealEditor/Content/blender_ref/WideFieldTest_-_V3/StaticMeshes/C60-thorlabs-adapter-1.ubulk" 4355
"D:/Wide_field_unreal_project/WideField_UnrealEditor/Content/blender_ref/WideFieldTest_-_V3/StaticMeshes/C60-thorlabs-adapter-1.uasset" 4356
"D:/Wide_field_unreal_project/WideField_UnrealEditor/Content/blender_ref/WideFieldTest_-_V3/StaticMeshes/C60-thorlabs-adapter-1.uexp" 4357
"D:/Wide_field_unreal_project/WideField_UnrealEditor/Content/blender_ref/WideFieldTest_-_V3/Materials/sandblastedsteel_001.uasset" 4358
"D:/Wide_field_unreal_project/WideField_UnrealEditor/Content/blender_ref/WideFieldTest_-_V3/Materials/sandblastedsteel_001.uexp" 4359
"D:/Wide_field_unreal_project/WideField_UnrealEditor/Content/blender_ref/WideFieldTest_-_V3/StaticMeshes/camera-1.ubulk" 4360
"D:/Wide_field_unreal_project/WideField_UnrealEditor/Content/blender_ref/WideFieldTest_-_V3/StaticMeshes/camera-1.uasset" 4361
"D:/Wide_field_unreal_project/WideField_UnrealEditor/Content/blender_ref/WideFieldTest_-_V3/StaticMeshes/camera-1.uexp" 4362
"D:/Wide_field_unreal_project/WideField_UnrealEditor/Content/blender_ref/WideFieldTest_-_V3/Materials/PlasticPolystyrene_001.uasset" 4363
"D:/Wide_field_unreal_project/WideField_UnrealEditor/Content/blender_ref/WideFieldTest_-_V3/Materials/PlasticPolystyrene_001.uexp" 4364
"D:/Wide_field_unreal_project/WideField_UnrealEditor/Content/blender_ref/WideFieldTest_-_V3/StaticMeshes/CF125-Solidworks-10.ubulk" 4365
"D:/Wide_field_unreal_project/WideField_UnrealEditor/Content/blender_ref/WideFieldTest_-_V3/StaticMeshes/CF125-Solidworks-10.uasset" 4366
"D:/Wide_field_unreal_project/WideField_UnrealEditor/Content/blender_ref/WideFieldTest_-_V3/StaticMeshes/CF125-Solidworks-10.uexp" 4367
"D:/Wide_field_unreal_project/WideField_UnrealEditor/Content/blender_ref/WideFieldTest_-_V3/StaticMeshes/CF125-Solidworks-11.ubulk" 4368
"D:/Wide_field_unreal_project/WideField_UnrealEditor/Content/blender_ref/WideFieldTest_-_V3/StaticMeshes/CF125-Solidworks-11.uasset" 4369
"D:/Wide_field_unreal_project/WideField_UnrealEditor/Content/blender_ref/WideFieldTest_-_V3/StaticMeshes/CF125-Solidworks-11.uexp" 4370
"D:/Wide_field_unreal_project/WideField_UnrealEditor/Content/blender_ref/WideFieldTest_-_V3/StaticMeshes/CF125-Solidworks-12.ubulk" 4371
"D:/Wide_field_unreal_project/WideField_UnrealEditor/Content/blender_ref/WideFieldTest_-_V3/StaticMeshes/CF125-Solidworks-12.uasset" 4372
"D:/Wide_field_unreal_project/WideField_UnrealEditor/Content/blender_ref/WideFieldTest_-_V3/StaticMeshes/CF125-Solidworks-12.uexp" 4373
"D:/Wide_field_unreal_project/WideField_UnrealEditor/Content/blender_ref/WideFieldTest_-_V3/StaticMeshes/CF125-Solidworks-13.ubulk" 4374
"D:/Wide_field_unreal_project/WideField_UnrealEditor/Content/blender_ref/WideFieldTest_-_V3/StaticMeshes/CF125-Solidworks-13.uasset" 4375
"D:/Wide_field_unreal_project/WideField_UnrealEditor/Content/blender_ref/WideFieldTest_-_V3/StaticMeshes/CF125-Solidworks-13.uexp" 4376
"D:/Wide_field_unreal_project/WideField_UnrealEditor/Content/blender_ref/WideFieldTest_-_V3/StaticMeshes/CF125-Solidworks-14.ubulk" 4377
"D:/Wide_field_unreal_project/WideField_UnrealEditor/Content/blender_ref/WideFieldTest_-_V3/StaticMeshes/CF125-Solidworks-14.uasset" 4378
"D:/Wide_field_unreal_project/WideField_UnrealEditor/Content/blender_ref/WideFieldTest_-_V3/StaticMeshes/CF125-Solidworks-14.uexp" 4379
"D:/Wide_field_unreal_project/WideField_UnrealEditor/Content/blender_ref/WideFieldTest_-_V3/StaticMeshes/CF125-Solidworks-15.ubulk" 4380
"D:/Wide_field_unreal_project/WideField_UnrealEditor/Content/blender_ref/WideFieldTest_-_V3/StaticMeshes/CF125-Solidworks-15.uasset" 4381
"D:/Wide_field_unreal_project/WideField_UnrealEditor/Content/blender_ref/WideFieldTest_-_V3/StaticMeshes/CF125-Solidworks-15.uexp" 4382
"D:/Wide_field_unreal_project/WideField_UnrealEditor/Content/blender_ref/WideFieldTest_-_V3/StaticMeshes/CF125-Solidworks-16.ubulk" 4383
"D:/Wide_field_unreal_project/WideField_UnrealEditor/Content/blender_ref/WideFieldTest_-_V3/StaticMeshes/CF125-Solidworks-16.uasset" 4384
"D:/Wide_field_unreal_project/WideField_UnrealEditor/Content/blender_ref/WideFieldTest_-_V3/StaticMeshes/CF125-Solidworks-16.uexp" 4385
"D:/Wide_field_unreal_project/WideField_UnrealEditor/Content/blender_ref/WideFieldTest_-_V3/StaticMeshes/CF125-Solidworks-17.ubulk" 4386
"D:/Wide_field_unreal_project/WideField_UnrealEditor/Content/blender_ref/WideFieldTest_-_V3/StaticMeshes/CF125-Solidworks-17.uasset" 4387
"D:/Wide_field_unreal_project/WideField_UnrealEditor/Content/blender_ref/WideFieldTest_-_V3/StaticMeshes/CF125-Solidworks-17.uexp" 4388
"D:/Wide_field_unreal_project/WideField_UnrealEditor/Content/blender_ref/WideFieldTest_-_V3/StaticMeshes/CF125-Solidworks-19.ubulk" 4389
"D:/Wide_field_unreal_project/WideField_UnrealEditor/Content/blender_ref/WideFieldTest_-_V3/StaticMeshes/CF125-Solidworks-19.uasset" 4390
"D:/Wide_field_unreal_project/WideField_UnrealEditor/Content/blender_ref/WideFieldTest_-_V3/StaticMeshes/CF125-Solidworks-19.uexp" 4391
"D:/Wide_field_unreal_project/WideField_UnrealEditor/Content/blender_ref/WideFieldTest_-_V3/Materials/PlasticPolystyrene_002.uasset" 4392
"D:/Wide_field_unreal_project/WideField_UnrealEditor/Content/blender_ref/WideFieldTest_-_V3/Materials/PlasticPolystyrene_002.uexp" 4393
"D:/Wide_field_unreal_project/WideField_UnrealEditor/Content/blender_ref/WideFieldTest_-_V3/StaticMeshes/CF125-Solidworks-19_001.ubulk" 4394
"D:/Wide_field_unreal_project/WideField_UnrealEditor/Content/blender_ref/WideFieldTest_-_V3/StaticMeshes/CF125-Solidworks-19_001.uasset" 4395
"D:/Wide_field_unreal_project/WideField_UnrealEditor/Content/blender_ref/WideFieldTest_-_V3/StaticMeshes/CF125-Solidworks-19_001.uexp" 4396
"D:/Wide_field_unreal_project/WideField_UnrealEditor/Content/blender_ref/WideFieldTest_-_V3/StaticMeshes/CF125-Solidworks-21.ubulk" 4397
"D:/Wide_field_unreal_project/WideField_UnrealEditor/Content/blender_ref/WideFieldTest_-_V3/StaticMeshes/CF125-Solidworks-21.uasset" 4398
"D:/Wide_field_unreal_project/WideField_UnrealEditor/Content/blender_ref/WideFieldTest_-_V3/StaticMeshes/CF125-Solidworks-21.uexp" 4399
"D:/Wide_field_unreal_project/WideField_UnrealEditor/Content/blender_ref/WideFieldTest_-_V3/Materials/PlasticPolystyrene_003.uasset" 4400
"D:/Wide_field_unreal_project/WideField_UnrealEditor/Content/blender_ref/WideFieldTest_-_V3/Materials/PlasticPolystyrene_003.uexp" 4401
"D:/Wide_field_unreal_project/WideField_UnrealEditor/Content/blender_ref/WideFieldTest_-_V3/StaticMeshes/CF125-Solidworks-21_001.ubulk" 4402
"D:/Wide_field_unreal_project/WideField_UnrealEditor/Content/blender_ref/WideFieldTest_-_V3/StaticMeshes/CF125-Solidworks-21_001.uasset" 4403
"D:/Wide_field_unreal_project/WideField_UnrealEditor/Content/blender_ref/WideFieldTest_-_V3/StaticMeshes/CF125-Solidworks-21_001.uexp" 4404
"D:/Wide_field_unreal_project/WideField_UnrealEditor/Content/blender_ref/WideFieldTest_-_V3/Materials/PlasticPolystyrene_004.uasset" 4405
"D:/Wide_field_unreal_project/WideField_UnrealEditor/Content/blender_ref/WideFieldTest_-_V3/Materials/PlasticPolystyrene_004.uexp" 4406
"D:/Wide_field_unreal_project/WideField_UnrealEditor/Content/blender_ref/WideFieldTest_-_V3/StaticMeshes/CF125-Solidworks-21_002.ubulk" 4407
"D:/Wide_field_unreal_project/WideField_UnrealEditor/Content/blender_ref/WideFieldTest_-_V3/StaticMeshes/CF125-Solidworks-21_002.uasset" 4408
"D:/Wide_field_unreal_project/WideField_UnrealEditor/Content/blender_ref/WideFieldTest_-_V3/StaticMeshes/CF125-Solidworks-21_002.uexp" 4409
"D:/Wide_field_unreal_project/WideField_UnrealEditor/Content/blender_ref/WideFieldTest_-_V3/StaticMeshes/CF125-Solidworks-6.ubulk" 4410
"D:/Wide_field_unreal_project/WideField_UnrealEditor/Content/blender_ref/WideFieldTest_-_V3/StaticMeshes/CF125-Solidworks-6.uasset" 4411
"D:/Wide_field_unreal_project/WideField_UnrealEditor/Content/blender_ref/WideFieldTest_-_V3/StaticMeshes/CF125-Solidworks-6.uexp" 4412
"D:/Wide_field_unreal_project/WideField_UnrealEditor/Content/blender_ref/WideFieldTest_-_V3/StaticMeshes/CF125-Solidworks-7.ubulk" 4413
"D:/Wide_field_unreal_project/WideField_UnrealEditor/Content/blender_ref/WideFieldTest_-_V3/StaticMeshes/CF125-Solidworks-7.uasset" 4414
"D:/Wide_field_unreal_project/WideField_UnrealEditor/Content/blender_ref/WideFieldTest_-_V3/StaticMeshes/CF125-Solidworks-7.uexp" 4415
"D:/Wide_field_unreal_project/WideField_UnrealEditor/Content/blender_ref/WideFieldTest_-_V3/StaticMeshes/CF125-Solidworks-8.ubulk" 4416
"D:/Wide_field_unreal_project/WideField_UnrealEditor/Content/blender_ref/WideFieldTest_-_V3/StaticMeshes/CF125-Solidworks-8.uasset" 4417
"D:/Wide_field_unreal_project/WideField_UnrealEditor/Content/blender_ref/WideFieldTest_-_V3/StaticMeshes/CF125-Solidworks-8.uexp" 4418
"D:/Wide_field_unreal_project/WideField_UnrealEditor/Content/blender_ref/WideFieldTest_-_V3/StaticMeshes/CF125-Solidworks-9.ubulk" 4419
"D:/Wide_field_unreal_project/WideField_UnrealEditor/Content/blender_ref/WideFieldTest_-_V3/StaticMeshes/CF125-Solidworks-9.uasset" 4420
"D:/Wide_field_unreal_project/WideField_UnrealEditor/Content/blender_ref/WideFieldTest_-_V3/StaticMeshes/CF125-Solidworks-9.uexp" 4421
"D:/Wide_field_unreal_project/WideField_UnrealEditor/Content/blender_ref/WideFieldTest_-_V3/Materials/defaultplastic_166.uasset" 4422
"D:/Wide_field_unreal_project/WideField_UnrealEditor/Content/blender_ref/WideFieldTest_-_V3/Materials/defaultplastic_166.uexp" 4423
"D:/Wide_field_unreal_project/WideField_UnrealEditor/Content/blender_ref/WideFieldTest_-_V3/Materials/defaultplastic_167.uasset" 4424
"D:/Wide_field_unreal_project/WideField_UnrealEditor/Content/blender_ref/WideFieldTest_-_V3/Materials/defaultplastic_167.uexp" 4425
"D:/Wide_field_unreal_project/WideField_UnrealEditor/Content/blender_ref/WideFieldTest_-_V3/Materials/defaultplastic_168.uasset" 4426
"D:/Wide_field_unreal_project/WideField_UnrealEditor/Content/blender_ref/WideFieldTest_-_V3/Materials/defaultplastic_168.uexp" 4427
"D:/Wide_field_unreal_project/WideField_UnrealEditor/Content/blender_ref/WideFieldTest_-_V3/Materials/defaultplastic_169.uasset" 4428
"D:/Wide_field_unreal_project/WideField_UnrealEditor/Content/blender_ref/WideFieldTest_-_V3/Materials/defaultplastic_169.uexp" 4429
"D:/Wide_field_unreal_project/WideField_UnrealEditor/Content/blender_ref/WideFieldTest_-_V3/Materials/mattealuminum_053.uasset" 4430
"D:/Wide_field_unreal_project/WideField_UnrealEditor/Content/blender_ref/WideFieldTest_-_V3/Materials/mattealuminum_053.uexp" 4431
"D:/Wide_field_unreal_project/WideField_UnrealEditor/Content/blender_ref/WideFieldTest_-_V3/Materials/mattealuminum_054.uasset" 4432
"D:/Wide_field_unreal_project/WideField_UnrealEditor/Content/blender_ref/WideFieldTest_-_V3/Materials/mattealuminum_054.uexp" 4433
"D:/Wide_field_unreal_project/WideField_UnrealEditor/Content/blender_ref/WideFieldTest_-_V3/Materials/mattesteel_010.uasset" 4434
"D:/Wide_field_unreal_project/WideField_UnrealEditor/Content/blender_ref/WideFieldTest_-_V3/Materials/mattesteel_010.uexp" 4435
"D:/Wide_field_unreal_project/WideField_UnrealEditor/Content/blender_ref/WideFieldTest_-_V3/Textures/Image_35.ubulk" 4436
"D:/Wide_field_unreal_project/WideField_UnrealEditor/Content/blender_ref/WideFieldTest_-_V3/Textures/Image_35.uasset" 4437
"D:/Wide_field_unreal_project/WideField_UnrealEditor/Content/blender_ref/WideFieldTest_-_V3/Textures/Image_35.uexp" 4438
"D:/Wide_field_unreal_project/WideField_UnrealEditor/Content/blender_ref/WideFieldTest_-_V3/Materials/screwthread_077.uasset" 4439
"D:/Wide_field_unreal_project/WideField_UnrealEditor/Content/blender_ref/WideFieldTest_-_V3/Materials/screwthread_077.uexp" 4440
"D:/Wide_field_unreal_project/WideField_UnrealEditor/Content/blender_ref/WideFieldTest_-_V3/Textures/Image_34.ubulk" 4441
"D:/Wide_field_unreal_project/WideField_UnrealEditor/Content/blender_ref/WideFieldTest_-_V3/Textures/Image_34.uasset" 4442
"D:/Wide_field_unreal_project/WideField_UnrealEditor/Content/blender_ref/WideFieldTest_-_V3/Textures/Image_34.uexp" 4443
"D:/Wide_field_unreal_project/WideField_UnrealEditor/Content/blender_ref/WideFieldTest_-_V3/Materials/screwthread_078.uasset" 4444
"D:/Wide_field_unreal_project/WideField_UnrealEditor/Content/blender_ref/WideFieldTest_-_V3/Materials/screwthread_078.uexp" 4445
"D:/Wide_field_unreal_project/WideField_UnrealEditor/Content/blender_ref/WideFieldTest_-_V3/StaticMeshes/CP20D-Solidworks-1_001.ubulk" 4446
"D:/Wide_field_unreal_project/WideField_UnrealEditor/Content/blender_ref/WideFieldTest_-_V3/StaticMeshes/CP20D-Solidworks-1_001.uasset" 4447
"D:/Wide_field_unreal_project/WideField_UnrealEditor/Content/blender_ref/WideFieldTest_-_V3/StaticMeshes/CP20D-Solidworks-1_001.uexp" 4448
"D:/Wide_field_unreal_project/WideField_UnrealEditor/Content/blender_ref/WideFieldTest_-_V3/Materials/defaultplastic_026.uasset" 4449
"D:/Wide_field_unreal_project/WideField_UnrealEditor/Content/blender_ref/WideFieldTest_-_V3/Materials/defaultplastic_026.uexp" 4450
"D:/Wide_field_unreal_project/WideField_UnrealEditor/Content/blender_ref/WideFieldTest_-_V3/Materials/defaultplastic_027.uasset" 4451
"D:/Wide_field_unreal_project/WideField_UnrealEditor/Content/blender_ref/WideFieldTest_-_V3/Materials/defaultplastic_027.uexp" 4452
"D:/Wide_field_unreal_project/WideField_UnrealEditor/Content/blender_ref/WideFieldTest_-_V3/Materials/defaultplastic_028.uasset" 4453
"D:/Wide_field_unreal_project/WideField_UnrealEditor/Content/blender_ref/WideFieldTest_-_V3/Materials/defaultplastic_028.uexp" 4454
"D:/Wide_field_unreal_project/WideField_UnrealEditor/Content/blender_ref/WideFieldTest_-_V3/Materials/defaultplastic_029.uasset" 4455
"D:/Wide_field_unreal_project/WideField_UnrealEditor/Content/blender_ref/WideFieldTest_-_V3/Materials/defaultplastic_029.uexp" 4456
"D:/Wide_field_unreal_project/WideField_UnrealEditor/Content/blender_ref/WideFieldTest_-_V3/Materials/mattealuminum_008.uasset" 4457
"D:/Wide_field_unreal_project/WideField_UnrealEditor/Content/blender_ref/WideFieldTest_-_V3/Materials/mattealuminum_008.uexp" 4458
"D:/Wide_field_unreal_project/WideField_UnrealEditor/Content/blender_ref/WideFieldTest_-_V3/Materials/mattealuminum_010.uasset" 4459
"D:/Wide_field_unreal_project/WideField_UnrealEditor/Content/blender_ref/WideFieldTest_-_V3/Materials/mattealuminum_010.uexp" 4460
"D:/Wide_field_unreal_project/WideField_UnrealEditor/Content/blender_ref/WideFieldTest_-_V3/Materials/mattesteel_012.uasset" 4461
"D:/Wide_field_unreal_project/WideField_UnrealEditor/Content/blender_ref/WideFieldTest_-_V3/Materials/mattesteel_012.uexp" 4462
"D:/Wide_field_unreal_project/WideField_UnrealEditor/Content/blender_ref/WideFieldTest_-_V3/Textures/Image_341.ubulk" 4463
"D:/Wide_field_unreal_project/WideField_UnrealEditor/Content/blender_ref/WideFieldTest_-_V3/Textures/Image_341.uasset" 4464
"D:/Wide_field_unreal_project/WideField_UnrealEditor/Content/blender_ref/WideFieldTest_-_V3/Textures/Image_341.uexp" 4465
"D:/Wide_field_unreal_project/WideField_UnrealEditor/Content/blender_ref/WideFieldTest_-_V3/Materials/screwthread_007.uasset" 4466
"D:/Wide_field_unreal_project/WideField_UnrealEditor/Content/blender_ref/WideFieldTest_-_V3/Materials/screwthread_007.uexp" 4467
"D:/Wide_field_unreal_project/WideField_UnrealEditor/Content/blender_ref/WideFieldTest_-_V3/Textures/Image_351.ubulk" 4468
"D:/Wide_field_unreal_project/WideField_UnrealEditor/Content/blender_ref/WideFieldTest_-_V3/Textures/Image_351.uasset" 4469
"D:/Wide_field_unreal_project/WideField_UnrealEditor/Content/blender_ref/WideFieldTest_-_V3/Textures/Image_351.uexp" 4470
"D:/Wide_field_unreal_project/WideField_UnrealEditor/Content/blender_ref/WideFieldTest_-_V3/Materials/screwthread_012.uasset" 4471
"D:/Wide_field_unreal_project/WideField_UnrealEditor/Content/blender_ref/WideFieldTest_-_V3/Materials/screwthread_012.uexp" 4472
"D:/Wide_field_unreal_project/WideField_UnrealEditor/Content/blender_ref/WideFieldTest_-_V3/StaticMeshes/CP20D-Solidworks-1_002.ubulk" 4473
"D:/Wide_field_unreal_project/WideField_UnrealEditor/Content/blender_ref/WideFieldTest_-_V3/StaticMeshes/CP20D-Solidworks-1_002.uasset" 4474
"D:/Wide_field_unreal_project/WideField_UnrealEditor/Content/blender_ref/WideFieldTest_-_V3/StaticMeshes/CP20D-Solidworks-1_002.uexp" 4475
"D:/Wide_field_unreal_project/WideField_UnrealEditor/Content/blender_ref/WideFieldTest_-_V3/Materials/defaultplastic_153.uasset" 4476
"D:/Wide_field_unreal_project/WideField_UnrealEditor/Content/blender_ref/WideFieldTest_-_V3/Materials/defaultplastic_153.uexp" 4477
"D:/Wide_field_unreal_project/WideField_UnrealEditor/Content/blender_ref/WideFieldTest_-_V3/Materials/defaultplastic_154.uasset" 4478
"D:/Wide_field_unreal_project/WideField_UnrealEditor/Content/blender_ref/WideFieldTest_-_V3/Materials/defaultplastic_154.uexp" 4479
"D:/Wide_field_unreal_project/WideField_UnrealEditor/Content/blender_ref/WideFieldTest_-_V3/Materials/mattealuminum_045.uasset" 4480
"D:/Wide_field_unreal_project/WideField_UnrealEditor/Content/blender_ref/WideFieldTest_-_V3/Materials/mattealuminum_045.uexp" 4481
"D:/Wide_field_unreal_project/WideField_UnrealEditor/Content/blender_ref/WideFieldTest_-_V3/Materials/mattealuminum_046.uasset" 4482
"D:/Wide_field_unreal_project/WideField_UnrealEditor/Content/blender_ref/WideFieldTest_-_V3/Materials/mattealuminum_046.uexp" 4483
"D:/Wide_field_unreal_project/WideField_UnrealEditor/Content/blender_ref/WideFieldTest_-_V3/Materials/mattealuminum_047.uasset" 4484
"D:/Wide_field_unreal_project/WideField_UnrealEditor/Content/blender_ref/WideFieldTest_-_V3/Materials/mattealuminum_047.uexp" 4485
"D:/Wide_field_unreal_project/WideField_UnrealEditor/Content/blender_ref/WideFieldTest_-_V3/Textures/Image_40.ubulk" 4486
"D:/Wide_field_unreal_project/WideField_UnrealEditor/Content/blender_ref/WideFieldTest_-_V3/Textures/Image_40.uasset" 4487
"D:/Wide_field_unreal_project/WideField_UnrealEditor/Content/blender_ref/WideFieldTest_-_V3/Textures/Image_40.uexp" 4488
"D:/Wide_field_unreal_project/WideField_UnrealEditor/Content/blender_ref/WideFieldTest_-_V3/Materials/screwthread_070.uasset" 4489
"D:/Wide_field_unreal_project/WideField_UnrealEditor/Content/blender_ref/WideFieldTest_-_V3/Materials/screwthread_070.uexp" 4490
"D:/Wide_field_unreal_project/WideField_UnrealEditor/Content/blender_ref/WideFieldTest_-_V3/Textures/Image_39.ubulk" 4491
"D:/Wide_field_unreal_project/WideField_UnrealEditor/Content/blender_ref/WideFieldTest_-_V3/Textures/Image_39.uasset" 4492
"D:/Wide_field_unreal_project/WideField_UnrealEditor/Content/blender_ref/WideFieldTest_-_V3/Textures/Image_39.uexp" 4493
"D:/Wide_field_unreal_project/WideField_UnrealEditor/Content/blender_ref/WideFieldTest_-_V3/Materials/screwthread_071.uasset" 4494
"D:/Wide_field_unreal_project/WideField_UnrealEditor/Content/blender_ref/WideFieldTest_-_V3/Materials/screwthread_071.uexp" 4495
"D:/Wide_field_unreal_project/WideField_UnrealEditor/Content/blender_ref/WideFieldTest_-_V3/Textures/Image_38.ubulk" 4496
"D:/Wide_field_unreal_project/WideField_UnrealEditor/Content/blender_ref/WideFieldTest_-_V3/Textures/Image_38.uasset" 4497
"D:/Wide_field_unreal_project/WideField_UnrealEditor/Content/blender_ref/WideFieldTest_-_V3/Textures/Image_38.uexp" 4498
"D:/Wide_field_unreal_project/WideField_UnrealEditor/Content/blender_ref/WideFieldTest_-_V3/Materials/screwthread_072.uasset" 4499
"D:/Wide_field_unreal_project/WideField_UnrealEditor/Content/blender_ref/WideFieldTest_-_V3/Materials/screwthread_072.uexp" 4500
"D:/Wide_field_unreal_project/WideField_UnrealEditor/Content/blender_ref/WideFieldTest_-_V3/Materials/texture_068.uasset" 4501
"D:/Wide_field_unreal_project/WideField_UnrealEditor/Content/blender_ref/WideFieldTest_-_V3/Materials/texture_068.uexp" 4502
"D:/Wide_field_unreal_project/WideField_UnrealEditor/Content/blender_ref/WideFieldTest_-_V3/StaticMeshes/CP33-Solidworks-3_001.ubulk" 4503
"D:/Wide_field_unreal_project/WideField_UnrealEditor/Content/blender_ref/WideFieldTest_-_V3/StaticMeshes/CP33-Solidworks-3_001.uasset" 4504
"D:/Wide_field_unreal_project/WideField_UnrealEditor/Content/blender_ref/WideFieldTest_-_V3/StaticMeshes/CP33-Solidworks-3_001.uexp" 4505
"D:/Wide_field_unreal_project/WideField_UnrealEditor/Content/blender_ref/WideFieldTest_-_V3/Materials/defaultplastic_178.uasset" 4506
"D:/Wide_field_unreal_project/WideField_UnrealEditor/Content/blender_ref/WideFieldTest_-_V3/Materials/defaultplastic_178.uexp" 4507
"D:/Wide_field_unreal_project/WideField_UnrealEditor/Content/blender_ref/WideFieldTest_-_V3/Materials/defaultplastic_179.uasset" 4508
"D:/Wide_field_unreal_project/WideField_UnrealEditor/Content/blender_ref/WideFieldTest_-_V3/Materials/defaultplastic_179.uexp" 4509
"D:/Wide_field_unreal_project/WideField_UnrealEditor/Content/blender_ref/WideFieldTest_-_V3/Materials/mattealuminum_056.uasset" 4510
"D:/Wide_field_unreal_project/WideField_UnrealEditor/Content/blender_ref/WideFieldTest_-_V3/Materials/mattealuminum_056.uexp" 4511
"D:/Wide_field_unreal_project/WideField_UnrealEditor/Content/blender_ref/WideFieldTest_-_V3/Materials/mattealuminum_057.uasset" 4512
"D:/Wide_field_unreal_project/WideField_UnrealEditor/Content/blender_ref/WideFieldTest_-_V3/Materials/mattealuminum_057.uexp" 4513
"D:/Wide_field_unreal_project/WideField_UnrealEditor/Content/blender_ref/WideFieldTest_-_V3/Materials/mattealuminum_058.uasset" 4514
"D:/Wide_field_unreal_project/WideField_UnrealEditor/Content/blender_ref/WideFieldTest_-_V3/Materials/mattealuminum_058.uexp" 4515
"D:/Wide_field_unreal_project/WideField_UnrealEditor/Content/blender_ref/WideFieldTest_-_V3/Textures/Image_381.ubulk" 4516
"D:/Wide_field_unreal_project/WideField_UnrealEditor/Content/blender_ref/WideFieldTest_-_V3/Textures/Image_381.uasset" 4517
"D:/Wide_field_unreal_project/WideField_UnrealEditor/Content/blender_ref/WideFieldTest_-_V3/Textures/Image_381.uexp" 4518
"D:/Wide_field_unreal_project/WideField_UnrealEditor/Content/blender_ref/WideFieldTest_-_V3/Materials/screwthread_082.uasset" 4519
"D:/Wide_field_unreal_project/WideField_UnrealEditor/Content/blender_ref/WideFieldTest_-_V3/Materials/screwthread_082.uexp" 4520
"D:/Wide_field_unreal_project/WideField_UnrealEditor/Content/blender_ref/WideFieldTest_-_V3/Textures/Image_391.ubulk" 4521
"D:/Wide_field_unreal_project/WideField_UnrealEditor/Content/blender_ref/WideFieldTest_-_V3/Textures/Image_391.uasset" 4522
"D:/Wide_field_unreal_project/WideField_UnrealEditor/Content/blender_ref/WideFieldTest_-_V3/Textures/Image_391.uexp" 4523
"D:/Wide_field_unreal_project/WideField_UnrealEditor/Content/blender_ref/WideFieldTest_-_V3/Materials/screwthread_083.uasset" 4524
"D:/Wide_field_unreal_project/WideField_UnrealEditor/Content/blender_ref/WideFieldTest_-_V3/Materials/screwthread_083.uexp" 4525
"D:/Wide_field_unreal_project/WideField_UnrealEditor/Content/blender_ref/WideFieldTest_-_V3/Textures/Image_401.ubulk" 4526
"D:/Wide_field_unreal_project/WideField_UnrealEditor/Content/blender_ref/WideFieldTest_-_V3/Textures/Image_401.uasset" 4527
"D:/Wide_field_unreal_project/WideField_UnrealEditor/Content/blender_ref/WideFieldTest_-_V3/Textures/Image_401.uexp" 4528
"D:/Wide_field_unreal_project/WideField_UnrealEditor/Content/blender_ref/WideFieldTest_-_V3/Materials/screwthread_084.uasset" 4529
"D:/Wide_field_unreal_project/WideField_UnrealEditor/Content/blender_ref/WideFieldTest_-_V3/Materials/screwthread_084.uexp" 4530
"D:/Wide_field_unreal_project/WideField_UnrealEditor/Content/blender_ref/WideFieldTest_-_V3/Materials/texture_075.uasset" 4531
"D:/Wide_field_unreal_project/WideField_UnrealEditor/Content/blender_ref/WideFieldTest_-_V3/Materials/texture_075.uexp" 4532
"D:/Wide_field_unreal_project/WideField_UnrealEditor/Content/blender_ref/WideFieldTest_-_V3/StaticMeshes/CP33-Solidworks-3_002.ubulk" 4533
"D:/Wide_field_unreal_project/WideField_UnrealEditor/Content/blender_ref/WideFieldTest_-_V3/StaticMeshes/CP33-Solidworks-3_002.uasset" 4534
"D:/Wide_field_unreal_project/WideField_UnrealEditor/Content/blender_ref/WideFieldTest_-_V3/StaticMeshes/CP33-Solidworks-3_002.uexp" 4535
"D:/Wide_field_unreal_project/WideField_UnrealEditor/Content/blender_ref/WideFieldTest_-_V3/Materials/SteelPlainCarbon_003.uasset" 4536
"D:/Wide_field_unreal_project/WideField_UnrealEditor/Content/blender_ref/WideFieldTest_-_V3/Materials/SteelPlainCarbon_003.uexp" 4537
"D:/Wide_field_unreal_project/WideField_UnrealEditor/Content/blender_ref/WideFieldTest_-_V3/StaticMeshes/ER1-Solidworks__1_-1.ubulk" 4538
"D:/Wide_field_unreal_project/WideField_UnrealEditor/Content/blender_ref/WideFieldTest_-_V3/StaticMeshes/ER1-Solidworks__1_-1.uasset" 4539
"D:/Wide_field_unreal_project/WideField_UnrealEditor/Content/blender_ref/WideFieldTest_-_V3/StaticMeshes/ER1-Solidworks__1_-1.uexp" 4540
"D:/Wide_field_unreal_project/WideField_UnrealEditor/Content/blender_ref/WideFieldTest_-_V3/StaticMeshes/ER1-Solidworks__1_-2.ubulk" 4541
"D:/Wide_field_unreal_project/WideField_UnrealEditor/Content/blender_ref/WideFieldTest_-_V3/StaticMeshes/ER1-Solidworks__1_-2.uasset" 4542
"D:/Wide_field_unreal_project/WideField_UnrealEditor/Content/blender_ref/WideFieldTest_-_V3/StaticMeshes/ER1-Solidworks__1_-2.uexp" 4543
"D:/Wide_field_unreal_project/WideField_UnrealEditor/Content/blender_ref/WideFieldTest_-_V3/StaticMeshes/ER1-Solidworks__1_-3.ubulk" 4544
"D:/Wide_field_unreal_project/WideField_UnrealEditor/Content/blender_ref/WideFieldTest_-_V3/StaticMeshes/ER1-Solidworks__1_-3.uasset" 4545
"D:/Wide_field_unreal_project/WideField_UnrealEditor/Content/blender_ref/WideFieldTest_-_V3/StaticMeshes/ER1-Solidworks__1_-3.uexp" 4546
"D:/Wide_field_unreal_project/WideField_UnrealEditor/Content/blender_ref/WideFieldTest_-_V3/StaticMeshes/ER1-Solidworks__1_-4.ubulk" 4547
"D:/Wide_field_unreal_project/WideField_UnrealEditor/Content/blender_ref/WideFieldTest_-_V3/StaticMeshes/ER1-Solidworks__1_-4.uasset" 4548
"D:/Wide_field_unreal_project/WideField_UnrealEditor/Content/blender_ref/WideFieldTest_-_V3/StaticMeshes/ER1-Solidworks__1_-4.uexp" 4549
"D:/Wide_field_unreal_project/WideField_UnrealEditor/Content/blender_ref/WideFieldTest_-_V3/Materials/mattealuminum_022.uasset" 4550
"D:/Wide_field_unreal_project/WideField_UnrealEditor/Content/blender_ref/WideFieldTest_-_V3/Materials/mattealuminum_022.uexp" 4551
"D:/Wide_field_unreal_project/WideField_UnrealEditor/Content/blender_ref/WideFieldTest_-_V3/Textures/thread123456789101112131415.ubulk" 4552
"D:/Wide_field_unreal_project/WideField_UnrealEditor/Content/blender_ref/WideFieldTest_-_V3/Textures/thread123456789101112131415.uasset" 4553
"D:/Wide_field_unreal_project/WideField_UnrealEditor/Content/blender_ref/WideFieldTest_-_V3/Textures/thread123456789101112131415.uexp" 4554
"D:/Wide_field_unreal_project/WideField_UnrealEditor/Content/blender_ref/WideFieldTest_-_V3/Materials/screwthread_036.uasset" 4555
"D:/Wide_field_unreal_project/WideField_UnrealEditor/Content/blender_ref/WideFieldTest_-_V3/Materials/screwthread_036.uexp" 4556
"D:/Wide_field_unreal_project/WideField_UnrealEditor/Content/blender_ref/WideFieldTest_-_V3/StaticMeshes/ER2-Solidworks-1.ubulk" 4557
"D:/Wide_field_unreal_project/WideField_UnrealEditor/Content/blender_ref/WideFieldTest_-_V3/StaticMeshes/ER2-Solidworks-1.uasset" 4558
"D:/Wide_field_unreal_project/WideField_UnrealEditor/Content/blender_ref/WideFieldTest_-_V3/StaticMeshes/ER2-Solidworks-1.uexp" 4559
"D:/Wide_field_unreal_project/WideField_UnrealEditor/Content/blender_ref/WideFieldTest_-_V3/StaticMeshes/ER2-Solidworks-2.ubulk" 4560
"D:/Wide_field_unreal_project/WideField_UnrealEditor/Content/blender_ref/WideFieldTest_-_V3/StaticMeshes/ER2-Solidworks-2.uasset" 4561
"D:/Wide_field_unreal_project/WideField_UnrealEditor/Content/blender_ref/WideFieldTest_-_V3/StaticMeshes/ER2-Solidworks-2.uexp" 4562
"D:/Wide_field_unreal_project/WideField_UnrealEditor/Content/blender_ref/WideFieldTest_-_V3/StaticMeshes/ER2-Solidworks-3.ubulk" 4563
"D:/Wide_field_unreal_project/WideField_UnrealEditor/Content/blender_ref/WideFieldTest_-_V3/StaticMeshes/ER2-Solidworks-3.uasset" 4564
"D:/Wide_field_unreal_project/WideField_UnrealEditor/Content/blender_ref/WideFieldTest_-_V3/StaticMeshes/ER2-Solidworks-3.uexp" 4565
"D:/Wide_field_unreal_project/WideField_UnrealEditor/Content/blender_ref/WideFieldTest_-_V3/Materials/defaultplastic_155.uasset" 4566
"D:/Wide_field_unreal_project/WideField_UnrealEditor/Content/blender_ref/WideFieldTest_-_V3/Materials/defaultplastic_155.uexp" 4567
"D:/Wide_field_unreal_project/WideField_UnrealEditor/Content/blender_ref/WideFieldTest_-_V3/Materials/mattealuminum_048.uasset" 4568
"D:/Wide_field_unreal_project/WideField_UnrealEditor/Content/blender_ref/WideFieldTest_-_V3/Materials/mattealuminum_048.uexp" 4569
"D:/Wide_field_unreal_project/WideField_UnrealEditor/Content/blender_ref/WideFieldTest_-_V3/Textures/thread12345678910111213141516171819202122232425262728293031323334353637383940414243444546.ubulk" 4570
"D:/Wide_field_unreal_project/WideField_UnrealEditor/Content/blender_ref/WideFieldTest_-_V3/Textures/thread12345678910111213141516171819202122232425262728293031323334353637383940414243444546.uasset" 4571
"D:/Wide_field_unreal_project/WideField_UnrealEditor/Content/blender_ref/WideFieldTest_-_V3/Textures/thread12345678910111213141516171819202122232425262728293031323334353637383940414243444546.uexp" 4572
"D:/Wide_field_unreal_project/WideField_UnrealEditor/Content/blender_ref/WideFieldTest_-_V3/Materials/screwthread_073.uasset" 4573
"D:/Wide_field_unreal_project/WideField_UnrealEditor/Content/blender_ref/WideFieldTest_-_V3/Materials/screwthread_073.uexp" 4574
"D:/Wide_field_unreal_project/WideField_UnrealEditor/Content/blender_ref/WideFieldTest_-_V3/StaticMeshes/ER2-Solidworks-3_005.ubulk" 4575
"D:/Wide_field_unreal_project/WideField_UnrealEditor/Content/blender_ref/WideFieldTest_-_V3/StaticMeshes/ER2-Solidworks-3_005.uasset" 4576
"D:/Wide_field_unreal_project/WideField_UnrealEditor/Content/blender_ref/WideFieldTest_-_V3/StaticMeshes/ER2-Solidworks-3_005.uexp" 4577
"D:/Wide_field_unreal_project/WideField_UnrealEditor/Content/blender_ref/WideFieldTest_-_V3/Materials/defaultplastic_156.uasset" 4578
"D:/Wide_field_unreal_project/WideField_UnrealEditor/Content/blender_ref/WideFieldTest_-_V3/Materials/defaultplastic_156.uexp" 4579
"D:/Wide_field_unreal_project/WideField_UnrealEditor/Content/blender_ref/WideFieldTest_-_V3/Materials/mattealuminum_049.uasset" 4580
"D:/Wide_field_unreal_project/WideField_UnrealEditor/Content/blender_ref/WideFieldTest_-_V3/Materials/mattealuminum_049.uexp" 4581
"D:/Wide_field_unreal_project/WideField_UnrealEditor/Content/blender_ref/WideFieldTest_-_V3/Textures/thread1234567891011121314151617181920212223242526272829303132333435363738394041424344454647.ubulk" 4582
"D:/Wide_field_unreal_project/WideField_UnrealEditor/Content/blender_ref/WideFieldTest_-_V3/Textures/thread1234567891011121314151617181920212223242526272829303132333435363738394041424344454647.uasset" 4583
"D:/Wide_field_unreal_project/WideField_UnrealEditor/Content/blender_ref/WideFieldTest_-_V3/Textures/thread1234567891011121314151617181920212223242526272829303132333435363738394041424344454647.uexp" 4584
"D:/Wide_field_unreal_project/WideField_UnrealEditor/Content/blender_ref/WideFieldTest_-_V3/Materials/screwthread_074.uasset" 4585
"D:/Wide_field_unreal_project/WideField_UnrealEditor/Content/blender_ref/WideFieldTest_-_V3/Materials/screwthread_074.uexp" 4586
"D:/Wide_field_unreal_project/WideField_UnrealEditor/Content/blender_ref/WideFieldTest_-_V3/StaticMeshes/ER2-Solidworks-3_006.ubulk" 4587
"D:/Wide_field_unreal_project/WideField_UnrealEditor/Content/blender_ref/WideFieldTest_-_V3/StaticMeshes/ER2-Solidworks-3_006.uasset" 4588
"D:/Wide_field_unreal_project/WideField_UnrealEditor/Content/blender_ref/WideFieldTest_-_V3/StaticMeshes/ER2-Solidworks-3_006.uexp" 4589
"D:/Wide_field_unreal_project/WideField_UnrealEditor/Content/blender_ref/WideFieldTest_-_V3/Materials/defaultplastic_157.uasset" 4590
"D:/Wide_field_unreal_project/WideField_UnrealEditor/Content/blender_ref/WideFieldTest_-_V3/Materials/defaultplastic_157.uexp" 4591
"D:/Wide_field_unreal_project/WideField_UnrealEditor/Content/blender_ref/WideFieldTest_-_V3/Materials/mattealuminum_050.uasset" 4592
"D:/Wide_field_unreal_project/WideField_UnrealEditor/Content/blender_ref/WideFieldTest_-_V3/Materials/mattealuminum_050.uexp" 4593
"D:/Wide_field_unreal_project/WideField_UnrealEditor/Content/blender_ref/WideFieldTest_-_V3/Textures/thread123456789101112131415161718192021222324252627282930313233343536373839404142434445464748.ubulk" 4594
"D:/Wide_field_unreal_project/WideField_UnrealEditor/Content/blender_ref/WideFieldTest_-_V3/Textures/thread123456789101112131415161718192021222324252627282930313233343536373839404142434445464748.uasset" 4595
"D:/Wide_field_unreal_project/WideField_UnrealEditor/Content/blender_ref/WideFieldTest_-_V3/Textures/thread123456789101112131415161718192021222324252627282930313233343536373839404142434445464748.uexp" 4596
"D:/Wide_field_unreal_project/WideField_UnrealEditor/Content/blender_ref/WideFieldTest_-_V3/Materials/screwthread_075.uasset" 4597
"D:/Wide_field_unreal_project/WideField_UnrealEditor/Content/blender_ref/WideFieldTest_-_V3/Materials/screwthread_075.uexp" 4598
"D:/Wide_field_unreal_project/WideField_UnrealEditor/Content/blender_ref/WideFieldTest_-_V3/StaticMeshes/ER2-Solidworks-3_007.ubulk" 4599
"D:/Wide_field_unreal_project/WideField_UnrealEditor/Content/blender_ref/WideFieldTest_-_V3/StaticMeshes/ER2-Solidworks-3_007.uasset" 4600
"D:/Wide_field_unreal_project/WideField_UnrealEditor/Content/blender_ref/WideFieldTest_-_V3/StaticMeshes/ER2-Solidworks-3_007.uexp" 4601
"D:/Wide_field_unreal_project/WideField_UnrealEditor/Content/blender_ref/WideFieldTest_-_V3/Materials/defaultplastic_158.uasset" 4602
"D:/Wide_field_unreal_project/WideField_UnrealEditor/Content/blender_ref/WideFieldTest_-_V3/Materials/defaultplastic_158.uexp" 4603
"D:/Wide_field_unreal_project/WideField_UnrealEditor/Content/blender_ref/WideFieldTest_-_V3/Materials/mattealuminum_051.uasset" 4604
"D:/Wide_field_unreal_project/WideField_UnrealEditor/Content/blender_ref/WideFieldTest_-_V3/Materials/mattealuminum_051.uexp" 4605
"D:/Wide_field_unreal_project/WideField_UnrealEditor/Content/blender_ref/WideFieldTest_-_V3/Textures/thread12345678910111213141516171819202122232425262728293031323334353637383940414243444546474849.ubulk" 4606
"D:/Wide_field_unreal_project/WideField_UnrealEditor/Content/blender_ref/WideFieldTest_-_V3/Textures/thread12345678910111213141516171819202122232425262728293031323334353637383940414243444546474849.uasset" 4607
"D:/Wide_field_unreal_project/WideField_UnrealEditor/Content/blender_ref/WideFieldTest_-_V3/Textures/thread12345678910111213141516171819202122232425262728293031323334353637383940414243444546474849.uexp" 4608
"D:/Wide_field_unreal_project/WideField_UnrealEditor/Content/blender_ref/WideFieldTest_-_V3/Materials/screwthread_076.uasset" 4609
"D:/Wide_field_unreal_project/WideField_UnrealEditor/Content/blender_ref/WideFieldTest_-_V3/Materials/screwthread_076.uexp" 4610
"D:/Wide_field_unreal_project/WideField_UnrealEditor/Content/blender_ref/WideFieldTest_-_V3/StaticMeshes/ER2-Solidworks-3_008.ubulk" 4611
"D:/Wide_field_unreal_project/WideField_UnrealEditor/Content/blender_ref/WideFieldTest_-_V3/StaticMeshes/ER2-Solidworks-3_008.uasset" 4612
"D:/Wide_field_unreal_project/WideField_UnrealEditor/Content/blender_ref/WideFieldTest_-_V3/StaticMeshes/ER2-Solidworks-3_008.uexp" 4613
"D:/Wide_field_unreal_project/WideField_UnrealEditor/Content/blender_ref/WideFieldTest_-_V3/StaticMeshes/ER2-Solidworks-4.ubulk" 4614
"D:/Wide_field_unreal_project/WideField_UnrealEditor/Content/blender_ref/WideFieldTest_-_V3/StaticMeshes/ER2-Solidworks-4.uasset" 4615
"D:/Wide_field_unreal_project/WideField_UnrealEditor/Content/blender_ref/WideFieldTest_-_V3/StaticMeshes/ER2-Solidworks-4.uexp" 4616
"D:/Wide_field_unreal_project/WideField_UnrealEditor/Content/blender_ref/WideFieldTest_-_V3/Materials/defaultplastic_159.uasset" 4617
"D:/Wide_field_unreal_project/WideField_UnrealEditor/Content/blender_ref/WideFieldTest_-_V3/Materials/defaultplastic_159.uexp" 4618
"D:/Wide_field_unreal_project/WideField_UnrealEditor/Content/blender_ref/WideFieldTest_-_V3/Materials/Material_83_006.uasset" 4619
"D:/Wide_field_unreal_project/WideField_UnrealEditor/Content/blender_ref/WideFieldTest_-_V3/Materials/Material_83_006.uexp" 4620
"D:/Wide_field_unreal_project/WideField_UnrealEditor/Content/blender_ref/WideFieldTest_-_V3/Materials/SteelPlainCarbon_008.uasset" 4621
"D:/Wide_field_unreal_project/WideField_UnrealEditor/Content/blender_ref/WideFieldTest_-_V3/Materials/SteelPlainCarbon_008.uexp" 4622
"D:/Wide_field_unreal_project/WideField_UnrealEditor/Content/blender_ref/WideFieldTest_-_V3/StaticMeshes/ER6-Solidworks-1_005.ubulk" 4623
"D:/Wide_field_unreal_project/WideField_UnrealEditor/Content/blender_ref/WideFieldTest_-_V3/StaticMeshes/ER6-Solidworks-1_005.uasset" 4624
"D:/Wide_field_unreal_project/WideField_UnrealEditor/Content/blender_ref/WideFieldTest_-_V3/StaticMeshes/ER6-Solidworks-1_005.uexp" 4625
"D:/Wide_field_unreal_project/WideField_UnrealEditor/Content/blender_ref/WideFieldTest_-_V3/Materials/defaultplastic_160.uasset" 4626
"D:/Wide_field_unreal_project/WideField_UnrealEditor/Content/blender_ref/WideFieldTest_-_V3/Materials/defaultplastic_160.uexp" 4627
"D:/Wide_field_unreal_project/WideField_UnrealEditor/Content/blender_ref/WideFieldTest_-_V3/Materials/Material_83_007.uasset" 4628
"D:/Wide_field_unreal_project/WideField_UnrealEditor/Content/blender_ref/WideFieldTest_-_V3/Materials/Material_83_007.uexp" 4629
"D:/Wide_field_unreal_project/WideField_UnrealEditor/Content/blender_ref/WideFieldTest_-_V3/Materials/SteelPlainCarbon_009.uasset" 4630
"D:/Wide_field_unreal_project/WideField_UnrealEditor/Content/blender_ref/WideFieldTest_-_V3/Materials/SteelPlainCarbon_009.uexp" 4631
"D:/Wide_field_unreal_project/WideField_UnrealEditor/Content/blender_ref/WideFieldTest_-_V3/StaticMeshes/ER6-Solidworks-1_006.ubulk" 4632
"D:/Wide_field_unreal_project/WideField_UnrealEditor/Content/blender_ref/WideFieldTest_-_V3/StaticMeshes/ER6-Solidworks-1_006.uasset" 4633
"D:/Wide_field_unreal_project/WideField_UnrealEditor/Content/blender_ref/WideFieldTest_-_V3/StaticMeshes/ER6-Solidworks-1_006.uexp" 4634
"D:/Wide_field_unreal_project/WideField_UnrealEditor/Content/blender_ref/WideFieldTest_-_V3/Materials/defaultplastic_161.uasset" 4635
"D:/Wide_field_unreal_project/WideField_UnrealEditor/Content/blender_ref/WideFieldTest_-_V3/Materials/defaultplastic_161.uexp" 4636
"D:/Wide_field_unreal_project/WideField_UnrealEditor/Content/blender_ref/WideFieldTest_-_V3/Materials/Material_83_008.uasset" 4637
"D:/Wide_field_unreal_project/WideField_UnrealEditor/Content/blender_ref/WideFieldTest_-_V3/Materials/Material_83_008.uexp" 4638
"D:/Wide_field_unreal_project/WideField_UnrealEditor/Content/blender_ref/WideFieldTest_-_V3/Materials/SteelPlainCarbon_010.uasset" 4639
"D:/Wide_field_unreal_project/WideField_UnrealEditor/Content/blender_ref/WideFieldTest_-_V3/Materials/SteelPlainCarbon_010.uexp" 4640
"D:/Wide_field_unreal_project/WideField_UnrealEditor/Content/blender_ref/WideFieldTest_-_V3/StaticMeshes/ER6-Solidworks-1_007.ubulk" 4641
"D:/Wide_field_unreal_project/WideField_UnrealEditor/Content/blender_ref/WideFieldTest_-_V3/StaticMeshes/ER6-Solidworks-1_007.uasset" 4642
"D:/Wide_field_unreal_project/WideField_UnrealEditor/Content/blender_ref/WideFieldTest_-_V3/StaticMeshes/ER6-Solidworks-1_007.uexp" 4643
"D:/Wide_field_unreal_project/WideField_UnrealEditor/Content/blender_ref/WideFieldTest_-_V3/Materials/defaultplastic_162.uasset" 4644
"D:/Wide_field_unreal_project/WideField_UnrealEditor/Content/blender_ref/WideFieldTest_-_V3/Materials/defaultplastic_162.uexp" 4645
"D:/Wide_field_unreal_project/WideField_UnrealEditor/Content/blender_ref/WideFieldTest_-_V3/Materials/Material_83_009.uasset" 4646
"D:/Wide_field_unreal_project/WideField_UnrealEditor/Content/blender_ref/WideFieldTest_-_V3/Materials/Material_83_009.uexp" 4647
"D:/Wide_field_unreal_project/WideField_UnrealEditor/Content/blender_ref/WideFieldTest_-_V3/Materials/SteelPlainCarbon_011.uasset" 4648
"D:/Wide_field_unreal_project/WideField_UnrealEditor/Content/blender_ref/WideFieldTest_-_V3/Materials/SteelPlainCarbon_011.uexp" 4649
"D:/Wide_field_unreal_project/WideField_UnrealEditor/Content/blender_ref/WideFieldTest_-_V3/StaticMeshes/ER6-Solidworks-1_008.ubulk" 4650
"D:/Wide_field_unreal_project/WideField_UnrealEditor/Content/blender_ref/WideFieldTest_-_V3/StaticMeshes/ER6-Solidworks-1_008.uasset" 4651
"D:/Wide_field_unreal_project/WideField_UnrealEditor/Content/blender_ref/WideFieldTest_-_V3/StaticMeshes/ER6-Solidworks-1_008.uexp" 4652
"D:/Wide_field_unreal_project/WideField_UnrealEditor/Content/blender_ref/WideFieldTest_-_V3/StaticMeshes/ER6-Solidworks-2.ubulk" 4653
"D:/Wide_field_unreal_project/WideField_UnrealEditor/Content/blender_ref/WideFieldTest_-_V3/StaticMeshes/ER6-Solidworks-2.uasset" 4654
"D:/Wide_field_unreal_project/WideField_UnrealEditor/Content/blender_ref/WideFieldTest_-_V3/StaticMeshes/ER6-Solidworks-2.uexp" 4655
"D:/Wide_field_unreal_project/WideField_UnrealEditor/Content/blender_ref/WideFieldTest_-_V3/StaticMeshes/ER6-Solidworks-3.ubulk" 4656
"D:/Wide_field_unreal_project/WideField_UnrealEditor/Content/blender_ref/WideFieldTest_-_V3/StaticMeshes/ER6-Solidworks-3.uasset" 4657
"D:/Wide_field_unreal_project/WideField_UnrealEditor/Content/blender_ref/WideFieldTest_-_V3/StaticMeshes/ER6-Solidworks-3.uexp" 4658
"D:/Wide_field_unreal_project/WideField_UnrealEditor/Content/blender_ref/WideFieldTest_-_V3/StaticMeshes/ER6-Solidworks-4.ubulk" 4659
"D:/Wide_field_unreal_project/WideField_UnrealEditor/Content/blender_ref/WideFieldTest_-_V3/StaticMeshes/ER6-Solidworks-4.uasset" 4660
"D:/Wide_field_unreal_project/WideField_UnrealEditor/Content/blender_ref/WideFieldTest_-_V3/StaticMeshes/ER6-Solidworks-4.uexp" 4661
"D:/Wide_field_unreal_project/WideField_UnrealEditor/Content/blender_ref/WideFieldTest_-_V3/Materials/defaultplastic_090.uasset" 4662
"D:/Wide_field_unreal_project/WideField_UnrealEditor/Content/blender_ref/WideFieldTest_-_V3/Materials/defaultplastic_090.uexp" 4663
"D:/Wide_field_unreal_project/WideField_UnrealEditor/Content/blender_ref/WideFieldTest_-_V3/Materials/Material_108_001.uasset" 4664
"D:/Wide_field_unreal_project/WideField_UnrealEditor/Content/blender_ref/WideFieldTest_-_V3/Materials/Material_108_001.uexp" 4665
"D:/Wide_field_unreal_project/WideField_UnrealEditor/Content/blender_ref/WideFieldTest_-_V3/Materials/Material_109_001.uasset" 4666
"D:/Wide_field_unreal_project/WideField_UnrealEditor/Content/blender_ref/WideFieldTest_-_V3/Materials/Material_109_001.uexp" 4667
"D:/Wide_field_unreal_project/WideField_UnrealEditor/Content/blender_ref/WideFieldTest_-_V3/StaticMeshes/hamamatsu_holder3-1.ubulk" 4668
"D:/Wide_field_unreal_project/WideField_UnrealEditor/Content/blender_ref/WideFieldTest_-_V3/StaticMeshes/hamamatsu_holder3-1.uasset" 4669
"D:/Wide_field_unreal_project/WideField_UnrealEditor/Content/blender_ref/WideFieldTest_-_V3/StaticMeshes/hamamatsu_holder3-1.uexp" 4670
"D:/Wide_field_unreal_project/WideField_UnrealEditor/Content/blender_ref/WideFieldTest_-_V3/Materials/defaultplastic_059.uasset" 4671
"D:/Wide_field_unreal_project/WideField_UnrealEditor/Content/blender_ref/WideFieldTest_-_V3/Materials/defaultplastic_059.uexp" 4672
"D:/Wide_field_unreal_project/WideField_UnrealEditor/Content/blender_ref/WideFieldTest_-_V3/Materials/defaultplastic_057.uasset" 4673
"D:/Wide_field_unreal_project/WideField_UnrealEditor/Content/blender_ref/WideFieldTest_-_V3/Materials/defaultplastic_057.uexp" 4674
"D:/Wide_field_unreal_project/WideField_UnrealEditor/Content/blender_ref/WideFieldTest_-_V3/Materials/defaultplastic_058.uasset" 4675
"D:/Wide_field_unreal_project/WideField_UnrealEditor/Content/blender_ref/WideFieldTest_-_V3/Materials/defaultplastic_058.uexp" 4676
"D:/Wide_field_unreal_project/WideField_UnrealEditor/Content/blender_ref/WideFieldTest_-_V3/Materials/defaultplastic_061.uasset" 4677
"D:/Wide_field_unreal_project/WideField_UnrealEditor/Content/blender_ref/WideFieldTest_-_V3/Materials/defaultplastic_061.uexp" 4678
"D:/Wide_field_unreal_project/WideField_UnrealEditor/Content/blender_ref/WideFieldTest_-_V3/Materials/defaultplastic_062.uasset" 4679
"D:/Wide_field_unreal_project/WideField_UnrealEditor/Content/blender_ref/WideFieldTest_-_V3/Materials/defaultplastic_062.uexp" 4680
"D:/Wide_field_unreal_project/WideField_UnrealEditor/Content/blender_ref/WideFieldTest_-_V3/Materials/defaultplastic_063.uasset" 4681
"D:/Wide_field_unreal_project/WideField_UnrealEditor/Content/blender_ref/WideFieldTest_-_V3/Materials/defaultplastic_063.uexp" 4682
"D:/Wide_field_unreal_project/WideField_UnrealEditor/Content/blender_ref/WideFieldTest_-_V3/Materials/mattealuminum_015.uasset" 4683
"D:/Wide_field_unreal_project/WideField_UnrealEditor/Content/blender_ref/WideFieldTest_-_V3/Materials/mattealuminum_015.uexp" 4684
"D:/Wide_field_unreal_project/WideField_UnrealEditor/Content/blender_ref/WideFieldTest_-_V3/Materials/mattealuminum_016.uasset" 4685
"D:/Wide_field_unreal_project/WideField_UnrealEditor/Content/blender_ref/WideFieldTest_-_V3/Materials/mattealuminum_016.uexp" 4686
"D:/Wide_field_unreal_project/WideField_UnrealEditor/Content/blender_ref/WideFieldTest_-_V3/Materials/mattealuminum_017.uasset" 4687
"D:/Wide_field_unreal_project/WideField_UnrealEditor/Content/blender_ref/WideFieldTest_-_V3/Materials/mattealuminum_017.uexp" 4688
"D:/Wide_field_unreal_project/WideField_UnrealEditor/Content/blender_ref/WideFieldTest_-_V3/Materials/mattealuminum_018.uasset" 4689
"D:/Wide_field_unreal_project/WideField_UnrealEditor/Content/blender_ref/WideFieldTest_-_V3/Materials/mattealuminum_018.uexp" 4690
"D:/Wide_field_unreal_project/WideField_UnrealEditor/Content/blender_ref/WideFieldTest_-_V3/Materials/mattesteel_003.uasset" 4691
"D:/Wide_field_unreal_project/WideField_UnrealEditor/Content/blender_ref/WideFieldTest_-_V3/Materials/mattesteel_003.uexp" 4692
"D:/Wide_field_unreal_project/WideField_UnrealEditor/Content/blender_ref/WideFieldTest_-_V3/Materials/polishedbrass_001.uasset" 4693
"D:/Wide_field_unreal_project/WideField_UnrealEditor/Content/blender_ref/WideFieldTest_-_V3/Materials/polishedbrass_001.uexp" 4694
"D:/Wide_field_unreal_project/WideField_UnrealEditor/Content/blender_ref/WideFieldTest_-_V3/Textures/thread1234567891011.ubulk" 4695
"D:/Wide_field_unreal_project/WideField_UnrealEditor/Content/blender_ref/WideFieldTest_-_V3/Textures/thread1234567891011.uasset" 4696
"D:/Wide_field_unreal_project/WideField_UnrealEditor/Content/blender_ref/WideFieldTest_-_V3/Textures/thread1234567891011.uexp" 4697
"D:/Wide_field_unreal_project/WideField_UnrealEditor/Content/blender_ref/WideFieldTest_-_V3/Materials/screwthread_027.uasset" 4698
"D:/Wide_field_unreal_project/WideField_UnrealEditor/Content/blender_ref/WideFieldTest_-_V3/Materials/screwthread_027.uexp" 4699
"D:/Wide_field_unreal_project/WideField_UnrealEditor/Content/blender_ref/WideFieldTest_-_V3/Textures/thread1234567891011121314151617181920212223242526272829.ubulk" 4700
"D:/Wide_field_unreal_project/WideField_UnrealEditor/Content/blender_ref/WideFieldTest_-_V3/Textures/thread1234567891011121314151617181920212223242526272829.uasset" 4701
"D:/Wide_field_unreal_project/WideField_UnrealEditor/Content/blender_ref/WideFieldTest_-_V3/Textures/thread1234567891011121314151617181920212223242526272829.uexp" 4702
"D:/Wide_field_unreal_project/WideField_UnrealEditor/Content/blender_ref/WideFieldTest_-_V3/Materials/screwthread_028.uasset" 4703
"D:/Wide_field_unreal_project/WideField_UnrealEditor/Content/blender_ref/WideFieldTest_-_V3/Materials/screwthread_028.uexp" 4704
"D:/Wide_field_unreal_project/WideField_UnrealEditor/Content/blender_ref/WideFieldTest_-_V3/Textures/thread12345678910111213141516171819202122232425262728293031323334353637.ubulk" 4705
"D:/Wide_field_unreal_project/WideField_UnrealEditor/Content/blender_ref/WideFieldTest_-_V3/Textures/thread12345678910111213141516171819202122232425262728293031323334353637.uasset" 4706
"D:/Wide_field_unreal_project/WideField_UnrealEditor/Content/blender_ref/WideFieldTest_-_V3/Textures/thread12345678910111213141516171819202122232425262728293031323334353637.uexp" 4707
"D:/Wide_field_unreal_project/WideField_UnrealEditor/Content/blender_ref/WideFieldTest_-_V3/Materials/screwthread_029.uasset" 4708
"D:/Wide_field_unreal_project/WideField_UnrealEditor/Content/blender_ref/WideFieldTest_-_V3/Materials/screwthread_029.uexp" 4709
"D:/Wide_field_unreal_project/WideField_UnrealEditor/Content/blender_ref/WideFieldTest_-_V3/Textures/thread123456789101112131415161718192021222324252627282930313233343536373839404142434445.ubulk" 4710
"D:/Wide_field_unreal_project/WideField_UnrealEditor/Content/blender_ref/WideFieldTest_-_V3/Textures/thread123456789101112131415161718192021222324252627282930313233343536373839404142434445.uasset" 4711
"D:/Wide_field_unreal_project/WideField_UnrealEditor/Content/blender_ref/WideFieldTest_-_V3/Textures/thread123456789101112131415161718192021222324252627282930313233343536373839404142434445.uexp" 4712
"D:/Wide_field_unreal_project/WideField_UnrealEditor/Content/blender_ref/WideFieldTest_-_V3/Materials/screwthread_030.uasset" 4713
"D:/Wide_field_unreal_project/WideField_UnrealEditor/Content/blender_ref/WideFieldTest_-_V3/Materials/screwthread_030.uexp" 4714
"D:/Wide_field_unreal_project/WideField_UnrealEditor/Content/blender_ref/WideFieldTest_-_V3/Textures/thread12345678910111213141516171819202122.ubulk" 4715
"D:/Wide_field_unreal_project/WideField_UnrealEditor/Content/blender_ref/WideFieldTest_-_V3/Textures/thread12345678910111213141516171819202122.uasset" 4716
"D:/Wide_field_unreal_project/WideField_UnrealEditor/Content/blender_ref/WideFieldTest_-_V3/Textures/thread12345678910111213141516171819202122.uexp" 4717
"D:/Wide_field_unreal_project/WideField_UnrealEditor/Content/blender_ref/WideFieldTest_-_V3/Materials/texture_030.uasset" 4718
"D:/Wide_field_unreal_project/WideField_UnrealEditor/Content/blender_ref/WideFieldTest_-_V3/Materials/texture_030.uexp" 4719
"D:/Wide_field_unreal_project/WideField_UnrealEditor/Content/blender_ref/WideFieldTest_-_V3/Materials/texture_031.uasset" 4720
"D:/Wide_field_unreal_project/WideField_UnrealEditor/Content/blender_ref/WideFieldTest_-_V3/Materials/texture_031.uexp" 4721
"D:/Wide_field_unreal_project/WideField_UnrealEditor/Content/blender_ref/WideFieldTest_-_V3/Materials/texture_032.uasset" 4722
"D:/Wide_field_unreal_project/WideField_UnrealEditor/Content/blender_ref/WideFieldTest_-_V3/Materials/texture_032.uexp" 4723
"D:/Wide_field_unreal_project/WideField_UnrealEditor/Content/blender_ref/WideFieldTest_-_V3/Materials/texture_033.uasset" 4724
"D:/Wide_field_unreal_project/WideField_UnrealEditor/Content/blender_ref/WideFieldTest_-_V3/Materials/texture_033.uexp" 4725
"D:/Wide_field_unreal_project/WideField_UnrealEditor/Content/blender_ref/WideFieldTest_-_V3/Materials/texture_034.uasset" 4726
"D:/Wide_field_unreal_project/WideField_UnrealEditor/Content/blender_ref/WideFieldTest_-_V3/Materials/texture_034.uexp" 4727
"D:/Wide_field_unreal_project/WideField_UnrealEditor/Content/blender_ref/WideFieldTest_-_V3/Materials/texture_035.uasset" 4728
"D:/Wide_field_unreal_project/WideField_UnrealEditor/Content/blender_ref/WideFieldTest_-_V3/Materials/texture_035.uexp" 4729
"D:/Wide_field_unreal_project/WideField_UnrealEditor/Content/blender_ref/WideFieldTest_-_V3/Materials/texture_036.uasset" 4730
"D:/Wide_field_unreal_project/WideField_UnrealEditor/Content/blender_ref/WideFieldTest_-_V3/Materials/texture_036.uexp" 4731
"D:/Wide_field_unreal_project/WideField_UnrealEditor/Content/blender_ref/WideFieldTest_-_V3/Textures/thread1234567891011121314151617181920212223242526272829303132333435363738394041424344454647484950.ubulk" 4732
"D:/Wide_field_unreal_project/WideField_UnrealEditor/Content/blender_ref/WideFieldTest_-_V3/Textures/thread1234567891011121314151617181920212223242526272829303132333435363738394041424344454647484950.uasset" 4733
"D:/Wide_field_unreal_project/WideField_UnrealEditor/Content/blender_ref/WideFieldTest_-_V3/Textures/thread1234567891011121314151617181920212223242526272829303132333435363738394041424344454647484950.uexp" 4734
"D:/Wide_field_unreal_project/WideField_UnrealEditor/Content/blender_ref/WideFieldTest_-_V3/Materials/texture_037.uasset" 4735
"D:/Wide_field_unreal_project/WideField_UnrealEditor/Content/blender_ref/WideFieldTest_-_V3/Materials/texture_037.uexp" 4736
"D:/Wide_field_unreal_project/WideField_UnrealEditor/Content/blender_ref/WideFieldTest_-_V3/StaticMeshes/KCB1C-Solidworks-1.ubulk" 4737
"D:/Wide_field_unreal_project/WideField_UnrealEditor/Content/blender_ref/WideFieldTest_-_V3/StaticMeshes/KCB1C-Solidworks-1.uasset" 4738
"D:/Wide_field_unreal_project/WideField_UnrealEditor/Content/blender_ref/WideFieldTest_-_V3/StaticMeshes/KCB1C-Solidworks-1.uexp" 4739
"D:/Wide_field_unreal_project/WideField_UnrealEditor/Content/blender_ref/WideFieldTest_-_V3/StaticMeshes/KCB1C-Solidworks-2.ubulk" 4740
"D:/Wide_field_unreal_project/WideField_UnrealEditor/Content/blender_ref/WideFieldTest_-_V3/StaticMeshes/KCB1C-Solidworks-2.uasset" 4741
"D:/Wide_field_unreal_project/WideField_UnrealEditor/Content/blender_ref/WideFieldTest_-_V3/StaticMeshes/KCB1C-Solidworks-2.uexp" 4742
"D:/Wide_field_unreal_project/WideField_UnrealEditor/Content/blender_ref/WideFieldTest_-_V3/Materials/defaultplastic_039.uasset" 4743
"D:/Wide_field_unreal_project/WideField_UnrealEditor/Content/blender_ref/WideFieldTest_-_V3/Materials/defaultplastic_039.uexp" 4744
"D:/Wide_field_unreal_project/WideField_UnrealEditor/Content/blender_ref/WideFieldTest_-_V3/Materials/Material_11_001.uasset" 4745
"D:/Wide_field_unreal_project/WideField_UnrealEditor/Content/blender_ref/WideFieldTest_-_V3/Materials/Material_11_001.uexp" 4746
"D:/Wide_field_unreal_project/WideField_UnrealEditor/Content/blender_ref/WideFieldTest_-_V3/Materials/Material_12_001.uasset" 4747
"D:/Wide_field_unreal_project/WideField_UnrealEditor/Content/blender_ref/WideFieldTest_-_V3/Materials/Material_12_001.uexp" 4748
"D:/Wide_field_unreal_project/WideField_UnrealEditor/Content/blender_ref/WideFieldTest_-_V3/StaticMeshes/L_Bracket_LS50-1_002.ubulk" 4749
"D:/Wide_field_unreal_project/WideField_UnrealEditor/Content/blender_ref/WideFieldTest_-_V3/StaticMeshes/L_Bracket_LS50-1_002.uasset" 4750
"D:/Wide_field_unreal_project/WideField_UnrealEditor/Content/blender_ref/WideFieldTest_-_V3/StaticMeshes/L_Bracket_LS50-1_002.uexp" 4751
"D:/Wide_field_unreal_project/WideField_UnrealEditor/Content/blender_ref/WideFieldTest_-_V3/Materials/defaultplastic_069.uasset" 4752
"D:/Wide_field_unreal_project/WideField_UnrealEditor/Content/blender_ref/WideFieldTest_-_V3/Materials/defaultplastic_069.uexp" 4753
"D:/Wide_field_unreal_project/WideField_UnrealEditor/Content/blender_ref/WideFieldTest_-_V3/Materials/defaultplastic_089.uasset" 4754
"D:/Wide_field_unreal_project/WideField_UnrealEditor/Content/blender_ref/WideFieldTest_-_V3/Materials/defaultplastic_089.uexp" 4755
"D:/Wide_field_unreal_project/WideField_UnrealEditor/Content/blender_ref/WideFieldTest_-_V3/Materials/texture_051.uasset" 4756
"D:/Wide_field_unreal_project/WideField_UnrealEditor/Content/blender_ref/WideFieldTest_-_V3/Materials/texture_051.uexp" 4757
"D:/Wide_field_unreal_project/WideField_UnrealEditor/Content/blender_ref/WideFieldTest_-_V3/StaticMeshes/LCP33-Solidworks-1.ubulk" 4758
"D:/Wide_field_unreal_project/WideField_UnrealEditor/Content/blender_ref/WideFieldTest_-_V3/StaticMeshes/LCP33-Solidworks-1.uasset" 4759
"D:/Wide_field_unreal_project/WideField_UnrealEditor/Content/blender_ref/WideFieldTest_-_V3/StaticMeshes/LCP33-Solidworks-1.uexp" 4760
"D:/Wide_field_unreal_project/WideField_UnrealEditor/Content/blender_ref/WideFieldTest_-_V3/StaticMeshes/LCP33-Solidworks-2.ubulk" 4761
"D:/Wide_field_unreal_project/WideField_UnrealEditor/Content/blender_ref/WideFieldTest_-_V3/StaticMeshes/LCP33-Solidworks-2.uasset" 4762
"D:/Wide_field_unreal_project/WideField_UnrealEditor/Content/blender_ref/WideFieldTest_-_V3/StaticMeshes/LCP33-Solidworks-2.uexp" 4763
"D:/Wide_field_unreal_project/WideField_UnrealEditor/Content/blender_ref/WideFieldTest_-_V3/Materials/defaultplastic_076.uasset" 4764
"D:/Wide_field_unreal_project/WideField_UnrealEditor/Content/blender_ref/WideFieldTest_-_V3/Materials/defaultplastic_076.uexp" 4765
"D:/Wide_field_unreal_project/WideField_UnrealEditor/Content/blender_ref/WideFieldTest_-_V3/Materials/defaultplastic_087.uasset" 4766
"D:/Wide_field_unreal_project/WideField_UnrealEditor/Content/blender_ref/WideFieldTest_-_V3/Materials/defaultplastic_087.uexp" 4767
"D:/Wide_field_unreal_project/WideField_UnrealEditor/Content/blender_ref/WideFieldTest_-_V3/Materials/defaultplastic_088.uasset" 4768
"D:/Wide_field_unreal_project/WideField_UnrealEditor/Content/blender_ref/WideFieldTest_-_V3/Materials/defaultplastic_088.uexp" 4769
"D:/Wide_field_unreal_project/WideField_UnrealEditor/Content/blender_ref/WideFieldTest_-_V3/Materials/mattealuminum_024.uasset" 4770
"D:/Wide_field_unreal_project/WideField_UnrealEditor/Content/blender_ref/WideFieldTest_-_V3/Materials/mattealuminum_024.uexp" 4771
"D:/Wide_field_unreal_project/WideField_UnrealEditor/Content/blender_ref/WideFieldTest_-_V3/Textures/thread12345678910111213141516171819.ubulk" 4772
"D:/Wide_field_unreal_project/WideField_UnrealEditor/Content/blender_ref/WideFieldTest_-_V3/Textures/thread12345678910111213141516171819.uasset" 4773
"D:/Wide_field_unreal_project/WideField_UnrealEditor/Content/blender_ref/WideFieldTest_-_V3/Textures/thread12345678910111213141516171819.uexp" 4774
"D:/Wide_field_unreal_project/WideField_UnrealEditor/Content/blender_ref/WideFieldTest_-_V3/Materials/screwthread_040.uasset" 4775
"D:/Wide_field_unreal_project/WideField_UnrealEditor/Content/blender_ref/WideFieldTest_-_V3/Materials/screwthread_040.uexp" 4776
"D:/Wide_field_unreal_project/WideField_UnrealEditor/Content/blender_ref/WideFieldTest_-_V3/Textures/thread1234567891011121314151617181920.ubulk" 4777
"D:/Wide_field_unreal_project/WideField_UnrealEditor/Content/blender_ref/WideFieldTest_-_V3/Textures/thread1234567891011121314151617181920.uasset" 4778
"D:/Wide_field_unreal_project/WideField_UnrealEditor/Content/blender_ref/WideFieldTest_-_V3/Textures/thread1234567891011121314151617181920.uexp" 4779
"D:/Wide_field_unreal_project/WideField_UnrealEditor/Content/blender_ref/WideFieldTest_-_V3/Materials/screwthread_041.uasset" 4780
"D:/Wide_field_unreal_project/WideField_UnrealEditor/Content/blender_ref/WideFieldTest_-_V3/Materials/screwthread_041.uexp" 4781
"D:/Wide_field_unreal_project/WideField_UnrealEditor/Content/blender_ref/WideFieldTest_-_V3/StaticMeshes/LCP34-Solidworks-1.ubulk" 4782
"D:/Wide_field_unreal_project/WideField_UnrealEditor/Content/blender_ref/WideFieldTest_-_V3/StaticMeshes/LCP34-Solidworks-1.uasset" 4783
"D:/Wide_field_unreal_project/WideField_UnrealEditor/Content/blender_ref/WideFieldTest_-_V3/StaticMeshes/LCP34-Solidworks-1.uexp" 4784
"D:/Wide_field_unreal_project/WideField_UnrealEditor/Content/blender_ref/WideFieldTest_-_V3/StaticMeshes/LS-50LE_ASSEMBLY_BASE-1.ubulk" 4785
"D:/Wide_field_unreal_project/WideField_UnrealEditor/Content/blender_ref/WideFieldTest_-_V3/StaticMeshes/LS-50LE_ASSEMBLY_BASE-1.uasset" 4786
"D:/Wide_field_unreal_project/WideField_UnrealEditor/Content/blender_ref/WideFieldTest_-_V3/StaticMeshes/LS-50LE_ASSEMBLY_BASE-1.uexp" 4787
"D:/Wide_field_unreal_project/WideField_UnrealEditor/Content/blender_ref/WideFieldTest_-_V3/StaticMeshes/LS-50LE_ASSEMBLY_PLATFORM-1.ubulk" 4788
"D:/Wide_field_unreal_project/WideField_UnrealEditor/Content/blender_ref/WideFieldTest_-_V3/StaticMeshes/LS-50LE_ASSEMBLY_PLATFORM-1.uasset" 4789
"D:/Wide_field_unreal_project/WideField_UnrealEditor/Content/blender_ref/WideFieldTest_-_V3/StaticMeshes/LS-50LE_ASSEMBLY_PLATFORM-1.uexp" 4790
"D:/Wide_field_unreal_project/WideField_UnrealEditor/Content/blender_ref/WideFieldTest_-_V3/StaticMeshes/LS50-cube-adapter-1.ubulk" 4791
"D:/Wide_field_unreal_project/WideField_UnrealEditor/Content/blender_ref/WideFieldTest_-_V3/StaticMeshes/LS50-cube-adapter-1.uasset" 4792
"D:/Wide_field_unreal_project/WideField_UnrealEditor/Content/blender_ref/WideFieldTest_-_V3/StaticMeshes/LS50-cube-adapter-1.uexp" 4793
"D:/Wide_field_unreal_project/WideField_UnrealEditor/Content/blender_ref/WideFieldTest_-_V3/Materials/defaultplastic_119.uasset" 4794
"D:/Wide_field_unreal_project/WideField_UnrealEditor/Content/blender_ref/WideFieldTest_-_V3/Materials/defaultplastic_119.uexp" 4795
"D:/Wide_field_unreal_project/WideField_UnrealEditor/Content/blender_ref/WideFieldTest_-_V3/Materials/defaultplastic_120.uasset" 4796
"D:/Wide_field_unreal_project/WideField_UnrealEditor/Content/blender_ref/WideFieldTest_-_V3/Materials/defaultplastic_120.uexp" 4797
"D:/Wide_field_unreal_project/WideField_UnrealEditor/Content/blender_ref/WideFieldTest_-_V3/Materials/defaultplastic_121.uasset" 4798
"D:/Wide_field_unreal_project/WideField_UnrealEditor/Content/blender_ref/WideFieldTest_-_V3/Materials/defaultplastic_121.uexp" 4799
"D:/Wide_field_unreal_project/WideField_UnrealEditor/Content/blender_ref/WideFieldTest_-_V3/Materials/defaultplastic_122.uasset" 4800
"D:/Wide_field_unreal_project/WideField_UnrealEditor/Content/blender_ref/WideFieldTest_-_V3/Materials/defaultplastic_122.uexp" 4801
"D:/Wide_field_unreal_project/WideField_UnrealEditor/Content/blender_ref/WideFieldTest_-_V3/Materials/defaultplastic_123.uasset" 4802
"D:/Wide_field_unreal_project/WideField_UnrealEditor/Content/blender_ref/WideFieldTest_-_V3/Materials/defaultplastic_123.uexp" 4803
"D:/Wide_field_unreal_project/WideField_UnrealEditor/Content/blender_ref/WideFieldTest_-_V3/Materials/defaultplastic_124.uasset" 4804
"D:/Wide_field_unreal_project/WideField_UnrealEditor/Content/blender_ref/WideFieldTest_-_V3/Materials/defaultplastic_124.uexp" 4805
"D:/Wide_field_unreal_project/WideField_UnrealEditor/Content/blender_ref/WideFieldTest_-_V3/Materials/defaultplastic_125.uasset" 4806
"D:/Wide_field_unreal_project/WideField_UnrealEditor/Content/blender_ref/WideFieldTest_-_V3/Materials/defaultplastic_125.uexp" 4807
"D:/Wide_field_unreal_project/WideField_UnrealEditor/Content/blender_ref/WideFieldTest_-_V3/Materials/defaultplastic_126.uasset" 4808
"D:/Wide_field_unreal_project/WideField_UnrealEditor/Content/blender_ref/WideFieldTest_-_V3/Materials/defaultplastic_126.uexp" 4809
"D:/Wide_field_unreal_project/WideField_UnrealEditor/Content/blender_ref/WideFieldTest_-_V3/Materials/defaultplastic_127.uasset" 4810
"D:/Wide_field_unreal_project/WideField_UnrealEditor/Content/blender_ref/WideFieldTest_-_V3/Materials/defaultplastic_127.uexp" 4811
"D:/Wide_field_unreal_project/WideField_UnrealEditor/Content/blender_ref/WideFieldTest_-_V3/Materials/Material_176_001.uasset" 4812
"D:/Wide_field_unreal_project/WideField_UnrealEditor/Content/blender_ref/WideFieldTest_-_V3/Materials/Material_176_001.uexp" 4813
"D:/Wide_field_unreal_project/WideField_UnrealEditor/Content/blender_ref/WideFieldTest_-_V3/Materials/Material_177_001.uasset" 4814
"D:/Wide_field_unreal_project/WideField_UnrealEditor/Content/blender_ref/WideFieldTest_-_V3/Materials/Material_177_001.uexp" 4815
"D:/Wide_field_unreal_project/WideField_UnrealEditor/Content/blender_ref/WideFieldTest_-_V3/StaticMeshes/M617L5-Solidworks-1_001.ubulk" 4816
"D:/Wide_field_unreal_project/WideField_UnrealEditor/Content/blender_ref/WideFieldTest_-_V3/StaticMeshes/M617L5-Solidworks-1_001.uasset" 4817
"D:/Wide_field_unreal_project/WideField_UnrealEditor/Content/blender_ref/WideFieldTest_-_V3/StaticMeshes/M617L5-Solidworks-1_001.uexp" 4818
"D:/Wide_field_unreal_project/WideField_UnrealEditor/Content/blender_ref/WideFieldTest_-_V3/Materials/defaultplastic_055.uasset" 4819
"D:/Wide_field_unreal_project/WideField_UnrealEditor/Content/blender_ref/WideFieldTest_-_V3/Materials/defaultplastic_055.uexp" 4820
"D:/Wide_field_unreal_project/WideField_UnrealEditor/Content/blender_ref/WideFieldTest_-_V3/Materials/Material_9_001.uasset" 4821
"D:/Wide_field_unreal_project/WideField_UnrealEditor/Content/blender_ref/WideFieldTest_-_V3/Materials/Material_9_001.uexp" 4822
"D:/Wide_field_unreal_project/WideField_UnrealEditor/Content/blender_ref/WideFieldTest_-_V3/Materials/satinfinishaluminum_001.uasset" 4823
"D:/Wide_field_unreal_project/WideField_UnrealEditor/Content/blender_ref/WideFieldTest_-_V3/Materials/satinfinishaluminum_001.uexp" 4824
"D:/Wide_field_unreal_project/WideField_UnrealEditor/Content/blender_ref/WideFieldTest_-_V3/StaticMeshes/MB1218A-Solidworks-1.ubulk" 4825
"D:/Wide_field_unreal_project/WideField_UnrealEditor/Content/blender_ref/WideFieldTest_-_V3/StaticMeshes/MB1218A-Solidworks-1.uasset" 4826
"D:/Wide_field_unreal_project/WideField_UnrealEditor/Content/blender_ref/WideFieldTest_-_V3/StaticMeshes/MB1218A-Solidworks-1.uexp" 4827
"D:/Wide_field_unreal_project/WideField_UnrealEditor/Content/blender_ref/WideFieldTest_-_V3/Materials/mattealuminum_025.uasset" 4828
"D:/Wide_field_unreal_project/WideField_UnrealEditor/Content/blender_ref/WideFieldTest_-_V3/Materials/mattealuminum_025.uexp" 4829
"D:/Wide_field_unreal_project/WideField_UnrealEditor/Content/blender_ref/WideFieldTest_-_V3/StaticMeshes/MB8-Solidworks-1.ubulk" 4830
"D:/Wide_field_unreal_project/WideField_UnrealEditor/Content/blender_ref/WideFieldTest_-_V3/StaticMeshes/MB8-Solidworks-1.uasset" 4831
"D:/Wide_field_unreal_project/WideField_UnrealEditor/Content/blender_ref/WideFieldTest_-_V3/StaticMeshes/MB8-Solidworks-1.uexp" 4832
"D:/Wide_field_unreal_project/WideField_UnrealEditor/Content/blender_ref/WideFieldTest_-_V3/Materials/defaultplastic_056.uasset" 4833
"D:/Wide_field_unreal_project/WideField_UnrealEditor/Content/blender_ref/WideFieldTest_-_V3/Materials/defaultplastic_056.uexp" 4834
"D:/Wide_field_unreal_project/WideField_UnrealEditor/Content/blender_ref/WideFieldTest_-_V3/StaticMeshes/Mirror_MS_LS50_arm_v2-8.ubulk" 4835
"D:/Wide_field_unreal_project/WideField_UnrealEditor/Content/blender_ref/WideFieldTest_-_V3/StaticMeshes/Mirror_MS_LS50_arm_v2-8.uasset" 4836
"D:/Wide_field_unreal_project/WideField_UnrealEditor/Content/blender_ref/WideFieldTest_-_V3/StaticMeshes/Mirror_MS_LS50_arm_v2-8.uexp" 4837
"D:/Wide_field_unreal_project/WideField_UnrealEditor/Content/blender_ref/WideFieldTest_-_V3/StaticMeshes/MS_LS50_arm_v3-3.ubulk" 4838
"D:/Wide_field_unreal_project/WideField_UnrealEditor/Content/blender_ref/WideFieldTest_-_V3/StaticMeshes/MS_LS50_arm_v3-3.uasset" 4839
"D:/Wide_field_unreal_project/WideField_UnrealEditor/Content/blender_ref/WideFieldTest_-_V3/StaticMeshes/MS_LS50_arm_v3-3.uexp" 4840
"D:/Wide_field_unreal_project/WideField_UnrealEditor/Content/blender_ref/WideFieldTest_-_V3/StaticMeshes/Olympus_10x_UPLFLN-2_001.ubulk" 4841
"D:/Wide_field_unreal_project/WideField_UnrealEditor/Content/blender_ref/WideFieldTest_-_V3/StaticMeshes/Olympus_10x_UPLFLN-2_001.uasset" 4842
"D:/Wide_field_unreal_project/WideField_UnrealEditor/Content/blender_ref/WideFieldTest_-_V3/StaticMeshes/Olympus_10x_UPLFLN-2_001.uexp" 4843
"D:/Wide_field_unreal_project/WideField_UnrealEditor/Content/blender_ref/WideFieldTest_-_V3/Materials/mattealuminum_023.uasset" 4844
"D:/Wide_field_unreal_project/WideField_UnrealEditor/Content/blender_ref/WideFieldTest_-_V3/Materials/mattealuminum_023.uexp" 4845
"D:/Wide_field_unreal_project/WideField_UnrealEditor/Content/blender_ref/WideFieldTest_-_V3/Materials/defaultplastic_094.uasset" 4846
"D:/Wide_field_unreal_project/WideField_UnrealEditor/Content/blender_ref/WideFieldTest_-_V3/Materials/defaultplastic_094.uexp" 4847
"D:/Wide_field_unreal_project/WideField_UnrealEditor/Content/blender_ref/WideFieldTest_-_V3/Materials/defaultplastic_095.uasset" 4848
"D:/Wide_field_unreal_project/WideField_UnrealEditor/Content/blender_ref/WideFieldTest_-_V3/Materials/defaultplastic_095.uexp" 4849
"D:/Wide_field_unreal_project/WideField_UnrealEditor/Content/blender_ref/WideFieldTest_-_V3/Materials/polishedcarbonsteel_001.uasset" 4850
"D:/Wide_field_unreal_project/WideField_UnrealEditor/Content/blender_ref/WideFieldTest_-_V3/Materials/polishedcarbonsteel_001.uexp" 4851
"D:/Wide_field_unreal_project/WideField_UnrealEditor/Content/blender_ref/WideFieldTest_-_V3/Materials/satinfinishstainlesssteel_001.uasset" 4852
"D:/Wide_field_unreal_project/WideField_UnrealEditor/Content/blender_ref/WideFieldTest_-_V3/Materials/satinfinishstainlesssteel_001.uexp" 4853
"D:/Wide_field_unreal_project/WideField_UnrealEditor/Content/blender_ref/WideFieldTest_-_V3/Textures/thread12345678910111213141516171819202122232425.ubulk" 4854
"D:/Wide_field_unreal_project/WideField_UnrealEditor/Content/blender_ref/WideFieldTest_-_V3/Textures/thread12345678910111213141516171819202122232425.uasset" 4855
"D:/Wide_field_unreal_project/WideField_UnrealEditor/Content/blender_ref/WideFieldTest_-_V3/Textures/thread12345678910111213141516171819202122232425.uexp" 4856
"D:/Wide_field_unreal_project/WideField_UnrealEditor/Content/blender_ref/WideFieldTest_-_V3/Materials/screwthread_044.uasset" 4857
"D:/Wide_field_unreal_project/WideField_UnrealEditor/Content/blender_ref/WideFieldTest_-_V3/Materials/screwthread_044.uexp" 4858
"D:/Wide_field_unreal_project/WideField_UnrealEditor/Content/blender_ref/WideFieldTest_-_V3/Textures/thread1234567891011121314151617181920212223242526.ubulk" 4859
"D:/Wide_field_unreal_project/WideField_UnrealEditor/Content/blender_ref/WideFieldTest_-_V3/Textures/thread1234567891011121314151617181920212223242526.uasset" 4860
"D:/Wide_field_unreal_project/WideField_UnrealEditor/Content/blender_ref/WideFieldTest_-_V3/Textures/thread1234567891011121314151617181920212223242526.uexp" 4861
"D:/Wide_field_unreal_project/WideField_UnrealEditor/Content/blender_ref/WideFieldTest_-_V3/Materials/screwthread_045.uasset" 4862
"D:/Wide_field_unreal_project/WideField_UnrealEditor/Content/blender_ref/WideFieldTest_-_V3/Materials/screwthread_045.uexp" 4863
"D:/Wide_field_unreal_project/WideField_UnrealEditor/Content/blender_ref/WideFieldTest_-_V3/Materials/texture_054.uasset" 4864
"D:/Wide_field_unreal_project/WideField_UnrealEditor/Content/blender_ref/WideFieldTest_-_V3/Materials/texture_054.uexp" 4865
"D:/Wide_field_unreal_project/WideField_UnrealEditor/Content/blender_ref/WideFieldTest_-_V3/Materials/texture_055.uasset" 4866
"D:/Wide_field_unreal_project/WideField_UnrealEditor/Content/blender_ref/WideFieldTest_-_V3/Materials/texture_055.uexp" 4867
"D:/Wide_field_unreal_project/WideField_UnrealEditor/Content/blender_ref/WideFieldTest_-_V3/Materials/texture_056.uasset" 4868
"D:/Wide_field_unreal_project/WideField_UnrealEditor/Content/blender_ref/WideFieldTest_-_V3/Materials/texture_056.uexp" 4869
"D:/Wide_field_unreal_project/WideField_UnrealEditor/Content/blender_ref/WideFieldTest_-_V3/Materials/texture_057.uasset" 4870
"D:/Wide_field_unreal_project/WideField_UnrealEditor/Content/blender_ref/WideFieldTest_-_V3/Materials/texture_057.uexp" 4871
"D:/Wide_field_unreal_project/WideField_UnrealEditor/Content/blender_ref/WideFieldTest_-_V3/Materials/defaultplastic_093.uasset" 4872
"D:/Wide_field_unreal_project/WideField_UnrealEditor/Content/blender_ref/WideFieldTest_-_V3/Materials/defaultplastic_093.uexp" 4873
"D:/Wide_field_unreal_project/WideField_UnrealEditor/Content/blender_ref/WideFieldTest_-_V3/StaticMeshes/PH1-Solidworks-1.ubulk" 4874
"D:/Wide_field_unreal_project/WideField_UnrealEditor/Content/blender_ref/WideFieldTest_-_V3/StaticMeshes/PH1-Solidworks-1.uasset" 4875
"D:/Wide_field_unreal_project/WideField_UnrealEditor/Content/blender_ref/WideFieldTest_-_V3/StaticMeshes/PH1-Solidworks-1.uexp" 4876
"D:/Wide_field_unreal_project/WideField_UnrealEditor/Content/blender_ref/WideFieldTest_-_V3/StaticMeshes/PH1-Solidworks-2.ubulk" 4877
"D:/Wide_field_unreal_project/WideField_UnrealEditor/Content/blender_ref/WideFieldTest_-_V3/StaticMeshes/PH1-Solidworks-2.uasset" 4878
"D:/Wide_field_unreal_project/WideField_UnrealEditor/Content/blender_ref/WideFieldTest_-_V3/StaticMeshes/PH1-Solidworks-2.uexp" 4879
"D:/Wide_field_unreal_project/WideField_UnrealEditor/Content/blender_ref/WideFieldTest_-_V3/StaticMeshes/PH2-Solidworks-3_001.ubulk" 4880
"D:/Wide_field_unreal_project/WideField_UnrealEditor/Content/blender_ref/WideFieldTest_-_V3/StaticMeshes/PH2-Solidworks-3_001.uasset" 4881
"D:/Wide_field_unreal_project/WideField_UnrealEditor/Content/blender_ref/WideFieldTest_-_V3/StaticMeshes/PH2-Solidworks-3_001.uexp" 4882
"D:/Wide_field_unreal_project/WideField_UnrealEditor/Content/blender_ref/WideFieldTest_-_V3/Materials/defaultplastic_130.uasset" 4883
"D:/Wide_field_unreal_project/WideField_UnrealEditor/Content/blender_ref/WideFieldTest_-_V3/Materials/defaultplastic_130.uexp" 4884
"D:/Wide_field_unreal_project/WideField_UnrealEditor/Content/blender_ref/WideFieldTest_-_V3/Materials/defaultplastic_131.uasset" 4885
"D:/Wide_field_unreal_project/WideField_UnrealEditor/Content/blender_ref/WideFieldTest_-_V3/Materials/defaultplastic_131.uexp" 4886
"D:/Wide_field_unreal_project/WideField_UnrealEditor/Content/blender_ref/WideFieldTest_-_V3/Materials/defaultplastic_132.uasset" 4887
"D:/Wide_field_unreal_project/WideField_UnrealEditor/Content/blender_ref/WideFieldTest_-_V3/Materials/defaultplastic_132.uexp" 4888
"D:/Wide_field_unreal_project/WideField_UnrealEditor/Content/blender_ref/WideFieldTest_-_V3/Materials/defaultplastic_133.uasset" 4889
"D:/Wide_field_unreal_project/WideField_UnrealEditor/Content/blender_ref/WideFieldTest_-_V3/Materials/defaultplastic_133.uexp" 4890
"D:/Wide_field_unreal_project/WideField_UnrealEditor/Content/blender_ref/WideFieldTest_-_V3/Materials/mattealuminum_040.uasset" 4891
"D:/Wide_field_unreal_project/WideField_UnrealEditor/Content/blender_ref/WideFieldTest_-_V3/Materials/mattealuminum_040.uexp" 4892
"D:/Wide_field_unreal_project/WideField_UnrealEditor/Content/blender_ref/WideFieldTest_-_V3/Materials/polishedcarbonsteel_002.uasset" 4893
"D:/Wide_field_unreal_project/WideField_UnrealEditor/Content/blender_ref/WideFieldTest_-_V3/Materials/polishedcarbonsteel_002.uexp" 4894
"D:/Wide_field_unreal_project/WideField_UnrealEditor/Content/blender_ref/WideFieldTest_-_V3/Materials/satinfinishstainlesssteel_002.uasset" 4895
"D:/Wide_field_unreal_project/WideField_UnrealEditor/Content/blender_ref/WideFieldTest_-_V3/Materials/satinfinishstainlesssteel_002.uexp" 4896
"D:/Wide_field_unreal_project/WideField_UnrealEditor/Content/blender_ref/WideFieldTest_-_V3/Textures/thread1234567891011121314151617181920212223242526272829303132.ubulk" 4897
"D:/Wide_field_unreal_project/WideField_UnrealEditor/Content/blender_ref/WideFieldTest_-_V3/Textures/thread1234567891011121314151617181920212223242526272829303132.uasset" 4898
"D:/Wide_field_unreal_project/WideField_UnrealEditor/Content/blender_ref/WideFieldTest_-_V3/Textures/thread1234567891011121314151617181920212223242526272829303132.uexp" 4899
"D:/Wide_field_unreal_project/WideField_UnrealEditor/Content/blender_ref/WideFieldTest_-_V3/Materials/screwthread_059.uasset" 4900
"D:/Wide_field_unreal_project/WideField_UnrealEditor/Content/blender_ref/WideFieldTest_-_V3/Materials/screwthread_059.uexp" 4901
"D:/Wide_field_unreal_project/WideField_UnrealEditor/Content/blender_ref/WideFieldTest_-_V3/Textures/thread123456789101112131415161718192021222324252627282930313233.ubulk" 4902
"D:/Wide_field_unreal_project/WideField_UnrealEditor/Content/blender_ref/WideFieldTest_-_V3/Textures/thread123456789101112131415161718192021222324252627282930313233.uasset" 4903
"D:/Wide_field_unreal_project/WideField_UnrealEditor/Content/blender_ref/WideFieldTest_-_V3/Textures/thread123456789101112131415161718192021222324252627282930313233.uexp" 4904
"D:/Wide_field_unreal_project/WideField_UnrealEditor/Content/blender_ref/WideFieldTest_-_V3/Materials/screwthread_060.uasset" 4905
"D:/Wide_field_unreal_project/WideField_UnrealEditor/Content/blender_ref/WideFieldTest_-_V3/Materials/screwthread_060.uexp" 4906
"D:/Wide_field_unreal_project/WideField_UnrealEditor/Content/blender_ref/WideFieldTest_-_V3/Materials/texture_063.uasset" 4907
"D:/Wide_field_unreal_project/WideField_UnrealEditor/Content/blender_ref/WideFieldTest_-_V3/Materials/texture_063.uexp" 4908
"D:/Wide_field_unreal_project/WideField_UnrealEditor/Content/blender_ref/WideFieldTest_-_V3/Materials/texture_064.uasset" 4909
"D:/Wide_field_unreal_project/WideField_UnrealEditor/Content/blender_ref/WideFieldTest_-_V3/Materials/texture_064.uexp" 4910
"D:/Wide_field_unreal_project/WideField_UnrealEditor/Content/blender_ref/WideFieldTest_-_V3/Materials/texture_065.uasset" 4911
"D:/Wide_field_unreal_project/WideField_UnrealEditor/Content/blender_ref/WideFieldTest_-_V3/Materials/texture_065.uexp" 4912
"D:/Wide_field_unreal_project/WideField_UnrealEditor/Content/blender_ref/WideFieldTest_-_V3/Materials/texture_066.uasset" 4913
"D:/Wide_field_unreal_project/WideField_UnrealEditor/Content/blender_ref/WideFieldTest_-_V3/Materials/texture_066.uexp" 4914
"D:/Wide_field_unreal_project/WideField_UnrealEditor/Content/blender_ref/WideFieldTest_-_V3/StaticMeshes/PH2-Solidworks-3_002.ubulk" 4915
"D:/Wide_field_unreal_project/WideField_UnrealEditor/Content/blender_ref/WideFieldTest_-_V3/StaticMeshes/PH2-Solidworks-3_002.uasset" 4916
"D:/Wide_field_unreal_project/WideField_UnrealEditor/Content/blender_ref/WideFieldTest_-_V3/StaticMeshes/PH2-Solidworks-3_002.uexp" 4917
"D:/Wide_field_unreal_project/WideField_UnrealEditor/Content/blender_ref/WideFieldTest_-_V3/Materials/defaultplastic_172.uasset" 4918
"D:/Wide_field_unreal_project/WideField_UnrealEditor/Content/blender_ref/WideFieldTest_-_V3/Materials/defaultplastic_172.uexp" 4919
"D:/Wide_field_unreal_project/WideField_UnrealEditor/Content/blender_ref/WideFieldTest_-_V3/Materials/defaultplastic_173.uasset" 4920
"D:/Wide_field_unreal_project/WideField_UnrealEditor/Content/blender_ref/WideFieldTest_-_V3/Materials/defaultplastic_173.uexp" 4921
"D:/Wide_field_unreal_project/WideField_UnrealEditor/Content/blender_ref/WideFieldTest_-_V3/Materials/defaultplastic_174.uasset" 4922
"D:/Wide_field_unreal_project/WideField_UnrealEditor/Content/blender_ref/WideFieldTest_-_V3/Materials/defaultplastic_174.uexp" 4923
"D:/Wide_field_unreal_project/WideField_UnrealEditor/Content/blender_ref/WideFieldTest_-_V3/Materials/defaultplastic_175.uasset" 4924
"D:/Wide_field_unreal_project/WideField_UnrealEditor/Content/blender_ref/WideFieldTest_-_V3/Materials/defaultplastic_175.uexp" 4925
"D:/Wide_field_unreal_project/WideField_UnrealEditor/Content/blender_ref/WideFieldTest_-_V3/Materials/mattealuminum_055.uasset" 4926
"D:/Wide_field_unreal_project/WideField_UnrealEditor/Content/blender_ref/WideFieldTest_-_V3/Materials/mattealuminum_055.uexp" 4927
"D:/Wide_field_unreal_project/WideField_UnrealEditor/Content/blender_ref/WideFieldTest_-_V3/Materials/polishedcarbonsteel_003.uasset" 4928
"D:/Wide_field_unreal_project/WideField_UnrealEditor/Content/blender_ref/WideFieldTest_-_V3/Materials/polishedcarbonsteel_003.uexp" 4929
"D:/Wide_field_unreal_project/WideField_UnrealEditor/Content/blender_ref/WideFieldTest_-_V3/Materials/satinfinishstainlesssteel_003.uasset" 4930
"D:/Wide_field_unreal_project/WideField_UnrealEditor/Content/blender_ref/WideFieldTest_-_V3/Materials/satinfinishstainlesssteel_003.uexp" 4931
"D:/Wide_field_unreal_project/WideField_UnrealEditor/Content/blender_ref/WideFieldTest_-_V3/Textures/thread123456789101112131415161718192021222324252627282930313233343536373839.ubulk" 4932
"D:/Wide_field_unreal_project/WideField_UnrealEditor/Content/blender_ref/WideFieldTest_-_V3/Textures/thread123456789101112131415161718192021222324252627282930313233343536373839.uasset" 4933
"D:/Wide_field_unreal_project/WideField_UnrealEditor/Content/blender_ref/WideFieldTest_-_V3/Textures/thread123456789101112131415161718192021222324252627282930313233343536373839.uexp" 4934
"D:/Wide_field_unreal_project/WideField_UnrealEditor/Content/blender_ref/WideFieldTest_-_V3/Materials/screwthread_079.uasset" 4935
"D:/Wide_field_unreal_project/WideField_UnrealEditor/Content/blender_ref/WideFieldTest_-_V3/Materials/screwthread_079.uexp" 4936
"D:/Wide_field_unreal_project/WideField_UnrealEditor/Content/blender_ref/WideFieldTest_-_V3/Textures/thread12345678910111213141516171819202122232425262728293031323334353637383940.ubulk" 4937
"D:/Wide_field_unreal_project/WideField_UnrealEditor/Content/blender_ref/WideFieldTest_-_V3/Textures/thread12345678910111213141516171819202122232425262728293031323334353637383940.uasset" 4938
"D:/Wide_field_unreal_project/WideField_UnrealEditor/Content/blender_ref/WideFieldTest_-_V3/Textures/thread12345678910111213141516171819202122232425262728293031323334353637383940.uexp" 4939
"D:/Wide_field_unreal_project/WideField_UnrealEditor/Content/blender_ref/WideFieldTest_-_V3/Materials/screwthread_080.uasset" 4940
"D:/Wide_field_unreal_project/WideField_UnrealEditor/Content/blender_ref/WideFieldTest_-_V3/Materials/screwthread_080.uexp" 4941
"D:/Wide_field_unreal_project/WideField_UnrealEditor/Content/blender_ref/WideFieldTest_-_V3/Materials/texture_071.uasset" 4942
"D:/Wide_field_unreal_project/WideField_UnrealEditor/Content/blender_ref/WideFieldTest_-_V3/Materials/texture_071.uexp" 4943
"D:/Wide_field_unreal_project/WideField_UnrealEditor/Content/blender_ref/WideFieldTest_-_V3/Materials/texture_072.uasset" 4944
"D:/Wide_field_unreal_project/WideField_UnrealEditor/Content/blender_ref/WideFieldTest_-_V3/Materials/texture_072.uexp" 4945
"D:/Wide_field_unreal_project/WideField_UnrealEditor/Content/blender_ref/WideFieldTest_-_V3/Materials/texture_073.uasset" 4946
"D:/Wide_field_unreal_project/WideField_UnrealEditor/Content/blender_ref/WideFieldTest_-_V3/Materials/texture_073.uexp" 4947
"D:/Wide_field_unreal_project/WideField_UnrealEditor/Content/blender_ref/WideFieldTest_-_V3/Materials/texture_074.uasset" 4948
"D:/Wide_field_unreal_project/WideField_UnrealEditor/Content/blender_ref/WideFieldTest_-_V3/Materials/texture_074.uexp" 4949
"D:/Wide_field_unreal_project/WideField_UnrealEditor/Content/blender_ref/WideFieldTest_-_V3/StaticMeshes/PH2-Solidworks-3_003.ubulk" 4950
"D:/Wide_field_unreal_project/WideField_UnrealEditor/Content/blender_ref/WideFieldTest_-_V3/StaticMeshes/PH2-Solidworks-3_003.uasset" 4951
"D:/Wide_field_unreal_project/WideField_UnrealEditor/Content/blender_ref/WideFieldTest_-_V3/StaticMeshes/PH2-Solidworks-3_003.uexp" 4952
"D:/Wide_field_unreal_project/WideField_UnrealEditor/Content/blender_ref/WideFieldTest_-_V3/Materials/defaultplastic_092.uasset" 4953
"D:/Wide_field_unreal_project/WideField_UnrealEditor/Content/blender_ref/WideFieldTest_-_V3/Materials/defaultplastic_092.uexp" 4954
"D:/Wide_field_unreal_project/WideField_UnrealEditor/Content/blender_ref/WideFieldTest_-_V3/Textures/thread123456789101112131415161718192021222324.ubulk" 4955
"D:/Wide_field_unreal_project/WideField_UnrealEditor/Content/blender_ref/WideFieldTest_-_V3/Textures/thread123456789101112131415161718192021222324.uasset" 4956
"D:/Wide_field_unreal_project/WideField_UnrealEditor/Content/blender_ref/WideFieldTest_-_V3/Textures/thread123456789101112131415161718192021222324.uexp" 4957
"D:/Wide_field_unreal_project/WideField_UnrealEditor/Content/blender_ref/WideFieldTest_-_V3/Materials/texture_053.uasset" 4958
"D:/Wide_field_unreal_project/WideField_UnrealEditor/Content/blender_ref/WideFieldTest_-_V3/Materials/texture_053.uexp" 4959
"D:/Wide_field_unreal_project/WideField_UnrealEditor/Content/blender_ref/WideFieldTest_-_V3/StaticMeshes/RS12-Solidworks-1.ubulk" 4960
"D:/Wide_field_unreal_project/WideField_UnrealEditor/Content/blender_ref/WideFieldTest_-_V3/StaticMeshes/RS12-Solidworks-1.uasset" 4961
"D:/Wide_field_unreal_project/WideField_UnrealEditor/Content/blender_ref/WideFieldTest_-_V3/StaticMeshes/RS12-Solidworks-1.uexp" 4962
"D:/Wide_field_unreal_project/WideField_UnrealEditor/Content/blender_ref/WideFieldTest_-_V3/StaticMeshes/RS12-Solidworks-2.ubulk" 4963
"D:/Wide_field_unreal_project/WideField_UnrealEditor/Content/blender_ref/WideFieldTest_-_V3/StaticMeshes/RS12-Solidworks-2.uasset" 4964
"D:/Wide_field_unreal_project/WideField_UnrealEditor/Content/blender_ref/WideFieldTest_-_V3/StaticMeshes/RS12-Solidworks-2.uexp" 4965
"D:/Wide_field_unreal_project/WideField_UnrealEditor/Content/blender_ref/WideFieldTest_-_V3/Materials/defaultplastic_052.uasset" 4966
"D:/Wide_field_unreal_project/WideField_UnrealEditor/Content/blender_ref/WideFieldTest_-_V3/Materials/defaultplastic_052.uexp" 4967
"D:/Wide_field_unreal_project/WideField_UnrealEditor/Content/blender_ref/WideFieldTest_-_V3/StaticMeshes/RS2-Solidworks__1_-1.ubulk" 4968
"D:/Wide_field_unreal_project/WideField_UnrealEditor/Content/blender_ref/WideFieldTest_-_V3/StaticMeshes/RS2-Solidworks__1_-1.uasset" 4969
"D:/Wide_field_unreal_project/WideField_UnrealEditor/Content/blender_ref/WideFieldTest_-_V3/StaticMeshes/RS2-Solidworks__1_-1.uexp" 4970
"D:/Wide_field_unreal_project/WideField_UnrealEditor/Content/blender_ref/WideFieldTest_-_V3/StaticMeshes/RS2-Solidworks__1_-2.ubulk" 4971
"D:/Wide_field_unreal_project/WideField_UnrealEditor/Content/blender_ref/WideFieldTest_-_V3/StaticMeshes/RS2-Solidworks__1_-2.uasset" 4972
"D:/Wide_field_unreal_project/WideField_UnrealEditor/Content/blender_ref/WideFieldTest_-_V3/StaticMeshes/RS2-Solidworks__1_-2.uexp" 4973
"D:/Wide_field_unreal_project/WideField_UnrealEditor/Content/blender_ref/WideFieldTest_-_V3/StaticMeshes/RS2-Solidworks__1_-3.ubulk" 4974
"D:/Wide_field_unreal_project/WideField_UnrealEditor/Content/blender_ref/WideFieldTest_-_V3/StaticMeshes/RS2-Solidworks__1_-3.uasset" 4975
"D:/Wide_field_unreal_project/WideField_UnrealEditor/Content/blender_ref/WideFieldTest_-_V3/StaticMeshes/RS2-Solidworks__1_-3.uexp" 4976
"D:/Wide_field_unreal_project/WideField_UnrealEditor/Content/blender_ref/WideFieldTest_-_V3/Materials/defaultplastic_001.uasset" 4977
"D:/Wide_field_unreal_project/WideField_UnrealEditor/Content/blender_ref/WideFieldTest_-_V3/Materials/defaultplastic_001.uexp" 4978
"D:/Wide_field_unreal_project/WideField_UnrealEditor/Content/blender_ref/WideFieldTest_-_V3/StaticMeshes/RS2-Solidworks__1_-3_001.ubulk" 4979
"D:/Wide_field_unreal_project/WideField_UnrealEditor/Content/blender_ref/WideFieldTest_-_V3/StaticMeshes/RS2-Solidworks__1_-3_001.uasset" 4980
"D:/Wide_field_unreal_project/WideField_UnrealEditor/Content/blender_ref/WideFieldTest_-_V3/StaticMeshes/RS2-Solidworks__1_-3_001.uexp" 4981
"D:/Wide_field_unreal_project/WideField_UnrealEditor/Content/blender_ref/WideFieldTest_-_V3/StaticMeshes/RS2-Solidworks__1_-6.ubulk" 4982
"D:/Wide_field_unreal_project/WideField_UnrealEditor/Content/blender_ref/WideFieldTest_-_V3/StaticMeshes/RS2-Solidworks__1_-6.uasset" 4983
"D:/Wide_field_unreal_project/WideField_UnrealEditor/Content/blender_ref/WideFieldTest_-_V3/StaticMeshes/RS2-Solidworks__1_-6.uexp" 4984
"D:/Wide_field_unreal_project/WideField_UnrealEditor/Content/blender_ref/WideFieldTest_-_V3/Materials/defaultplastic_171.uasset" 4985
"D:/Wide_field_unreal_project/WideField_UnrealEditor/Content/blender_ref/WideFieldTest_-_V3/Materials/defaultplastic_171.uexp" 4986
"D:/Wide_field_unreal_project/WideField_UnrealEditor/Content/blender_ref/WideFieldTest_-_V3/StaticMeshes/RS2-Solidworks__1_-6_002.ubulk" 4987
"D:/Wide_field_unreal_project/WideField_UnrealEditor/Content/blender_ref/WideFieldTest_-_V3/StaticMeshes/RS2-Solidworks__1_-6_002.uasset" 4988
"D:/Wide_field_unreal_project/WideField_UnrealEditor/Content/blender_ref/WideFieldTest_-_V3/StaticMeshes/RS2-Solidworks__1_-6_002.uexp" 4989
"D:/Wide_field_unreal_project/WideField_UnrealEditor/Content/blender_ref/WideFieldTest_-_V3/StaticMeshes/RS4-Solidworks-10.ubulk" 4990
"D:/Wide_field_unreal_project/WideField_UnrealEditor/Content/blender_ref/WideFieldTest_-_V3/StaticMeshes/RS4-Solidworks-10.uasset" 4991
"D:/Wide_field_unreal_project/WideField_UnrealEditor/Content/blender_ref/WideFieldTest_-_V3/StaticMeshes/RS4-Solidworks-10.uexp" 4992
"D:/Wide_field_unreal_project/WideField_UnrealEditor/Content/blender_ref/WideFieldTest_-_V3/StaticMeshes/RS4-Solidworks-11.ubulk" 4993
"D:/Wide_field_unreal_project/WideField_UnrealEditor/Content/blender_ref/WideFieldTest_-_V3/StaticMeshes/RS4-Solidworks-11.uasset" 4994
"D:/Wide_field_unreal_project/WideField_UnrealEditor/Content/blender_ref/WideFieldTest_-_V3/StaticMeshes/RS4-Solidworks-11.uexp" 4995
"D:/Wide_field_unreal_project/WideField_UnrealEditor/Content/blender_ref/WideFieldTest_-_V3/StaticMeshes/RS4-Solidworks-12.ubulk" 4996
"D:/Wide_field_unreal_project/WideField_UnrealEditor/Content/blender_ref/WideFieldTest_-_V3/StaticMeshes/RS4-Solidworks-12.uasset" 4997
"D:/Wide_field_unreal_project/WideField_UnrealEditor/Content/blender_ref/WideFieldTest_-_V3/StaticMeshes/RS4-Solidworks-12.uexp" 4998
"D:/Wide_field_unreal_project/WideField_UnrealEditor/Content/blender_ref/WideFieldTest_-_V3/StaticMeshes/RS4-Solidworks-13.ubulk" 4999
"D:/Wide_field_unreal_project/WideField_UnrealEditor/Content/blender_ref/WideFieldTest_-_V3/StaticMeshes/RS4-Solidworks-13.uasset" 5000
"D:/Wide_field_unreal_project/WideField_UnrealEditor/Content/blender_ref/WideFieldTest_-_V3/StaticMeshes/RS4-Solidworks-13.uexp" 5001
"D:/Wide_field_unreal_project/WideField_UnrealEditor/Content/blender_ref/WideFieldTest_-_V3/StaticMeshes/RS4-Solidworks-14.ubulk" 5002
"D:/Wide_field_unreal_project/WideField_UnrealEditor/Content/blender_ref/WideFieldTest_-_V3/StaticMeshes/RS4-Solidworks-14.uasset" 5003
"D:/Wide_field_unreal_project/WideField_UnrealEditor/Content/blender_ref/WideFieldTest_-_V3/StaticMeshes/RS4-Solidworks-14.uexp" 5004
"D:/Wide_field_unreal_project/WideField_UnrealEditor/Content/blender_ref/WideFieldTest_-_V3/StaticMeshes/RS4-Solidworks-15.ubulk" 5005
"D:/Wide_field_unreal_project/WideField_UnrealEditor/Content/blender_ref/WideFieldTest_-_V3/StaticMeshes/RS4-Solidworks-15.uasset" 5006
"D:/Wide_field_unreal_project/WideField_UnrealEditor/Content/blender_ref/WideFieldTest_-_V3/StaticMeshes/RS4-Solidworks-15.uexp" 5007
"D:/Wide_field_unreal_project/WideField_UnrealEditor/Content/blender_ref/WideFieldTest_-_V3/StaticMeshes/RS4-Solidworks-16.ubulk" 5008
"D:/Wide_field_unreal_project/WideField_UnrealEditor/Content/blender_ref/WideFieldTest_-_V3/StaticMeshes/RS4-Solidworks-16.uasset" 5009
"D:/Wide_field_unreal_project/WideField_UnrealEditor/Content/blender_ref/WideFieldTest_-_V3/StaticMeshes/RS4-Solidworks-16.uexp" 5010
"D:/Wide_field_unreal_project/WideField_UnrealEditor/Content/blender_ref/WideFieldTest_-_V3/StaticMeshes/RS4-Solidworks-17.ubulk" 5011
"D:/Wide_field_unreal_project/WideField_UnrealEditor/Content/blender_ref/WideFieldTest_-_V3/StaticMeshes/RS4-Solidworks-17.uasset" 5012
"D:/Wide_field_unreal_project/WideField_UnrealEditor/Content/blender_ref/WideFieldTest_-_V3/StaticMeshes/RS4-Solidworks-17.uexp" 5013
"D:/Wide_field_unreal_project/WideField_UnrealEditor/Content/blender_ref/WideFieldTest_-_V3/StaticMeshes/RS4-Solidworks-18.ubulk" 5014
"D:/Wide_field_unreal_project/WideField_UnrealEditor/Content/blender_ref/WideFieldTest_-_V3/StaticMeshes/RS4-Solidworks-18.uasset" 5015
"D:/Wide_field_unreal_project/WideField_UnrealEditor/Content/blender_ref/WideFieldTest_-_V3/StaticMeshes/RS4-Solidworks-18.uexp" 5016
"D:/Wide_field_unreal_project/WideField_UnrealEditor/Content/blender_ref/WideFieldTest_-_V3/StaticMeshes/RS4-Solidworks-19.ubulk" 5017
"D:/Wide_field_unreal_project/WideField_UnrealEditor/Content/blender_ref/WideFieldTest_-_V3/StaticMeshes/RS4-Solidworks-19.uasset" 5018
"D:/Wide_field_unreal_project/WideField_UnrealEditor/Content/blender_ref/WideFieldTest_-_V3/StaticMeshes/RS4-Solidworks-19.uexp" 5019
"D:/Wide_field_unreal_project/WideField_UnrealEditor/Content/blender_ref/WideFieldTest_-_V3/StaticMeshes/RS4-Solidworks-20.ubulk" 5020
"D:/Wide_field_unreal_project/WideField_UnrealEditor/Content/blender_ref/WideFieldTest_-_V3/StaticMeshes/RS4-Solidworks-20.uasset" 5021
"D:/Wide_field_unreal_project/WideField_UnrealEditor/Content/blender_ref/WideFieldTest_-_V3/StaticMeshes/RS4-Solidworks-20.uexp" 5022
"D:/Wide_field_unreal_project/WideField_UnrealEditor/Content/blender_ref/WideFieldTest_-_V3/StaticMeshes/RS4-Solidworks-23.ubulk" 5023
"D:/Wide_field_unreal_project/WideField_UnrealEditor/Content/blender_ref/WideFieldTest_-_V3/StaticMeshes/RS4-Solidworks-23.uasset" 5024
"D:/Wide_field_unreal_project/WideField_UnrealEditor/Content/blender_ref/WideFieldTest_-_V3/StaticMeshes/RS4-Solidworks-23.uexp" 5025
"D:/Wide_field_unreal_project/WideField_UnrealEditor/Content/blender_ref/WideFieldTest_-_V3/StaticMeshes/RS4-Solidworks-23_001.ubulk" 5026
"D:/Wide_field_unreal_project/WideField_UnrealEditor/Content/blender_ref/WideFieldTest_-_V3/StaticMeshes/RS4-Solidworks-23_001.uasset" 5027
"D:/Wide_field_unreal_project/WideField_UnrealEditor/Content/blender_ref/WideFieldTest_-_V3/StaticMeshes/RS4-Solidworks-23_001.uexp" 5028
"D:/Wide_field_unreal_project/WideField_UnrealEditor/Content/blender_ref/WideFieldTest_-_V3/StaticMeshes/RS4-Solidworks-9.ubulk" 5029
"D:/Wide_field_unreal_project/WideField_UnrealEditor/Content/blender_ref/WideFieldTest_-_V3/StaticMeshes/RS4-Solidworks-9.uasset" 5030
"D:/Wide_field_unreal_project/WideField_UnrealEditor/Content/blender_ref/WideFieldTest_-_V3/StaticMeshes/RS4-Solidworks-9.uexp" 5031
"D:/Wide_field_unreal_project/WideField_UnrealEditor/Content/blender_ref/WideFieldTest_-_V3/Materials/defaultplastic_091.uasset" 5032
"D:/Wide_field_unreal_project/WideField_UnrealEditor/Content/blender_ref/WideFieldTest_-_V3/Materials/defaultplastic_091.uexp" 5033
"D:/Wide_field_unreal_project/WideField_UnrealEditor/Content/blender_ref/WideFieldTest_-_V3/Textures/thread123456789101112131415161718192021.ubulk" 5034
"D:/Wide_field_unreal_project/WideField_UnrealEditor/Content/blender_ref/WideFieldTest_-_V3/Textures/thread123456789101112131415161718192021.uasset" 5035
"D:/Wide_field_unreal_project/WideField_UnrealEditor/Content/blender_ref/WideFieldTest_-_V3/Textures/thread123456789101112131415161718192021.uexp" 5036
"D:/Wide_field_unreal_project/WideField_UnrealEditor/Content/blender_ref/WideFieldTest_-_V3/Materials/screwthread_042.uasset" 5037
"D:/Wide_field_unreal_project/WideField_UnrealEditor/Content/blender_ref/WideFieldTest_-_V3/Materials/screwthread_042.uexp" 5038
"D:/Wide_field_unreal_project/WideField_UnrealEditor/Content/blender_ref/WideFieldTest_-_V3/Textures/thread1234567891011121314151617181920212223.ubulk" 5039
"D:/Wide_field_unreal_project/WideField_UnrealEditor/Content/blender_ref/WideFieldTest_-_V3/Textures/thread1234567891011121314151617181920212223.uasset" 5040
"D:/Wide_field_unreal_project/WideField_UnrealEditor/Content/blender_ref/WideFieldTest_-_V3/Textures/thread1234567891011121314151617181920212223.uexp" 5041
"D:/Wide_field_unreal_project/WideField_UnrealEditor/Content/blender_ref/WideFieldTest_-_V3/Materials/screwthread_043.uasset" 5042
"D:/Wide_field_unreal_project/WideField_UnrealEditor/Content/blender_ref/WideFieldTest_-_V3/Materials/screwthread_043.uexp" 5043
"D:/Wide_field_unreal_project/WideField_UnrealEditor/Content/blender_ref/WideFieldTest_-_V3/Textures/waffle.ubulk" 5044
"D:/Wide_field_unreal_project/WideField_UnrealEditor/Content/blender_ref/WideFieldTest_-_V3/Textures/waffle.uasset" 5045
"D:/Wide_field_unreal_project/WideField_UnrealEditor/Content/blender_ref/WideFieldTest_-_V3/Textures/waffle.uexp" 5046
"D:/Wide_field_unreal_project/WideField_UnrealEditor/Content/blender_ref/WideFieldTest_-_V3/Materials/texture_052.uasset" 5047
"D:/Wide_field_unreal_project/WideField_UnrealEditor/Content/blender_ref/WideFieldTest_-_V3/Materials/texture_052.uexp" 5048
"D:/Wide_field_unreal_project/WideField_UnrealEditor/Content/blender_ref/WideFieldTest_-_V3/StaticMeshes/SM1A39-Solidworks__1_-1.ubulk" 5049
"D:/Wide_field_unreal_project/WideField_UnrealEditor/Content/blender_ref/WideFieldTest_-_V3/StaticMeshes/SM1A39-Solidworks__1_-1.uasset" 5050
"D:/Wide_field_unreal_project/WideField_UnrealEditor/Content/blender_ref/WideFieldTest_-_V3/StaticMeshes/SM1A39-Solidworks__1_-1.uexp" 5051
"D:/Wide_field_unreal_project/WideField_UnrealEditor/Content/blender_ref/WideFieldTest_-_V3/Materials/mattealuminum_036.uasset" 5052
"D:/Wide_field_unreal_project/WideField_UnrealEditor/Content/blender_ref/WideFieldTest_-_V3/Materials/mattealuminum_036.uexp" 5053
"D:/Wide_field_unreal_project/WideField_UnrealEditor/Content/blender_ref/WideFieldTest_-_V3/Materials/mattealuminum_037.uasset" 5054
"D:/Wide_field_unreal_project/WideField_UnrealEditor/Content/blender_ref/WideFieldTest_-_V3/Materials/mattealuminum_037.uexp" 5055
"D:/Wide_field_unreal_project/WideField_UnrealEditor/Content/blender_ref/WideFieldTest_-_V3/Materials/mattealuminum_038.uasset" 5056
"D:/Wide_field_unreal_project/WideField_UnrealEditor/Content/blender_ref/WideFieldTest_-_V3/Materials/mattealuminum_038.uexp" 5057
"D:/Wide_field_unreal_project/WideField_UnrealEditor/Content/blender_ref/WideFieldTest_-_V3/Materials/mattealuminum_039.uasset" 5058
"D:/Wide_field_unreal_project/WideField_UnrealEditor/Content/blender_ref/WideFieldTest_-_V3/Materials/mattealuminum_039.uexp" 5059
"D:/Wide_field_unreal_project/WideField_UnrealEditor/Content/blender_ref/WideFieldTest_-_V3/Textures/Image_44.ubulk" 5060
"D:/Wide_field_unreal_project/WideField_UnrealEditor/Content/blender_ref/WideFieldTest_-_V3/Textures/Image_44.uasset" 5061
"D:/Wide_field_unreal_project/WideField_UnrealEditor/Content/blender_ref/WideFieldTest_-_V3/Textures/Image_44.uexp" 5062
"D:/Wide_field_unreal_project/WideField_UnrealEditor/Content/blender_ref/WideFieldTest_-_V3/Materials/screwthread_056.uasset" 5063
"D:/Wide_field_unreal_project/WideField_UnrealEditor/Content/blender_ref/WideFieldTest_-_V3/Materials/screwthread_056.uexp" 5064
"D:/Wide_field_unreal_project/WideField_UnrealEditor/Content/blender_ref/WideFieldTest_-_V3/Textures/Image_43.ubulk" 5065
"D:/Wide_field_unreal_project/WideField_UnrealEditor/Content/blender_ref/WideFieldTest_-_V3/Textures/Image_43.uasset" 5066
"D:/Wide_field_unreal_project/WideField_UnrealEditor/Content/blender_ref/WideFieldTest_-_V3/Textures/Image_43.uexp" 5067
"D:/Wide_field_unreal_project/WideField_UnrealEditor/Content/blender_ref/WideFieldTest_-_V3/Materials/screwthread_057.uasset" 5068
"D:/Wide_field_unreal_project/WideField_UnrealEditor/Content/blender_ref/WideFieldTest_-_V3/Materials/screwthread_057.uexp" 5069
"D:/Wide_field_unreal_project/WideField_UnrealEditor/Content/blender_ref/WideFieldTest_-_V3/Textures/Image_42.ubulk" 5070
"D:/Wide_field_unreal_project/WideField_UnrealEditor/Content/blender_ref/WideFieldTest_-_V3/Textures/Image_42.uasset" 5071
"D:/Wide_field_unreal_project/WideField_UnrealEditor/Content/blender_ref/WideFieldTest_-_V3/Textures/Image_42.uexp" 5072
"D:/Wide_field_unreal_project/WideField_UnrealEditor/Content/blender_ref/WideFieldTest_-_V3/Materials/screwthread_058.uasset" 5073
"D:/Wide_field_unreal_project/WideField_UnrealEditor/Content/blender_ref/WideFieldTest_-_V3/Materials/screwthread_058.uexp" 5074
"D:/Wide_field_unreal_project/WideField_UnrealEditor/Content/blender_ref/WideFieldTest_-_V3/StaticMeshes/SM1RC-Solidworks-1_001.ubulk" 5075
"D:/Wide_field_unreal_project/WideField_UnrealEditor/Content/blender_ref/WideFieldTest_-_V3/StaticMeshes/SM1RC-Solidworks-1_001.uasset" 5076
"D:/Wide_field_unreal_project/WideField_UnrealEditor/Content/blender_ref/WideFieldTest_-_V3/StaticMeshes/SM1RC-Solidworks-1_001.uexp" 5077
"D:/Wide_field_unreal_project/WideField_UnrealEditor/Content/blender_ref/WideFieldTest_-_V3/Materials/defaultplastic_096.uasset" 5078
"D:/Wide_field_unreal_project/WideField_UnrealEditor/Content/blender_ref/WideFieldTest_-_V3/Materials/defaultplastic_096.uexp" 5079
"D:/Wide_field_unreal_project/WideField_UnrealEditor/Content/blender_ref/WideFieldTest_-_V3/Materials/mattesteel_005.uasset" 5080
"D:/Wide_field_unreal_project/WideField_UnrealEditor/Content/blender_ref/WideFieldTest_-_V3/Materials/mattesteel_005.uexp" 5081
"D:/Wide_field_unreal_project/WideField_UnrealEditor/Content/blender_ref/WideFieldTest_-_V3/Textures/thread123456789101112131415161718192021222324252627.ubulk" 5082
"D:/Wide_field_unreal_project/WideField_UnrealEditor/Content/blender_ref/WideFieldTest_-_V3/Textures/thread123456789101112131415161718192021222324252627.uasset" 5083
"D:/Wide_field_unreal_project/WideField_UnrealEditor/Content/blender_ref/WideFieldTest_-_V3/Textures/thread123456789101112131415161718192021222324252627.uexp" 5084
"D:/Wide_field_unreal_project/WideField_UnrealEditor/Content/blender_ref/WideFieldTest_-_V3/Materials/texture_058.uasset" 5085
"D:/Wide_field_unreal_project/WideField_UnrealEditor/Content/blender_ref/WideFieldTest_-_V3/Materials/texture_058.uexp" 5086
"D:/Wide_field_unreal_project/WideField_UnrealEditor/Content/blender_ref/WideFieldTest_-_V3/StaticMeshes/TR1-Solidworks-1.ubulk" 5087
"D:/Wide_field_unreal_project/WideField_UnrealEditor/Content/blender_ref/WideFieldTest_-_V3/StaticMeshes/TR1-Solidworks-1.uasset" 5088
"D:/Wide_field_unreal_project/WideField_UnrealEditor/Content/blender_ref/WideFieldTest_-_V3/StaticMeshes/TR1-Solidworks-1.uexp" 5089
"D:/Wide_field_unreal_project/WideField_UnrealEditor/Content/blender_ref/WideFieldTest_-_V3/StaticMeshes/TR1-Solidworks-2.ubulk" 5090
"D:/Wide_field_unreal_project/WideField_UnrealEditor/Content/blender_ref/WideFieldTest_-_V3/StaticMeshes/TR1-Solidworks-2.uasset" 5091
"D:/Wide_field_unreal_project/WideField_UnrealEditor/Content/blender_ref/WideFieldTest_-_V3/StaticMeshes/TR1-Solidworks-2.uexp" 5092
"D:/Wide_field_unreal_project/WideField_UnrealEditor/Content/blender_ref/WideFieldTest_-_V3/Materials/defaultplastic_144.uasset" 5093
"D:/Wide_field_unreal_project/WideField_UnrealEditor/Content/blender_ref/WideFieldTest_-_V3/Materials/defaultplastic_144.uexp" 5094
"D:/Wide_field_unreal_project/WideField_UnrealEditor/Content/blender_ref/WideFieldTest_-_V3/Materials/mattesteel_009.uasset" 5095
"D:/Wide_field_unreal_project/WideField_UnrealEditor/Content/blender_ref/WideFieldTest_-_V3/Materials/mattesteel_009.uexp" 5096
"D:/Wide_field_unreal_project/WideField_UnrealEditor/Content/blender_ref/WideFieldTest_-_V3/Textures/thread123456789101112131415161718192021222324252627282930313233343536.ubulk" 5097
"D:/Wide_field_unreal_project/WideField_UnrealEditor/Content/blender_ref/WideFieldTest_-_V3/Textures/thread123456789101112131415161718192021222324252627282930313233343536.uasset" 5098
"D:/Wide_field_unreal_project/WideField_UnrealEditor/Content/blender_ref/WideFieldTest_-_V3/Textures/thread123456789101112131415161718192021222324252627282930313233343536.uexp" 5099
"D:/Wide_field_unreal_project/WideField_UnrealEditor/Content/blender_ref/WideFieldTest_-_V3/Materials/texture_067.uasset" 5100
"D:/Wide_field_unreal_project/WideField_UnrealEditor/Content/blender_ref/WideFieldTest_-_V3/Materials/texture_067.uexp" 5101
"D:/Wide_field_unreal_project/WideField_UnrealEditor/Content/blender_ref/WideFieldTest_-_V3/StaticMeshes/TR2-Solidworks-3_003.ubulk" 5102
"D:/Wide_field_unreal_project/WideField_UnrealEditor/Content/blender_ref/WideFieldTest_-_V3/StaticMeshes/TR2-Solidworks-3_003.uasset" 5103
"D:/Wide_field_unreal_project/WideField_UnrealEditor/Content/blender_ref/WideFieldTest_-_V3/StaticMeshes/TR2-Solidworks-3_003.uexp" 5104
"D:/Wide_field_unreal_project/WideField_UnrealEditor/Content/blender_ref/WideFieldTest_-_V3/Materials/defaultplastic_170.uasset" 5105
"D:/Wide_field_unreal_project/WideField_UnrealEditor/Content/blender_ref/WideFieldTest_-_V3/Materials/defaultplastic_170.uexp" 5106
"D:/Wide_field_unreal_project/WideField_UnrealEditor/Content/blender_ref/WideFieldTest_-_V3/Materials/mattesteel_011.uasset" 5107
"D:/Wide_field_unreal_project/WideField_UnrealEditor/Content/blender_ref/WideFieldTest_-_V3/Materials/mattesteel_011.uexp" 5108
"D:/Wide_field_unreal_project/WideField_UnrealEditor/Content/blender_ref/WideFieldTest_-_V3/Textures/thread1234567891011121314151617181920212223242526272829303132333435363738.ubulk" 5109
"D:/Wide_field_unreal_project/WideField_UnrealEditor/Content/blender_ref/WideFieldTest_-_V3/Textures/thread1234567891011121314151617181920212223242526272829303132333435363738.uasset" 5110
"D:/Wide_field_unreal_project/WideField_UnrealEditor/Content/blender_ref/WideFieldTest_-_V3/Textures/thread1234567891011121314151617181920212223242526272829303132333435363738.uexp" 5111
"D:/Wide_field_unreal_project/WideField_UnrealEditor/Content/blender_ref/WideFieldTest_-_V3/Materials/texture_070.uasset" 5112
"D:/Wide_field_unreal_project/WideField_UnrealEditor/Content/blender_ref/WideFieldTest_-_V3/Materials/texture_070.uexp" 5113
"D:/Wide_field_unreal_project/WideField_UnrealEditor/Content/blender_ref/WideFieldTest_-_V3/StaticMeshes/TR2-Solidworks-3_004.ubulk" 5114
"D:/Wide_field_unreal_project/WideField_UnrealEditor/Content/blender_ref/WideFieldTest_-_V3/StaticMeshes/TR2-Solidworks-3_004.uasset" 5115
"D:/Wide_field_unreal_project/WideField_UnrealEditor/Content/blender_ref/WideFieldTest_-_V3/StaticMeshes/TR2-Solidworks-3_004.uexp" 5116
"D:/Wide_field_unreal_project/WideField_UnrealEditor/Content/blender_ref/WideFieldTest_-_V3/Materials/aluminumpowdercoat_001.uasset" 5117
"D:/Wide_field_unreal_project/WideField_UnrealEditor/Content/blender_ref/WideFieldTest_-_V3/Materials/aluminumpowdercoat_001.uexp" 5118
"D:/Wide_field_unreal_project/WideField_UnrealEditor/Content/blender_ref/WideFieldTest_-_V3/Materials/blueanodizedaluminum_002.uasset" 5119
"D:/Wide_field_unreal_project/WideField_UnrealEditor/Content/blender_ref/WideFieldTest_-_V3/Materials/blueanodizedaluminum_002.uexp" 5120
"D:/Wide_field_unreal_project/WideField_UnrealEditor/Content/blender_ref/WideFieldTest_-_V3/Materials/blueanodizedaluminum_003.uasset" 5121
"D:/Wide_field_unreal_project/WideField_UnrealEditor/Content/blender_ref/WideFieldTest_-_V3/Materials/blueanodizedaluminum_003.uexp" 5122
"D:/Wide_field_unreal_project/WideField_UnrealEditor/Content/blender_ref/WideFieldTest_-_V3/Materials/clearglass_002.uasset" 5123
"D:/Wide_field_unreal_project/WideField_UnrealEditor/Content/blender_ref/WideFieldTest_-_V3/Materials/clearglass_002.uexp" 5124
"D:/Wide_field_unreal_project/WideField_UnrealEditor/Content/blender_ref/WideFieldTest_-_V3/Materials/defaultplastic_086.uasset" 5125
"D:/Wide_field_unreal_project/WideField_UnrealEditor/Content/blender_ref/WideFieldTest_-_V3/Materials/defaultplastic_086.uexp" 5126
"D:/Wide_field_unreal_project/WideField_UnrealEditor/Content/blender_ref/WideFieldTest_-_V3/Materials/glasssandblasted01_004.uasset" 5127
"D:/Wide_field_unreal_project/WideField_UnrealEditor/Content/blender_ref/WideFieldTest_-_V3/Materials/glasssandblasted01_004.uexp" 5128
"D:/Wide_field_unreal_project/WideField_UnrealEditor/Content/blender_ref/WideFieldTest_-_V3/Materials/glasssandblasted01_005.uasset" 5129
"D:/Wide_field_unreal_project/WideField_UnrealEditor/Content/blender_ref/WideFieldTest_-_V3/Materials/glasssandblasted01_005.uexp" 5130
"D:/Wide_field_unreal_project/WideField_UnrealEditor/Content/blender_ref/WideFieldTest_-_V3/Materials/glasssandblasted01_006.uasset" 5131
"D:/Wide_field_unreal_project/WideField_UnrealEditor/Content/blender_ref/WideFieldTest_-_V3/Materials/glasssandblasted01_006.uexp" 5132
"D:/Wide_field_unreal_project/WideField_UnrealEditor/Content/blender_ref/WideFieldTest_-_V3/Materials/glasssandblasted01_007.uasset" 5133
"D:/Wide_field_unreal_project/WideField_UnrealEditor/Content/blender_ref/WideFieldTest_-_V3/Materials/glasssandblasted01_007.uexp" 5134
"D:/Wide_field_unreal_project/WideField_UnrealEditor/Content/blender_ref/WideFieldTest_-_V3/Textures/thread12345678910111213141516.ubulk" 5135
"D:/Wide_field_unreal_project/WideField_UnrealEditor/Content/blender_ref/WideFieldTest_-_V3/Textures/thread12345678910111213141516.uasset" 5136
"D:/Wide_field_unreal_project/WideField_UnrealEditor/Content/blender_ref/WideFieldTest_-_V3/Textures/thread12345678910111213141516.uexp" 5137
"D:/Wide_field_unreal_project/WideField_UnrealEditor/Content/blender_ref/WideFieldTest_-_V3/Materials/screwthread_037.uasset" 5138
"D:/Wide_field_unreal_project/WideField_UnrealEditor/Content/blender_ref/WideFieldTest_-_V3/Materials/screwthread_037.uexp" 5139
"D:/Wide_field_unreal_project/WideField_UnrealEditor/Content/blender_ref/WideFieldTest_-_V3/Textures/thread1234567891011121314151617.ubulk" 5140
"D:/Wide_field_unreal_project/WideField_UnrealEditor/Content/blender_ref/WideFieldTest_-_V3/Textures/thread1234567891011121314151617.uasset" 5141
"D:/Wide_field_unreal_project/WideField_UnrealEditor/Content/blender_ref/WideFieldTest_-_V3/Textures/thread1234567891011121314151617.uexp" 5142
"D:/Wide_field_unreal_project/WideField_UnrealEditor/Content/blender_ref/WideFieldTest_-_V3/Materials/screwthread_038.uasset" 5143
"D:/Wide_field_unreal_project/WideField_UnrealEditor/Content/blender_ref/WideFieldTest_-_V3/Materials/screwthread_038.uexp" 5144
"D:/Wide_field_unreal_project/WideField_UnrealEditor/Content/blender_ref/WideFieldTest_-_V3/Textures/thread123456789101112131415161718.ubulk" 5145
"D:/Wide_field_unreal_project/WideField_UnrealEditor/Content/blender_ref/WideFieldTest_-_V3/Textures/thread123456789101112131415161718.uasset" 5146
"D:/Wide_field_unreal_project/WideField_UnrealEditor/Content/blender_ref/WideFieldTest_-_V3/Textures/thread123456789101112131415161718.uexp" 5147
"D:/Wide_field_unreal_project/WideField_UnrealEditor/Content/blender_ref/WideFieldTest_-_V3/Materials/screwthread_039.uasset" 5148
"D:/Wide_field_unreal_project/WideField_UnrealEditor/Content/blender_ref/WideFieldTest_-_V3/Materials/screwthread_039.uexp" 5149
"D:/Wide_field_unreal_project/WideField_UnrealEditor/Content/blender_ref/WideFieldTest_-_V3/Materials/texture_050.uasset" 5150
"D:/Wide_field_unreal_project/WideField_UnrealEditor/Content/blender_ref/WideFieldTest_-_V3/Materials/texture_050.uexp" 5151
"D:/Wide_field_unreal_project/WideField_UnrealEditor/Content/blender_ref/WideFieldTest_-_V3/StaticMeshes/TTL200-A-Solidworks-1.ubulk" 5152
"D:/Wide_field_unreal_project/WideField_UnrealEditor/Content/blender_ref/WideFieldTest_-_V3/StaticMeshes/TTL200-A-Solidworks-1.uasset" 5153
"D:/Wide_field_unreal_project/WideField_UnrealEditor/Content/blender_ref/WideFieldTest_-_V3/StaticMeshes/TTL200-A-Solidworks-1.uexp" 5154
"D:/Wide_field_unreal_project/WideField_UnrealEditor/Content/blender_ref/WideFieldTest_-_V3/Materials/defaultplastic_064.uasset" 5155
"D:/Wide_field_unreal_project/WideField_UnrealEditor/Content/blender_ref/WideFieldTest_-_V3/Materials/defaultplastic_064.uexp" 5156
"D:/Wide_field_unreal_project/WideField_UnrealEditor/Content/blender_ref/WideFieldTest_-_V3/Materials/defaultplastic_065.uasset" 5157
"D:/Wide_field_unreal_project/WideField_UnrealEditor/Content/blender_ref/WideFieldTest_-_V3/Materials/defaultplastic_065.uexp" 5158
"D:/Wide_field_unreal_project/WideField_UnrealEditor/Content/blender_ref/WideFieldTest_-_V3/Materials/defaultplastic_066.uasset" 5159
"D:/Wide_field_unreal_project/WideField_UnrealEditor/Content/blender_ref/WideFieldTest_-_V3/Materials/defaultplastic_066.uexp" 5160
"D:/Wide_field_unreal_project/WideField_UnrealEditor/Content/blender_ref/WideFieldTest_-_V3/Materials/defaultplastic_067.uasset" 5161
"D:/Wide_field_unreal_project/WideField_UnrealEditor/Content/blender_ref/WideFieldTest_-_V3/Materials/defaultplastic_067.uexp" 5162
"D:/Wide_field_unreal_project/WideField_UnrealEditor/Content/blender_ref/WideFieldTest_-_V3/Materials/defaultplastic_068.uasset" 5163
"D:/Wide_field_unreal_project/WideField_UnrealEditor/Content/blender_ref/WideFieldTest_-_V3/Materials/defaultplastic_068.uexp" 5164
"D:/Wide_field_unreal_project/WideField_UnrealEditor/Content/blender_ref/WideFieldTest_-_V3/Materials/defaultplastic_070.uasset" 5165
"D:/Wide_field_unreal_project/WideField_UnrealEditor/Content/blender_ref/WideFieldTest_-_V3/Materials/defaultplastic_070.uexp" 5166
"D:/Wide_field_unreal_project/WideField_UnrealEditor/Content/blender_ref/WideFieldTest_-_V3/Materials/defaultplastic_071.uasset" 5167
"D:/Wide_field_unreal_project/WideField_UnrealEditor/Content/blender_ref/WideFieldTest_-_V3/Materials/defaultplastic_071.uexp" 5168
"D:/Wide_field_unreal_project/WideField_UnrealEditor/Content/blender_ref/WideFieldTest_-_V3/Materials/defaultplastic_072.uasset" 5169
"D:/Wide_field_unreal_project/WideField_UnrealEditor/Content/blender_ref/WideFieldTest_-_V3/Materials/defaultplastic_072.uexp" 5170
"D:/Wide_field_unreal_project/WideField_UnrealEditor/Content/blender_ref/WideFieldTest_-_V3/Materials/defaultplastic_073.uasset" 5171
"D:/Wide_field_unreal_project/WideField_UnrealEditor/Content/blender_ref/WideFieldTest_-_V3/Materials/defaultplastic_073.uexp" 5172
"D:/Wide_field_unreal_project/WideField_UnrealEditor/Content/blender_ref/WideFieldTest_-_V3/Materials/defaultplastic_074.uasset" 5173
"D:/Wide_field_unreal_project/WideField_UnrealEditor/Content/blender_ref/WideFieldTest_-_V3/Materials/defaultplastic_074.uexp" 5174
"D:/Wide_field_unreal_project/WideField_UnrealEditor/Content/blender_ref/WideFieldTest_-_V3/Materials/defaultplastic_075.uasset" 5175
"D:/Wide_field_unreal_project/WideField_UnrealEditor/Content/blender_ref/WideFieldTest_-_V3/Materials/defaultplastic_075.uexp" 5176
"D:/Wide_field_unreal_project/WideField_UnrealEditor/Content/blender_ref/WideFieldTest_-_V3/Materials/mattealuminum_019.uasset" 5177
"D:/Wide_field_unreal_project/WideField_UnrealEditor/Content/blender_ref/WideFieldTest_-_V3/Materials/mattealuminum_019.uexp" 5178
"D:/Wide_field_unreal_project/WideField_UnrealEditor/Content/blender_ref/WideFieldTest_-_V3/Materials/mattealuminum_020.uasset" 5179
"D:/Wide_field_unreal_project/WideField_UnrealEditor/Content/blender_ref/WideFieldTest_-_V3/Materials/mattealuminum_020.uexp" 5180
"D:/Wide_field_unreal_project/WideField_UnrealEditor/Content/blender_ref/WideFieldTest_-_V3/Materials/mattealuminum_021.uasset" 5181
"D:/Wide_field_unreal_project/WideField_UnrealEditor/Content/blender_ref/WideFieldTest_-_V3/Materials/mattealuminum_021.uexp" 5182
"D:/Wide_field_unreal_project/WideField_UnrealEditor/Content/blender_ref/WideFieldTest_-_V3/Materials/mattesteel_004.uasset" 5183
"D:/Wide_field_unreal_project/WideField_UnrealEditor/Content/blender_ref/WideFieldTest_-_V3/Materials/mattesteel_004.uexp" 5184
"D:/Wide_field_unreal_project/WideField_UnrealEditor/Content/blender_ref/WideFieldTest_-_V3/Textures/thread123456789101112131415161718192021222324252627282930313233343536373839404142434445464748495051.ubulk" 5185
"D:/Wide_field_unreal_project/WideField_UnrealEditor/Content/blender_ref/WideFieldTest_-_V3/Textures/thread123456789101112131415161718192021222324252627282930313233343536373839404142434445464748495051.uasset" 5186
"D:/Wide_field_unreal_project/WideField_UnrealEditor/Content/blender_ref/WideFieldTest_-_V3/Textures/thread123456789101112131415161718192021222324252627282930313233343536373839404142434445464748495051.uexp" 5187
"D:/Wide_field_unreal_project/WideField_UnrealEditor/Content/blender_ref/WideFieldTest_-_V3/Materials/screwthread_031.uasset" 5188
"D:/Wide_field_unreal_project/WideField_UnrealEditor/Content/blender_ref/WideFieldTest_-_V3/Materials/screwthread_031.uexp" 5189
"D:/Wide_field_unreal_project/WideField_UnrealEditor/Content/blender_ref/WideFieldTest_-_V3/Textures/thread12345678910111213141516171819202122232425262728293031323334353637383940414243444546474849505152.ubulk" 5190
"D:/Wide_field_unreal_project/WideField_UnrealEditor/Content/blender_ref/WideFieldTest_-_V3/Textures/thread12345678910111213141516171819202122232425262728293031323334353637383940414243444546474849505152.uasset" 5191
"D:/Wide_field_unreal_project/WideField_UnrealEditor/Content/blender_ref/WideFieldTest_-_V3/Textures/thread12345678910111213141516171819202122232425262728293031323334353637383940414243444546474849505152.uexp" 5192
"D:/Wide_field_unreal_project/WideField_UnrealEditor/Content/blender_ref/WideFieldTest_-_V3/Materials/screwthread_032.uasset" 5193
"D:/Wide_field_unreal_project/WideField_UnrealEditor/Content/blender_ref/WideFieldTest_-_V3/Materials/screwthread_032.uexp" 5194
"D:/Wide_field_unreal_project/WideField_UnrealEditor/Content/blender_ref/WideFieldTest_-_V3/Textures/thread12.ubulk" 5195
"D:/Wide_field_unreal_project/WideField_UnrealEditor/Content/blender_ref/WideFieldTest_-_V3/Textures/thread12.uasset" 5196
"D:/Wide_field_unreal_project/WideField_UnrealEditor/Content/blender_ref/WideFieldTest_-_V3/Textures/thread12.uexp" 5197
"D:/Wide_field_unreal_project/WideField_UnrealEditor/Content/blender_ref/WideFieldTest_-_V3/Materials/screwthread_033.uasset" 5198
"D:/Wide_field_unreal_project/WideField_UnrealEditor/Content/blender_ref/WideFieldTest_-_V3/Materials/screwthread_033.uexp" 5199
"D:/Wide_field_unreal_project/WideField_UnrealEditor/Content/blender_ref/WideFieldTest_-_V3/Textures/thread123.ubulk" 5200
"D:/Wide_field_unreal_project/WideField_UnrealEditor/Content/blender_ref/WideFieldTest_-_V3/Textures/thread123.uasset" 5201
"D:/Wide_field_unreal_project/WideField_UnrealEditor/Content/blender_ref/WideFieldTest_-_V3/Textures/thread123.uexp" 5202
"D:/Wide_field_unreal_project/WideField_UnrealEditor/Content/blender_ref/WideFieldTest_-_V3/Materials/screwthread_034.uasset" 5203
"D:/Wide_field_unreal_project/WideField_UnrealEditor/Content/blender_ref/WideFieldTest_-_V3/Materials/screwthread_034.uexp" 5204
"D:/Wide_field_unreal_project/WideField_UnrealEditor/Content/blender_ref/WideFieldTest_-_V3/Textures/thread12345678.ubulk" 5205
"D:/Wide_field_unreal_project/WideField_UnrealEditor/Content/blender_ref/WideFieldTest_-_V3/Textures/thread12345678.uasset" 5206
"D:/Wide_field_unreal_project/WideField_UnrealEditor/Content/blender_ref/WideFieldTest_-_V3/Textures/thread12345678.uexp" 5207
"D:/Wide_field_unreal_project/WideField_UnrealEditor/Content/blender_ref/WideFieldTest_-_V3/Materials/screwthread_035.uasset" 5208
"D:/Wide_field_unreal_project/WideField_UnrealEditor/Content/blender_ref/WideFieldTest_-_V3/Materials/screwthread_035.uexp" 5209
"D:/Wide_field_unreal_project/WideField_UnrealEditor/Content/blender_ref/WideFieldTest_-_V3/Textures/thread1234.ubulk" 5210
"D:/Wide_field_unreal_project/WideField_UnrealEditor/Content/blender_ref/WideFieldTest_-_V3/Textures/thread1234.uasset" 5211
"D:/Wide_field_unreal_project/WideField_UnrealEditor/Content/blender_ref/WideFieldTest_-_V3/Textures/thread1234.uexp" 5212
"D:/Wide_field_unreal_project/WideField_UnrealEditor/Content/blender_ref/WideFieldTest_-_V3/Materials/texture_038.uasset" 5213
"D:/Wide_field_unreal_project/WideField_UnrealEditor/Content/blender_ref/WideFieldTest_-_V3/Materials/texture_038.uexp" 5214
"D:/Wide_field_unreal_project/WideField_UnrealEditor/Content/blender_ref/WideFieldTest_-_V3/Textures/knurl.uasset" 5215
"D:/Wide_field_unreal_project/WideField_UnrealEditor/Content/blender_ref/WideFieldTest_-_V3/Textures/knurl.uexp" 5216
"D:/Wide_field_unreal_project/WideField_UnrealEditor/Content/blender_ref/WideFieldTest_-_V3/Materials/texture_039.uasset" 5217
"D:/Wide_field_unreal_project/WideField_UnrealEditor/Content/blender_ref/WideFieldTest_-_V3/Materials/texture_039.uexp" 5218
"D:/Wide_field_unreal_project/WideField_UnrealEditor/Content/blender_ref/WideFieldTest_-_V3/Textures/thread12345.ubulk" 5219
"D:/Wide_field_unreal_project/WideField_UnrealEditor/Content/blender_ref/WideFieldTest_-_V3/Textures/thread12345.uasset" 5220
"D:/Wide_field_unreal_project/WideField_UnrealEditor/Content/blender_ref/WideFieldTest_-_V3/Textures/thread12345.uexp" 5221
"D:/Wide_field_unreal_project/WideField_UnrealEditor/Content/blender_ref/WideFieldTest_-_V3/Materials/texture_040.uasset" 5222
"D:/Wide_field_unreal_project/WideField_UnrealEditor/Content/blender_ref/WideFieldTest_-_V3/Materials/texture_040.uexp" 5223
"D:/Wide_field_unreal_project/WideField_UnrealEditor/Content/blender_ref/WideFieldTest_-_V3/Textures/thread123456.ubulk" 5224
"D:/Wide_field_unreal_project/WideField_UnrealEditor/Content/blender_ref/WideFieldTest_-_V3/Textures/thread123456.uasset" 5225
"D:/Wide_field_unreal_project/WideField_UnrealEditor/Content/blender_ref/WideFieldTest_-_V3/Textures/thread123456.uexp" 5226
"D:/Wide_field_unreal_project/WideField_UnrealEditor/Content/blender_ref/WideFieldTest_-_V3/Materials/texture_041.uasset" 5227
"D:/Wide_field_unreal_project/WideField_UnrealEditor/Content/blender_ref/WideFieldTest_-_V3/Materials/texture_041.uexp" 5228
"D:/Wide_field_unreal_project/WideField_UnrealEditor/Content/blender_ref/WideFieldTest_-_V3/Textures/thread1234567.ubulk" 5229
"D:/Wide_field_unreal_project/WideField_UnrealEditor/Content/blender_ref/WideFieldTest_-_V3/Textures/thread1234567.uasset" 5230
"D:/Wide_field_unreal_project/WideField_UnrealEditor/Content/blender_ref/WideFieldTest_-_V3/Textures/thread1234567.uexp" 5231
"D:/Wide_field_unreal_project/WideField_UnrealEditor/Content/blender_ref/WideFieldTest_-_V3/Materials/texture_042.uasset" 5232
"D:/Wide_field_unreal_project/WideField_UnrealEditor/Content/blender_ref/WideFieldTest_-_V3/Materials/texture_042.uexp" 5233
"D:/Wide_field_unreal_project/WideField_UnrealEditor/Content/blender_ref/WideFieldTest_-_V3/Materials/texture_043.uasset" 5234
"D:/Wide_field_unreal_project/WideField_UnrealEditor/Content/blender_ref/WideFieldTest_-_V3/Materials/texture_043.uexp" 5235
"D:/Wide_field_unreal_project/WideField_UnrealEditor/Content/blender_ref/WideFieldTest_-_V3/Materials/texture_044.uasset" 5236
"D:/Wide_field_unreal_project/WideField_UnrealEditor/Content/blender_ref/WideFieldTest_-_V3/Materials/texture_044.uexp" 5237
"D:/Wide_field_unreal_project/WideField_UnrealEditor/Content/blender_ref/WideFieldTest_-_V3/Textures/thread123456789.ubulk" 5238
"D:/Wide_field_unreal_project/WideField_UnrealEditor/Content/blender_ref/WideFieldTest_-_V3/Textures/thread123456789.uasset" 5239
"D:/Wide_field_unreal_project/WideField_UnrealEditor/Content/blender_ref/WideFieldTest_-_V3/Textures/thread123456789.uexp" 5240
"D:/Wide_field_unreal_project/WideField_UnrealEditor/Content/blender_ref/WideFieldTest_-_V3/Materials/texture_045.uasset" 5241
"D:/Wide_field_unreal_project/WideField_UnrealEditor/Content/blender_ref/WideFieldTest_-_V3/Materials/texture_045.uexp" 5242
"D:/Wide_field_unreal_project/WideField_UnrealEditor/Content/blender_ref/WideFieldTest_-_V3/Textures/thread12345678910.ubulk" 5243
"D:/Wide_field_unreal_project/WideField_UnrealEditor/Content/blender_ref/WideFieldTest_-_V3/Textures/thread12345678910.uasset" 5244
"D:/Wide_field_unreal_project/WideField_UnrealEditor/Content/blender_ref/WideFieldTest_-_V3/Textures/thread12345678910.uexp" 5245
"D:/Wide_field_unreal_project/WideField_UnrealEditor/Content/blender_ref/WideFieldTest_-_V3/Materials/texture_046.uasset" 5246
"D:/Wide_field_unreal_project/WideField_UnrealEditor/Content/blender_ref/WideFieldTest_-_V3/Materials/texture_046.uexp" 5247
"D:/Wide_field_unreal_project/WideField_UnrealEditor/Content/blender_ref/WideFieldTest_-_V3/Textures/thread123456789101112.ubulk" 5248
"D:/Wide_field_unreal_project/WideField_UnrealEditor/Content/blender_ref/WideFieldTest_-_V3/Textures/thread123456789101112.uasset" 5249
"D:/Wide_field_unreal_project/WideField_UnrealEditor/Content/blender_ref/WideFieldTest_-_V3/Textures/thread123456789101112.uexp" 5250
"D:/Wide_field_unreal_project/WideField_UnrealEditor/Content/blender_ref/WideFieldTest_-_V3/Materials/texture_047.uasset" 5251
"D:/Wide_field_unreal_project/WideField_UnrealEditor/Content/blender_ref/WideFieldTest_-_V3/Materials/texture_047.uexp" 5252
"D:/Wide_field_unreal_project/WideField_UnrealEditor/Content/blender_ref/WideFieldTest_-_V3/Textures/thread12345678910111213.ubulk" 5253
"D:/Wide_field_unreal_project/WideField_UnrealEditor/Content/blender_ref/WideFieldTest_-_V3/Textures/thread12345678910111213.uasset" 5254
"D:/Wide_field_unreal_project/WideField_UnrealEditor/Content/blender_ref/WideFieldTest_-_V3/Textures/thread12345678910111213.uexp" 5255
"D:/Wide_field_unreal_project/WideField_UnrealEditor/Content/blender_ref/WideFieldTest_-_V3/Materials/texture_048.uasset" 5256
"D:/Wide_field_unreal_project/WideField_UnrealEditor/Content/blender_ref/WideFieldTest_-_V3/Materials/texture_048.uexp" 5257
"D:/Wide_field_unreal_project/WideField_UnrealEditor/Content/blender_ref/WideFieldTest_-_V3/Textures/thread1234567891011121314.ubulk" 5258
"D:/Wide_field_unreal_project/WideField_UnrealEditor/Content/blender_ref/WideFieldTest_-_V3/Textures/thread1234567891011121314.uasset" 5259
"D:/Wide_field_unreal_project/WideField_UnrealEditor/Content/blender_ref/WideFieldTest_-_V3/Textures/thread1234567891011121314.uexp" 5260
"D:/Wide_field_unreal_project/WideField_UnrealEditor/Content/blender_ref/WideFieldTest_-_V3/Materials/texture_049.uasset" 5261
"D:/Wide_field_unreal_project/WideField_UnrealEditor/Content/blender_ref/WideFieldTest_-_V3/Materials/texture_049.uexp" 5262
"D:/Wide_field_unreal_project/WideField_UnrealEditor/Content/blender_ref/WideFieldTest_-_V3/StaticMeshes/XYR1-Solidworks__1_-1.ubulk" 5263
"D:/Wide_field_unreal_project/WideField_UnrealEditor/Content/blender_ref/WideFieldTest_-_V3/StaticMeshes/XYR1-Solidworks__1_-1.uasset" 5264
"D:/Wide_field_unreal_project/WideField_UnrealEditor/Content/blender_ref/WideFieldTest_-_V3/StaticMeshes/XYR1-Solidworks__1_-1.uexp" 5265
"D:/Wide_field_unreal_project/WideField_UnrealEditor/Content/Pictures/AD12F.uasset" 5266
"D:/Wide_field_unreal_project/WideField_UnrealEditor/Content/Pictures/AD12F.uexp" 5267
"D:/Wide_field_unreal_project/WideField_UnrealEditor/Content/Pictures/BE1.uasset" 5268
"D:/Wide_field_unreal_project/WideField_UnrealEditor/Content/Pictures/BE1.uexp" 5269
"D:/Wide_field_unreal_project/WideField_UnrealEditor/Content/Pictures/CF125.uasset" 5270
"D:/Wide_field_unreal_project/WideField_UnrealEditor/Content/Pictures/CF125.uexp" 5271
"D:/Wide_field_unreal_project/WideField_UnrealEditor/Content/Pictures/BB1-E02.uasset" 5272
"D:/Wide_field_unreal_project/WideField_UnrealEditor/Content/Pictures/BB1-E02.uexp" 5273
"D:/Wide_field_unreal_project/WideField_UnrealEditor/Content/Pictures/CP20D.uasset" 5274
"D:/Wide_field_unreal_project/WideField_UnrealEditor/Content/Pictures/CP20D.uexp" 5275
"D:/Wide_field_unreal_project/WideField_UnrealEditor/Content/Pictures/ER6.uasset" 5276
"D:/Wide_field_unreal_project/WideField_UnrealEditor/Content/Pictures/ER6.uexp" 5277
"D:/Wide_field_unreal_project/WideField_UnrealEditor/Content/Pictures/KCB1C.uasset" 5278
"D:/Wide_field_unreal_project/WideField_UnrealEditor/Content/Pictures/KCB1C.uexp" 5279
"D:/Wide_field_unreal_project/WideField_UnrealEditor/Content/Pictures/LCP33.uasset" 5280
"D:/Wide_field_unreal_project/WideField_UnrealEditor/Content/Pictures/LCP33.uexp" 5281
"D:/Wide_field_unreal_project/WideField_UnrealEditor/Content/Pictures/PH1.uasset" 5282
"D:/Wide_field_unreal_project/WideField_UnrealEditor/Content/Pictures/PH1.uexp" 5283
"D:/Wide_field_unreal_project/WideField_UnrealEditor/Content/Pictures/PH2.uasset" 5284
"D:/Wide_field_unreal_project/WideField_UnrealEditor/Content/Pictures/PH2.uexp" 5285
"D:/Wide_field_unreal_project/WideField_UnrealEditor/Content/Pictures/RS2.uasset" 5286
"D:/Wide_field_unreal_project/WideField_UnrealEditor/Content/Pictures/RS2.uexp" 5287
"D:/Wide_field_unreal_project/WideField_UnrealEditor/Content/Pictures/TR1.uasset" 5288
"D:/Wide_field_unreal_project/WideField_UnrealEditor/Content/Pictures/TR1.uexp" 5289
"D:/Wide_field_unreal_project/WideField_UnrealEditor/Content/Pictures/TR2.uasset" 5290
"D:/Wide_field_unreal_project/WideField_UnrealEditor/Content/Pictures/TR2.uexp" 5291
"D:/Wide_field_unreal_project/WideField_UnrealEditor/Content/Pictures/C60-Cube.uasset" 5292
"D:/Wide_field_unreal_project/WideField_UnrealEditor/Content/Pictures/C60-Cube.uexp" 5293
"D:/Wide_field_unreal_project/WideField_UnrealEditor/Content/Pictures/CP33.uasset" 5294
"D:/Wide_field_unreal_project/WideField_UnrealEditor/Content/Pictures/CP33.uexp" 5295
"D:/Wide_field_unreal_project/WideField_UnrealEditor/Content/Pictures/ER1.uasset" 5296
"D:/Wide_field_unreal_project/WideField_UnrealEditor/Content/Pictures/ER1.uexp" 5297
"D:/Wide_field_unreal_project/WideField_UnrealEditor/Content/Pictures/ER2.uasset" 5298
"D:/Wide_field_unreal_project/WideField_UnrealEditor/Content/Pictures/ER2.uexp" 5299
"D:/Wide_field_unreal_project/WideField_UnrealEditor/Content/Pictures/TTL200-A.uasset" 5300
"D:/Wide_field_unreal_project/WideField_UnrealEditor/Content/Pictures/TTL200-A.uexp" 5301
"D:/Wide_field_unreal_project/WideField_UnrealEditor/Content/Pictures/LCP34.uasset" 5302
"D:/Wide_field_unreal_project/WideField_UnrealEditor/Content/Pictures/LCP34.uexp" 5303
"D:/Wide_field_unreal_project/WideField_UnrealEditor/Content/Pictures/SM1A39.uasset" 5304
"D:/Wide_field_unreal_project/WideField_UnrealEditor/Content/Pictures/SM1A39.uexp" 5305
"D:/Wide_field_unreal_project/WideField_UnrealEditor/Content/Pictures/M617l5.uasset" 5306
"D:/Wide_field_unreal_project/WideField_UnrealEditor/Content/Pictures/M617l5.uexp" 5307
"D:/Wide_field_unreal_project/WideField_UnrealEditor/Content/Pictures/SM1RC.uasset" 5308
"D:/Wide_field_unreal_project/WideField_UnrealEditor/Content/Pictures/SM1RC.uexp" 5309
"D:/Wide_field_unreal_project/WideField_UnrealEditor/Content/Pictures/AC254-050-A-ML.uasset" 5310
"D:/Wide_field_unreal_project/WideField_UnrealEditor/Content/Pictures/AC254-050-A-ML.uexp" 5311
"D:/Wide_field_unreal_project/WideField_UnrealEditor/Content/Pictures/thumb-s_c16240-20up_pp_xx.uasset" 5312
"D:/Wide_field_unreal_project/WideField_UnrealEditor/Content/Pictures/thumb-s_c16240-20up_pp_xx.uexp" 5313
"D:/Wide_field_unreal_project/WideField_UnrealEditor/Content/Pictures/XYR1.uasset" 5314
"D:/Wide_field_unreal_project/WideField_UnrealEditor/Content/Pictures/XYR1.uexp" 5315
"D:/Wide_field_unreal_project/WideField_UnrealEditor/Content/Pictures/RS4.uasset" 5316
"D:/Wide_field_unreal_project/WideField_UnrealEditor/Content/Pictures/RS4.uexp" 5317
"D:/Wide_field_unreal_project/WideField_UnrealEditor/Content/Pictures/RS12.uasset" 5318
"D:/Wide_field_unreal_project/WideField_UnrealEditor/Content/Pictures/RS12.uexp" 5319
"D:/Wide_field_unreal_project/WideField_UnrealEditor/Content/Pictures/MB8.uasset" 5320
"D:/Wide_field_unreal_project/WideField_UnrealEditor/Content/Pictures/MB8.uexp" 5321
"D:/Wide_field_unreal_project/WideField_UnrealEditor/Content/Pictures/MB1218A.uasset" 5322
"D:/Wide_field_unreal_project/WideField_UnrealEditor/Content/Pictures/MB1218A.uexp" 5323
"D:/Wide_field_unreal_project/WideField_UnrealEditor/Content/Pictures/LS-50.uasset" 5324
"D:/Wide_field_unreal_project/WideField_UnrealEditor/Content/Pictures/LS-50.uexp" 5325
"D:/Wide_field_unreal_project/WideField_UnrealEditor/Content/Pictures/F280FC-A.uasset" 5326
"D:/Wide_field_unreal_project/WideField_UnrealEditor/Content/Pictures/F280FC-A.uexp" 5327
"D:/Wide_field_unreal_project/WideField_UnrealEditor/Content/Pictures/AC254-100-A-ML.uasset" 5328
"D:/Wide_field_unreal_project/WideField_UnrealEditor/Content/Pictures/AC254-100-A-ML.uexp" 5329
"D:/Wide_field_unreal_project/WideField_UnrealEditor/Content/Pictures/CP42.uasset" 5330
"D:/Wide_field_unreal_project/WideField_UnrealEditor/Content/Pictures/CP42.uexp" 5331
"D:/Wide_field_unreal_project/WideField_UnrealEditor/Content/DA_DataBase.uasset" 5332
"D:/Wide_field_unreal_project/WideField_UnrealEditor/Content/DA_DataBase.uexp" 5333
"D:/Wide_field_unreal_project/WideField_UnrealEditor/Content/Main_BuiltData.uasset" 5334
"D:/Wide_field_unreal_project/WideField_UnrealEditor/Content/Main_BuiltData.uexp" 5335
"D:/Wide_field_unreal_project/WideField_UnrealEditor/Content/blender_ref/WideFieldTest_-_V3/LevelSequences/Action.uasset" 5336
"D:/Wide_field_unreal_project/WideField_UnrealEditor/Content/blender_ref/WideFieldTest_-_V3/LevelSequences/Action.uexp" 5337
"D:/Wide_field_unreal_project/WideField_UnrealEditor/Content/blender_ref/WideFieldTest_-_V3/LevelSequences/Action_106.uasset" 5338
"D:/Wide_field_unreal_project/WideField_UnrealEditor/Content/blender_ref/WideFieldTest_-_V3/LevelSequences/Action_106.uexp" 5339
"D:/Wide_field_unreal_project/WideField_UnrealEditor/Content/blender_ref/WideFieldTest_-_V3/LevelSequences/Action_108.uasset" 5340
"D:/Wide_field_unreal_project/WideField_UnrealEditor/Content/blender_ref/WideFieldTest_-_V3/LevelSequences/Action_108.uexp" 5341
"D:/Wide_field_unreal_project/WideField_UnrealEditor/Content/blender_ref/WideFieldTest_-_V3/LevelSequences/Action_109.uasset" 5342
"D:/Wide_field_unreal_project/WideField_UnrealEditor/Content/blender_ref/WideFieldTest_-_V3/LevelSequences/Action_109.uexp" 5343
"D:/Wide_field_unreal_project/WideField_UnrealEditor/Content/blender_ref/WideFieldTest_-_V3/LevelSequences/Action_111.uasset" 5344
"D:/Wide_field_unreal_project/WideField_UnrealEditor/Content/blender_ref/WideFieldTest_-_V3/LevelSequences/Action_111.uexp" 5345
"D:/Wide_field_unreal_project/WideField_UnrealEditor/Content/blender_ref/WideFieldTest_-_V3/LevelSequences/Action_112.uasset" 5346
"D:/Wide_field_unreal_project/WideField_UnrealEditor/Content/blender_ref/WideFieldTest_-_V3/LevelSequences/Action_112.uexp" 5347
"D:/Wide_field_unreal_project/WideField_UnrealEditor/Content/blender_ref/WideFieldTest_-_V3/LevelSequences/Action_113.uasset" 5348
"D:/Wide_field_unreal_project/WideField_UnrealEditor/Content/blender_ref/WideFieldTest_-_V3/LevelSequences/Action_113.uexp" 5349
"D:/Wide_field_unreal_project/WideField_UnrealEditor/Content/blender_ref/WideFieldTest_-_V3/LevelSequences/Action_114.uasset" 5350
"D:/Wide_field_unreal_project/WideField_UnrealEditor/Content/blender_ref/WideFieldTest_-_V3/LevelSequences/Action_114.uexp" 5351
"D:/Wide_field_unreal_project/WideField_UnrealEditor/Content/blender_ref/WideFieldTest_-_V3/LevelSequences/Action_115.uasset" 5352
"D:/Wide_field_unreal_project/WideField_UnrealEditor/Content/blender_ref/WideFieldTest_-_V3/LevelSequences/Action_115.uexp" 5353
"D:/Wide_field_unreal_project/WideField_UnrealEditor/Content/blender_ref/WideFieldTest_-_V3/LevelSequences/Action_117.uasset" 5354
"D:/Wide_field_unreal_project/WideField_UnrealEditor/Content/blender_ref/WideFieldTest_-_V3/LevelSequences/Action_117.uexp" 5355
"D:/Wide_field_unreal_project/WideField_UnrealEditor/Content/blender_ref/WideFieldTest_-_V3/LevelSequences/Action_118.uasset" 5356
"D:/Wide_field_unreal_project/WideField_UnrealEditor/Content/blender_ref/WideFieldTest_-_V3/LevelSequences/Action_118.uexp" 5357
"D:/Wide_field_unreal_project/WideField_UnrealEditor/Content/blender_ref/WideFieldTest_-_V3/LevelSequences/Action_127.uasset" 5358
"D:/Wide_field_unreal_project/WideField_UnrealEditor/Content/blender_ref/WideFieldTest_-_V3/LevelSequences/Action_127.uexp" 5359
"D:/Wide_field_unreal_project/WideField_UnrealEditor/Content/blender_ref/WideFieldTest_-_V3/LevelSequences/Action_128.uasset" 5360
"D:/Wide_field_unreal_project/WideField_UnrealEditor/Content/blender_ref/WideFieldTest_-_V3/LevelSequences/Action_128.uexp" 5361
"D:/Wide_field_unreal_project/WideField_UnrealEditor/Content/blender_ref/WideFieldTest_-_V3/LevelSequences/Action_129.uasset" 5362
"D:/Wide_field_unreal_project/WideField_UnrealEditor/Content/blender_ref/WideFieldTest_-_V3/LevelSequences/Action_129.uexp" 5363
"D:/Wide_field_unreal_project/WideField_UnrealEditor/Content/blender_ref/WideFieldTest_-_V3/LevelSequences/Action_130.uasset" 5364
"D:/Wide_field_unreal_project/WideField_UnrealEditor/Content/blender_ref/WideFieldTest_-_V3/LevelSequences/Action_130.uexp" 5365
"D:/Wide_field_unreal_project/WideField_UnrealEditor/Content/blender_ref/WideFieldTest_-_V3/LevelSequences/Action_131.uasset" 5366
"D:/Wide_field_unreal_project/WideField_UnrealEditor/Content/blender_ref/WideFieldTest_-_V3/LevelSequences/Action_131.uexp" 5367
"D:/Wide_field_unreal_project/WideField_UnrealEditor/Content/blender_ref/WideFieldTest_-_V3/LevelSequences/Action_132.uasset" 5368
"D:/Wide_field_unreal_project/WideField_UnrealEditor/Content/blender_ref/WideFieldTest_-_V3/LevelSequences/Action_132.uexp" 5369
"D:/Wide_field_unreal_project/WideField_UnrealEditor/Content/blender_ref/WideFieldTest_-_V3/LevelSequences/Action_133.uasset" 5370
"D:/Wide_field_unreal_project/WideField_UnrealEditor/Content/blender_ref/WideFieldTest_-_V3/LevelSequences/Action_133.uexp" 5371
"D:/Wide_field_unreal_project/WideField_UnrealEditor/Content/blender_ref/WideFieldTest_-_V3/LevelSequences/Action_134.uasset" 5372
"D:/Wide_field_unreal_project/WideField_UnrealEditor/Content/blender_ref/WideFieldTest_-_V3/LevelSequences/Action_134.uexp" 5373
"D:/Wide_field_unreal_project/WideField_UnrealEditor/Content/blender_ref/WideFieldTest_-_V3/LevelSequences/Action_228.uasset" 5374
"D:/Wide_field_unreal_project/WideField_UnrealEditor/Content/blender_ref/WideFieldTest_-_V3/LevelSequences/Action_228.uexp" 5375
"D:/Wide_field_unreal_project/WideField_UnrealEditor/Content/blender_ref/WideFieldTest_-_V3/LevelSequences/Action_229.uasset" 5376
"D:/Wide_field_unreal_project/WideField_UnrealEditor/Content/blender_ref/WideFieldTest_-_V3/LevelSequences/Action_229.uexp" 5377
"D:/Wide_field_unreal_project/WideField_UnrealEditor/Content/blender_ref/WideFieldTest_-_V3/LevelSequences/Action_230.uasset" 5378
"D:/Wide_field_unreal_project/WideField_UnrealEditor/Content/blender_ref/WideFieldTest_-_V3/LevelSequences/Action_230.uexp" 5379
"D:/Wide_field_unreal_project/WideField_UnrealEditor/Content/blender_ref/WideFieldTest_-_V3/LevelSequences/Action_231.uasset" 5380
"D:/Wide_field_unreal_project/WideField_UnrealEditor/Content/blender_ref/WideFieldTest_-_V3/LevelSequences/Action_231.uexp" 5381
"D:/Wide_field_unreal_project/WideField_UnrealEditor/Content/blender_ref/WideFieldTest_-_V3/LevelSequences/Action_232.uasset" 5382
"D:/Wide_field_unreal_project/WideField_UnrealEditor/Content/blender_ref/WideFieldTest_-_V3/LevelSequences/Action_232.uexp" 5383
"D:/Wide_field_unreal_project/WideField_UnrealEditor/Content/blender_ref/WideFieldTest_-_V3/LevelSequences/Action_233.uasset" 5384
"D:/Wide_field_unreal_project/WideField_UnrealEditor/Content/blender_ref/WideFieldTest_-_V3/LevelSequences/Action_233.uexp" 5385
"D:/Wide_field_unreal_project/WideField_UnrealEditor/Content/blender_ref/WideFieldTest_-_V3/LevelSequences/Action_234.uasset" 5386
"D:/Wide_field_unreal_project/WideField_UnrealEditor/Content/blender_ref/WideFieldTest_-_V3/LevelSequences/Action_234.uexp" 5387
"D:/Wide_field_unreal_project/WideField_UnrealEditor/Content/blender_ref/WideFieldTest_-_V3/LevelSequences/Action_235.uasset" 5388
"D:/Wide_field_unreal_project/WideField_UnrealEditor/Content/blender_ref/WideFieldTest_-_V3/LevelSequences/Action_235.uexp" 5389
"D:/Wide_field_unreal_project/WideField_UnrealEditor/Content/blender_ref/WideFieldTest_-_V3/LevelSequences/Action_236.uasset" 5390
"D:/Wide_field_unreal_project/WideField_UnrealEditor/Content/blender_ref/WideFieldTest_-_V3/LevelSequences/Action_236.uexp" 5391
"D:/Wide_field_unreal_project/WideField_UnrealEditor/Content/blender_ref/WideFieldTest_-_V3/LevelSequences/Action_237.uasset" 5392
"D:/Wide_field_unreal_project/WideField_UnrealEditor/Content/blender_ref/WideFieldTest_-_V3/LevelSequences/Action_237.uexp" 5393
"D:/Wide_field_unreal_project/WideField_UnrealEditor/Content/blender_ref/WideFieldTest_-_V3/LevelSequences/Action_238.uasset" 5394
"D:/Wide_field_unreal_project/WideField_UnrealEditor/Content/blender_ref/WideFieldTest_-_V3/LevelSequences/Action_238.uexp" 5395
"D:/Wide_field_unreal_project/WideField_UnrealEditor/Content/blender_ref/WideFieldTest_-_V3/LevelSequences/Action_239.uasset" 5396
"D:/Wide_field_unreal_project/WideField_UnrealEditor/Content/blender_ref/WideFieldTest_-_V3/LevelSequences/Action_239.uexp" 5397
"D:/Wide_field_unreal_project/WideField_UnrealEditor/Content/blender_ref/WideFieldTest_-_V3/LevelSequences/Action_241.uasset" 5398
"D:/Wide_field_unreal_project/WideField_UnrealEditor/Content/blender_ref/WideFieldTest_-_V3/LevelSequences/Action_241.uexp" 5399
"D:/Wide_field_unreal_project/WideField_UnrealEditor/Content/blender_ref/WideFieldTest_-_V3/LevelSequences/Action_002.uasset" 5400
"D:/Wide_field_unreal_project/WideField_UnrealEditor/Content/blender_ref/WideFieldTest_-_V3/LevelSequences/Action_002.uexp" 5401
"D:/Wide_field_unreal_project/WideField_UnrealEditor/Content/blender_ref/WideFieldTest_-_V3/LevelSequences/Action_003.uasset" 5402
"D:/Wide_field_unreal_project/WideField_UnrealEditor/Content/blender_ref/WideFieldTest_-_V3/LevelSequences/Action_003.uexp" 5403
"D:/Wide_field_unreal_project/WideField_UnrealEditor/Content/blender_ref/WideFieldTest_-_V3/LevelSequences/Action_004.uasset" 5404
"D:/Wide_field_unreal_project/WideField_UnrealEditor/Content/blender_ref/WideFieldTest_-_V3/LevelSequences/Action_004.uexp" 5405
"D:/Wide_field_unreal_project/WideField_UnrealEditor/Content/blender_ref/WideFieldTest_-_V3/LevelSequences/Action_005.uasset" 5406
"D:/Wide_field_unreal_project/WideField_UnrealEditor/Content/blender_ref/WideFieldTest_-_V3/LevelSequences/Action_005.uexp" 5407
"D:/Wide_field_unreal_project/WideField_UnrealEditor/Content/blender_ref/WideFieldTest_-_V3/LevelSequences/Action_006.uasset" 5408
"D:/Wide_field_unreal_project/WideField_UnrealEditor/Content/blender_ref/WideFieldTest_-_V3/LevelSequences/Action_006.uexp" 5409
"D:/Wide_field_unreal_project/WideField_UnrealEditor/Content/blender_ref/WideFieldTest_-_V3/LevelSequences/Action_007.uasset" 5410
"D:/Wide_field_unreal_project/WideField_UnrealEditor/Content/blender_ref/WideFieldTest_-_V3/LevelSequences/Action_007.uexp" 5411
"D:/Wide_field_unreal_project/WideField_UnrealEditor/Content/blender_ref/WideFieldTest_-_V3/LevelSequences/Action_014.uasset" 5412
"D:/Wide_field_unreal_project/WideField_UnrealEditor/Content/blender_ref/WideFieldTest_-_V3/LevelSequences/Action_014.uexp" 5413
"D:/Wide_field_unreal_project/WideField_UnrealEditor/Content/blender_ref/WideFieldTest_-_V3/LevelSequences/Action_015.uasset" 5414
"D:/Wide_field_unreal_project/WideField_UnrealEditor/Content/blender_ref/WideFieldTest_-_V3/LevelSequences/Action_015.uexp" 5415
"D:/Wide_field_unreal_project/WideField_UnrealEditor/Content/blender_ref/WideFieldTest_-_V3/LevelSequences/Action_016.uasset" 5416
"D:/Wide_field_unreal_project/WideField_UnrealEditor/Content/blender_ref/WideFieldTest_-_V3/LevelSequences/Action_016.uexp" 5417
"D:/Wide_field_unreal_project/WideField_UnrealEditor/Content/blender_ref/WideFieldTest_-_V3/LevelSequences/Action_017.uasset" 5418
"D:/Wide_field_unreal_project/WideField_UnrealEditor/Content/blender_ref/WideFieldTest_-_V3/LevelSequences/Action_017.uexp" 5419
"D:/Wide_field_unreal_project/WideField_UnrealEditor/Content/blender_ref/WideFieldTest_-_V3/LevelSequences/Action_019.uasset" 5420
"D:/Wide_field_unreal_project/WideField_UnrealEditor/Content/blender_ref/WideFieldTest_-_V3/LevelSequences/Action_019.uexp" 5421
"D:/Wide_field_unreal_project/WideField_UnrealEditor/Content/blender_ref/WideFieldTest_-_V3/LevelSequences/Action_020.uasset" 5422
"D:/Wide_field_unreal_project/WideField_UnrealEditor/Content/blender_ref/WideFieldTest_-_V3/LevelSequences/Action_020.uexp" 5423
"D:/Wide_field_unreal_project/WideField_UnrealEditor/Content/blender_ref/WideFieldTest_-_V3/LevelSequences/Action_021.uasset" 5424
"D:/Wide_field_unreal_project/WideField_UnrealEditor/Content/blender_ref/WideFieldTest_-_V3/LevelSequences/Action_021.uexp" 5425
"D:/Wide_field_unreal_project/WideField_UnrealEditor/Content/blender_ref/WideFieldTest_-_V3/LevelSequences/Action_022.uasset" 5426
"D:/Wide_field_unreal_project/WideField_UnrealEditor/Content/blender_ref/WideFieldTest_-_V3/LevelSequences/Action_022.uexp" 5427
"D:/Wide_field_unreal_project/WideField_UnrealEditor/Content/blender_ref/WideFieldTest_-_V3/LevelSequences/Action_023.uasset" 5428
"D:/Wide_field_unreal_project/WideField_UnrealEditor/Content/blender_ref/WideFieldTest_-_V3/LevelSequences/Action_023.uexp" 5429
"D:/Wide_field_unreal_project/WideField_UnrealEditor/Content/blender_ref/WideFieldTest_-_V3/LevelSequences/Action_024.uasset" 5430
"D:/Wide_field_unreal_project/WideField_UnrealEditor/Content/blender_ref/WideFieldTest_-_V3/LevelSequences/Action_024.uexp" 5431
"D:/Wide_field_unreal_project/WideField_UnrealEditor/Content/blender_ref/WideFieldTest_-_V3/LevelSequences/Action_025.uasset" 5432
"D:/Wide_field_unreal_project/WideField_UnrealEditor/Content/blender_ref/WideFieldTest_-_V3/LevelSequences/Action_025.uexp" 5433
"D:/Wide_field_unreal_project/WideField_UnrealEditor/Content/blender_ref/WideFieldTest_-_V3/LevelSequences/Action_026.uasset" 5434
"D:/Wide_field_unreal_project/WideField_UnrealEditor/Content/blender_ref/WideFieldTest_-_V3/LevelSequences/Action_026.uexp" 5435
"D:/Wide_field_unreal_project/WideField_UnrealEditor/Content/blender_ref/WideFieldTest_-_V3/LevelSequences/Action_027.uasset" 5436
"D:/Wide_field_unreal_project/WideField_UnrealEditor/Content/blender_ref/WideFieldTest_-_V3/LevelSequences/Action_027.uexp" 5437
"D:/Wide_field_unreal_project/WideField_UnrealEditor/Content/blender_ref/WideFieldTest_-_V3/LevelSequences/Action_028.uasset" 5438
"D:/Wide_field_unreal_project/WideField_UnrealEditor/Content/blender_ref/WideFieldTest_-_V3/LevelSequences/Action_028.uexp" 5439
"D:/Wide_field_unreal_project/WideField_UnrealEditor/Content/blender_ref/WideFieldTest_-_V3/LevelSequences/Action_029.uasset" 5440
"D:/Wide_field_unreal_project/WideField_UnrealEditor/Content/blender_ref/WideFieldTest_-_V3/LevelSequences/Action_029.uexp" 5441
"D:/Wide_field_unreal_project/WideField_UnrealEditor/Content/blender_ref/WideFieldTest_-_V3/LevelSequences/Action_030.uasset" 5442
"D:/Wide_field_unreal_project/WideField_UnrealEditor/Content/blender_ref/WideFieldTest_-_V3/LevelSequences/Action_030.uexp" 5443
"D:/Wide_field_unreal_project/WideField_UnrealEditor/Content/blender_ref/WideFieldTest_-_V3/LevelSequences/Action_031.uasset" 5444
"D:/Wide_field_unreal_project/WideField_UnrealEditor/Content/blender_ref/WideFieldTest_-_V3/LevelSequences/Action_031.uexp" 5445
"D:/Wide_field_unreal_project/WideField_UnrealEditor/Content/blender_ref/WideFieldTest_-_V3/LevelSequences/Action_032.uasset" 5446
"D:/Wide_field_unreal_project/WideField_UnrealEditor/Content/blender_ref/WideFieldTest_-_V3/LevelSequences/Action_032.uexp" 5447
"D:/Wide_field_unreal_project/WideField_UnrealEditor/Content/blender_ref/WideFieldTest_-_V3/LevelSequences/Action_033.uasset" 5448
"D:/Wide_field_unreal_project/WideField_UnrealEditor/Content/blender_ref/WideFieldTest_-_V3/LevelSequences/Action_033.uexp" 5449
"D:/Wide_field_unreal_project/WideField_UnrealEditor/Content/blender_ref/WideFieldTest_-_V3/LevelSequences/Action_034.uasset" 5450
"D:/Wide_field_unreal_project/WideField_UnrealEditor/Content/blender_ref/WideFieldTest_-_V3/LevelSequences/Action_034.uexp" 5451
"D:/Wide_field_unreal_project/WideField_UnrealEditor/Content/blender_ref/WideFieldTest_-_V3/LevelSequences/Action_035.uasset" 5452
"D:/Wide_field_unreal_project/WideField_UnrealEditor/Content/blender_ref/WideFieldTest_-_V3/LevelSequences/Action_035.uexp" 5453
"D:/Wide_field_unreal_project/WideField_UnrealEditor/Content/blender_ref/WideFieldTest_-_V3/LevelSequences/Action_036.uasset" 5454
"D:/Wide_field_unreal_project/WideField_UnrealEditor/Content/blender_ref/WideFieldTest_-_V3/LevelSequences/Action_036.uexp" 5455
"D:/Wide_field_unreal_project/WideField_UnrealEditor/Content/blender_ref/WideFieldTest_-_V3/LevelSequences/Action_037.uasset" 5456
"D:/Wide_field_unreal_project/WideField_UnrealEditor/Content/blender_ref/WideFieldTest_-_V3/LevelSequences/Action_037.uexp" 5457
"D:/Wide_field_unreal_project/WideField_UnrealEditor/Content/blender_ref/WideFieldTest_-_V3/LevelSequences/Action_038.uasset" 5458
"D:/Wide_field_unreal_project/WideField_UnrealEditor/Content/blender_ref/WideFieldTest_-_V3/LevelSequences/Action_038.uexp" 5459
"D:/Wide_field_unreal_project/WideField_UnrealEditor/Content/blender_ref/WideFieldTest_-_V3/LevelSequences/Action_039.uasset" 5460
"D:/Wide_field_unreal_project/WideField_UnrealEditor/Content/blender_ref/WideFieldTest_-_V3/LevelSequences/Action_039.uexp" 5461
"D:/Wide_field_unreal_project/WideField_UnrealEditor/Content/blender_ref/WideFieldTest_-_V3/LevelSequences/Action_040.uasset" 5462
"D:/Wide_field_unreal_project/WideField_UnrealEditor/Content/blender_ref/WideFieldTest_-_V3/LevelSequences/Action_040.uexp" 5463
"D:/Wide_field_unreal_project/WideField_UnrealEditor/Content/blender_ref/WideFieldTest_-_V3/LevelSequences/Action_041.uasset" 5464
"D:/Wide_field_unreal_project/WideField_UnrealEditor/Content/blender_ref/WideFieldTest_-_V3/LevelSequences/Action_041.uexp" 5465
"D:/Wide_field_unreal_project/WideField_UnrealEditor/Content/blender_ref/WideFieldTest_-_V3/LevelSequences/Action_042.uasset" 5466
"D:/Wide_field_unreal_project/WideField_UnrealEditor/Content/blender_ref/WideFieldTest_-_V3/LevelSequences/Action_042.uexp" 5467
"D:/Wide_field_unreal_project/WideField_UnrealEditor/Content/blender_ref/WideFieldTest_-_V3/LevelSequences/Action_043.uasset" 5468
"D:/Wide_field_unreal_project/WideField_UnrealEditor/Content/blender_ref/WideFieldTest_-_V3/LevelSequences/Action_043.uexp" 5469
"D:/Wide_field_unreal_project/WideField_UnrealEditor/Content/blender_ref/WideFieldTest_-_V3/LevelSequences/Action_044.uasset" 5470
"D:/Wide_field_unreal_project/WideField_UnrealEditor/Content/blender_ref/WideFieldTest_-_V3/LevelSequences/Action_044.uexp" 5471
"D:/Wide_field_unreal_project/WideField_UnrealEditor/Content/blender_ref/WideFieldTest_-_V3/LevelSequences/Action_045.uasset" 5472
"D:/Wide_field_unreal_project/WideField_UnrealEditor/Content/blender_ref/WideFieldTest_-_V3/LevelSequences/Action_045.uexp" 5473
"D:/Wide_field_unreal_project/WideField_UnrealEditor/Content/blender_ref/WideFieldTest_-_V3/LevelSequences/Action_046.uasset" 5474
"D:/Wide_field_unreal_project/WideField_UnrealEditor/Content/blender_ref/WideFieldTest_-_V3/LevelSequences/Action_046.uexp" 5475
"D:/Wide_field_unreal_project/WideField_UnrealEditor/Content/blender_ref/WideFieldTest_-_V3/LevelSequences/Action_047.uasset" 5476
"D:/Wide_field_unreal_project/WideField_UnrealEditor/Content/blender_ref/WideFieldTest_-_V3/LevelSequences/Action_047.uexp" 5477
"D:/Wide_field_unreal_project/WideField_UnrealEditor/Content/blender_ref/WideFieldTest_-_V3/LevelSequences/Action_048.uasset" 5478
"D:/Wide_field_unreal_project/WideField_UnrealEditor/Content/blender_ref/WideFieldTest_-_V3/LevelSequences/Action_048.uexp" 5479
"D:/Wide_field_unreal_project/WideField_UnrealEditor/Content/blender_ref/WideFieldTest_-_V3/LevelSequences/Action_049.uasset" 5480
"D:/Wide_field_unreal_project/WideField_UnrealEditor/Content/blender_ref/WideFieldTest_-_V3/LevelSequences/Action_049.uexp" 5481
"D:/Wide_field_unreal_project/WideField_UnrealEditor/Content/blender_ref/WideFieldTest_-_V3/LevelSequences/Action_050.uasset" 5482
"D:/Wide_field_unreal_project/WideField_UnrealEditor/Content/blender_ref/WideFieldTest_-_V3/LevelSequences/Action_050.uexp" 5483
"D:/Wide_field_unreal_project/WideField_UnrealEditor/Content/blender_ref/WideFieldTest_-_V3/LevelSequences/Action_051.uasset" 5484
"D:/Wide_field_unreal_project/WideField_UnrealEditor/Content/blender_ref/WideFieldTest_-_V3/LevelSequences/Action_051.uexp" 5485
"D:/Wide_field_unreal_project/WideField_UnrealEditor/Content/blender_ref/WideFieldTest_-_V3/LevelSequences/Action_052.uasset" 5486
"D:/Wide_field_unreal_project/WideField_UnrealEditor/Content/blender_ref/WideFieldTest_-_V3/LevelSequences/Action_052.uexp" 5487
"D:/Wide_field_unreal_project/WideField_UnrealEditor/Content/blender_ref/WideFieldTest_-_V3/LevelSequences/Action_053.uasset" 5488
"D:/Wide_field_unreal_project/WideField_UnrealEditor/Content/blender_ref/WideFieldTest_-_V3/LevelSequences/Action_053.uexp" 5489
"D:/Wide_field_unreal_project/WideField_UnrealEditor/Content/blender_ref/WideFieldTest_-_V3/LevelSequences/Action_054.uasset" 5490
"D:/Wide_field_unreal_project/WideField_UnrealEditor/Content/blender_ref/WideFieldTest_-_V3/LevelSequences/Action_054.uexp" 5491
"D:/Wide_field_unreal_project/WideField_UnrealEditor/Content/blender_ref/WideFieldTest_-_V3/LevelSequences/Action_055.uasset" 5492
"D:/Wide_field_unreal_project/WideField_UnrealEditor/Content/blender_ref/WideFieldTest_-_V3/LevelSequences/Action_055.uexp" 5493
"D:/Wide_field_unreal_project/WideField_UnrealEditor/Content/blender_ref/WideFieldTest_-_V3/LevelSequences/Action_056.uasset" 5494
"D:/Wide_field_unreal_project/WideField_UnrealEditor/Content/blender_ref/WideFieldTest_-_V3/LevelSequences/Action_056.uexp" 5495
"D:/Wide_field_unreal_project/WideField_UnrealEditor/Content/blender_ref/WideFieldTest_-_V3/LevelSequences/Action_057.uasset" 5496
"D:/Wide_field_unreal_project/WideField_UnrealEditor/Content/blender_ref/WideFieldTest_-_V3/LevelSequences/Action_057.uexp" 5497
"D:/Wide_field_unreal_project/WideField_UnrealEditor/Content/blender_ref/WideFieldTest_-_V3/LevelSequences/Action_058.uasset" 5498
"D:/Wide_field_unreal_project/WideField_UnrealEditor/Content/blender_ref/WideFieldTest_-_V3/LevelSequences/Action_058.uexp" 5499
"D:/Wide_field_unreal_project/WideField_UnrealEditor/Content/blender_ref/WideFieldTest_-_V3/LevelSequences/Action_059.uasset" 5500
"D:/Wide_field_unreal_project/WideField_UnrealEditor/Content/blender_ref/WideFieldTest_-_V3/LevelSequences/Action_059.uexp" 5501
"D:/Wide_field_unreal_project/WideField_UnrealEditor/Content/blender_ref/WideFieldTest_-_V3/LevelSequences/Action_060.uasset" 5502
"D:/Wide_field_unreal_project/WideField_UnrealEditor/Content/blender_ref/WideFieldTest_-_V3/LevelSequences/Action_060.uexp" 5503
"D:/Wide_field_unreal_project/WideField_UnrealEditor/Content/blender_ref/WideFieldTest_-_V3/LevelSequences/Action_061.uasset" 5504
"D:/Wide_field_unreal_project/WideField_UnrealEditor/Content/blender_ref/WideFieldTest_-_V3/LevelSequences/Action_061.uexp" 5505
"D:/Wide_field_unreal_project/WideField_UnrealEditor/Content/blender_ref/WideFieldTest_-_V3/LevelSequences/Action_062.uasset" 5506
"D:/Wide_field_unreal_project/WideField_UnrealEditor/Content/blender_ref/WideFieldTest_-_V3/LevelSequences/Action_062.uexp" 5507
"D:/Wide_field_unreal_project/WideField_UnrealEditor/Content/blender_ref/WideFieldTest_-_V3/LevelSequences/Action_063.uasset" 5508
"D:/Wide_field_unreal_project/WideField_UnrealEditor/Content/blender_ref/WideFieldTest_-_V3/LevelSequences/Action_063.uexp" 5509
"D:/Wide_field_unreal_project/WideField_UnrealEditor/Content/blender_ref/WideFieldTest_-_V3/LevelSequences/Action_064.uasset" 5510
"D:/Wide_field_unreal_project/WideField_UnrealEditor/Content/blender_ref/WideFieldTest_-_V3/LevelSequences/Action_064.uexp" 5511
"D:/Wide_field_unreal_project/WideField_UnrealEditor/Content/blender_ref/WideFieldTest_-_V3/LevelSequences/Action_065.uasset" 5512
"D:/Wide_field_unreal_project/WideField_UnrealEditor/Content/blender_ref/WideFieldTest_-_V3/LevelSequences/Action_065.uexp" 5513
"D:/Wide_field_unreal_project/WideField_UnrealEditor/Content/blender_ref/WideFieldTest_-_V3/LevelSequences/Action_066.uasset" 5514
"D:/Wide_field_unreal_project/WideField_UnrealEditor/Content/blender_ref/WideFieldTest_-_V3/LevelSequences/Action_066.uexp" 5515
"D:/Wide_field_unreal_project/WideField_UnrealEditor/Content/blender_ref/WideFieldTest_-_V3/LevelSequences/Action_067.uasset" 5516
"D:/Wide_field_unreal_project/WideField_UnrealEditor/Content/blender_ref/WideFieldTest_-_V3/LevelSequences/Action_067.uexp" 5517
"D:/Wide_field_unreal_project/WideField_UnrealEditor/Content/blender_ref/WideFieldTest_-_V3/LevelSequences/Action_068.uasset" 5518
"D:/Wide_field_unreal_project/WideField_UnrealEditor/Content/blender_ref/WideFieldTest_-_V3/LevelSequences/Action_068.uexp" 5519
"D:/Wide_field_unreal_project/WideField_UnrealEditor/Content/blender_ref/WideFieldTest_-_V3/LevelSequences/Action_069.uasset" 5520
"D:/Wide_field_unreal_project/WideField_UnrealEditor/Content/blender_ref/WideFieldTest_-_V3/LevelSequences/Action_069.uexp" 5521
"D:/Wide_field_unreal_project/WideField_UnrealEditor/Content/blender_ref/WideFieldTest_-_V3/LevelSequences/Action_070.uasset" 5522
"D:/Wide_field_unreal_project/WideField_UnrealEditor/Content/blender_ref/WideFieldTest_-_V3/LevelSequences/Action_070.uexp" 5523
"D:/Wide_field_unreal_project/WideField_UnrealEditor/Content/blender_ref/WideFieldTest_-_V3/LevelSequences/Action_071.uasset" 5524
"D:/Wide_field_unreal_project/WideField_UnrealEditor/Content/blender_ref/WideFieldTest_-_V3/LevelSequences/Action_071.uexp" 5525
"D:/Wide_field_unreal_project/WideField_UnrealEditor/Content/blender_ref/WideFieldTest_-_V3/LevelSequences/Action_072.uasset" 5526
"D:/Wide_field_unreal_project/WideField_UnrealEditor/Content/blender_ref/WideFieldTest_-_V3/LevelSequences/Action_072.uexp" 5527
"D:/Wide_field_unreal_project/WideField_UnrealEditor/Content/blender_ref/WideFieldTest_-_V3/LevelSequences/Action_073.uasset" 5528
"D:/Wide_field_unreal_project/WideField_UnrealEditor/Content/blender_ref/WideFieldTest_-_V3/LevelSequences/Action_073.uexp" 5529
"D:/Wide_field_unreal_project/WideField_UnrealEditor/Content/blender_ref/WideFieldTest_-_V3/LevelSequences/Action_074.uasset" 5530
"D:/Wide_field_unreal_project/WideField_UnrealEditor/Content/blender_ref/WideFieldTest_-_V3/LevelSequences/Action_074.uexp" 5531
"D:/Wide_field_unreal_project/WideField_UnrealEditor/Content/blender_ref/WideFieldTest_-_V3/LevelSequences/Action_075.uasset" 5532
"D:/Wide_field_unreal_project/WideField_UnrealEditor/Content/blender_ref/WideFieldTest_-_V3/LevelSequences/Action_075.uexp" 5533
"D:/Wide_field_unreal_project/WideField_UnrealEditor/Content/blender_ref/WideFieldTest_-_V3/LevelSequences/Action_076.uasset" 5534
"D:/Wide_field_unreal_project/WideField_UnrealEditor/Content/blender_ref/WideFieldTest_-_V3/LevelSequences/Action_076.uexp" 5535
"D:/Wide_field_unreal_project/WideField_UnrealEditor/Content/blender_ref/WideFieldTest_-_V3/LevelSequences/Action_077.uasset" 5536
"D:/Wide_field_unreal_project/WideField_UnrealEditor/Content/blender_ref/WideFieldTest_-_V3/LevelSequences/Action_077.uexp" 5537
"D:/Wide_field_unreal_project/WideField_UnrealEditor/Content/blender_ref/WideFieldTest_-_V3/LevelSequences/Action_078.uasset" 5538
"D:/Wide_field_unreal_project/WideField_UnrealEditor/Content/blender_ref/WideFieldTest_-_V3/LevelSequences/Action_078.uexp" 5539
"D:/Wide_field_unreal_project/WideField_UnrealEditor/Content/blender_ref/WideFieldTest_-_V3/LevelSequences/Action_079.uasset" 5540
"D:/Wide_field_unreal_project/WideField_UnrealEditor/Content/blender_ref/WideFieldTest_-_V3/LevelSequences/Action_079.uexp" 5541
"D:/Wide_field_unreal_project/WideField_UnrealEditor/Content/blender_ref/WideFieldTest_-_V3/LevelSequences/Action_080.uasset" 5542
"D:/Wide_field_unreal_project/WideField_UnrealEditor/Content/blender_ref/WideFieldTest_-_V3/LevelSequences/Action_080.uexp" 5543
"D:/Wide_field_unreal_project/WideField_UnrealEditor/Content/blender_ref/WideFieldTest_-_V3/LevelSequences/Action_081.uasset" 5544
"D:/Wide_field_unreal_project/WideField_UnrealEditor/Content/blender_ref/WideFieldTest_-_V3/LevelSequences/Action_081.uexp" 5545
"D:/Wide_field_unreal_project/WideField_UnrealEditor/Content/blender_ref/WideFieldTest_-_V3/LevelSequences/Action_082.uasset" 5546
"D:/Wide_field_unreal_project/WideField_UnrealEditor/Content/blender_ref/WideFieldTest_-_V3/LevelSequences/Action_082.uexp" 5547
"D:/Wide_field_unreal_project/WideField_UnrealEditor/Content/blender_ref/WideFieldTest_-_V3/LevelSequences/Action_083.uasset" 5548
"D:/Wide_field_unreal_project/WideField_UnrealEditor/Content/blender_ref/WideFieldTest_-_V3/LevelSequences/Action_083.uexp" 5549
"D:/Wide_field_unreal_project/WideField_UnrealEditor/Content/blender_ref/WideFieldTest_-_V3/LevelSequences/Action_084.uasset" 5550
"D:/Wide_field_unreal_project/WideField_UnrealEditor/Content/blender_ref/WideFieldTest_-_V3/LevelSequences/Action_084.uexp" 5551
"D:/Wide_field_unreal_project/WideField_UnrealEditor/Content/blender_ref/WideFieldTest_-_V3/LevelSequences/Action_085.uasset" 5552
"D:/Wide_field_unreal_project/WideField_UnrealEditor/Content/blender_ref/WideFieldTest_-_V3/LevelSequences/Action_085.uexp" 5553
"D:/Wide_field_unreal_project/WideField_UnrealEditor/Content/blender_ref/WideFieldTest_-_V3/LevelSequences/Action_086.uasset" 5554
"D:/Wide_field_unreal_project/WideField_UnrealEditor/Content/blender_ref/WideFieldTest_-_V3/LevelSequences/Action_086.uexp" 5555
"D:/Wide_field_unreal_project/WideField_UnrealEditor/Content/blender_ref/WideFieldTest_-_V3/LevelSequences/Action_087.uasset" 5556
"D:/Wide_field_unreal_project/WideField_UnrealEditor/Content/blender_ref/WideFieldTest_-_V3/LevelSequences/Action_087.uexp" 5557
"D:/Wide_field_unreal_project/WideField_UnrealEditor/Content/blender_ref/WideFieldTest_-_V3/LevelSequences/Action_088.uasset" 5558
"D:/Wide_field_unreal_project/WideField_UnrealEditor/Content/blender_ref/WideFieldTest_-_V3/LevelSequences/Action_088.uexp" 5559
"D:/Wide_field_unreal_project/WideField_UnrealEditor/Content/blender_ref/WideFieldTest_-_V3/LevelSequences/Action_089.uasset" 5560
"D:/Wide_field_unreal_project/WideField_UnrealEditor/Content/blender_ref/WideFieldTest_-_V3/LevelSequences/Action_089.uexp" 5561
"D:/Wide_field_unreal_project/WideField_UnrealEditor/Content/blender_ref/WideFieldTest_-_V3/LevelSequences/Action_090.uasset" 5562
"D:/Wide_field_unreal_project/WideField_UnrealEditor/Content/blender_ref/WideFieldTest_-_V3/LevelSequences/Action_090.uexp" 5563
"D:/Wide_field_unreal_project/WideField_UnrealEditor/Content/blender_ref/WideFieldTest_-_V3/LevelSequences/Action_091.uasset" 5564
"D:/Wide_field_unreal_project/WideField_UnrealEditor/Content/blender_ref/WideFieldTest_-_V3/LevelSequences/Action_091.uexp" 5565
"D:/Wide_field_unreal_project/WideField_UnrealEditor/Content/blender_ref/WideFieldTest_-_V3/LevelSequences/Action_092.uasset" 5566
"D:/Wide_field_unreal_project/WideField_UnrealEditor/Content/blender_ref/WideFieldTest_-_V3/LevelSequences/Action_092.uexp" 5567
"D:/Wide_field_unreal_project/WideField_UnrealEditor/Content/blender_ref/WideFieldTest_-_V3/LevelSequences/Action_093.uasset" 5568
"D:/Wide_field_unreal_project/WideField_UnrealEditor/Content/blender_ref/WideFieldTest_-_V3/LevelSequences/Action_093.uexp" 5569
"D:/Wide_field_unreal_project/WideField_UnrealEditor/Content/blender_ref/WideFieldTest_-_V3/LevelSequences/Action_094.uasset" 5570
"D:/Wide_field_unreal_project/WideField_UnrealEditor/Content/blender_ref/WideFieldTest_-_V3/LevelSequences/Action_094.uexp" 5571
"D:/Wide_field_unreal_project/WideField_UnrealEditor/Content/blender_ref/WideFieldTest_-_V3/LevelSequences/Action_096.uasset" 5572
"D:/Wide_field_unreal_project/WideField_UnrealEditor/Content/blender_ref/WideFieldTest_-_V3/LevelSequences/Action_096.uexp" 5573
"D:/Wide_field_unreal_project/WideField_UnrealEditor/Content/blender_ref/WideFieldTest_-_V3/LevelSequences/Action_097.uasset" 5574
"D:/Wide_field_unreal_project/WideField_UnrealEditor/Content/blender_ref/WideFieldTest_-_V3/LevelSequences/Action_097.uexp" 5575
"D:/Wide_field_unreal_project/WideField_UnrealEditor/Content/Animation.uasset" 5576
"D:/Wide_field_unreal_project/WideField_UnrealEditor/Content/Animation.uexp" 5577
"D:/Wide_field_unreal_project/WideField_UnrealEditor/Content/UI/slider.uasset" 5578
"D:/Wide_field_unreal_project/WideField_UnrealEditor/Content/UI/slider.uexp" 5579
"D:/Wide_field_unreal_project/WideField_UnrealEditor/Content/Main.uexp" 5580
"D:/Wide_field_unreal_project/WideField_UnrealEditor/Content/Main.umap" 5581
"../../../Engine/Content/EditorResources/BadBlueprintSprite.ubulk" 5582
"../../../Engine/Content/EditorResources/BadBlueprintSprite.uasset" 5583
"../../../Engine/Content/EditorResources/BadBlueprintSprite.uexp" 5584
"D:/Wide_field_unreal_project/WideField_UnrealEditor/Content/Pictures/TR1_5.uasset" 5585
"D:/Wide_field_unreal_project/WideField_UnrealEditor/Content/Pictures/TR1_5.uexp" 5586
"D:/Wide_field_unreal_project/WideField_UnrealEditor/Content/BluePrintObjects/KCB1C.uasset" 5587
"D:/Wide_field_unreal_project/WideField_UnrealEditor/Content/BluePrintObjects/KCB1C.uexp" 5588
"D:/Wide_field_unreal_project/WideField_UnrealEditor/Content/UI/WBP_Parts.uasset" 5589
"D:/Wide_field_unreal_project/WideField_UnrealEditor/Content/UI/WBP_Parts.uexp" 5590
"D:/Wide_field_unreal_project/WideField_UnrealEditor/Content/BluePrintObjects/CP20D.uasset" 5591
"D:/Wide_field_unreal_project/WideField_UnrealEditor/Content/BluePrintObjects/CP20D.uexp" 5592
"D:/Wide_field_unreal_project/WideField_UnrealEditor/Content/BluePrintObjects/AC254-050-A.uasset" 5593
"D:/Wide_field_unreal_project/WideField_UnrealEditor/Content/BluePrintObjects/AC254-050-A.uexp" 5594
"D:/Wide_field_unreal_project/WideField_UnrealEditor/Content/BluePrintObjects/SM1RC.uasset" 5595
"D:/Wide_field_unreal_project/WideField_UnrealEditor/Content/BluePrintObjects/SM1RC.uexp" 5596
"D:/Wide_field_unreal_project/WideField_UnrealEditor/Content/UI/PartsList.uasset" 5597
"D:/Wide_field_unreal_project/WideField_UnrealEditor/Content/UI/PartsList.uexp" 5598
"D:/Wide_field_unreal_project/WideField_UnrealEditor/Content/BluePrintObjects/M617L5.uasset" 5599
"D:/Wide_field_unreal_project/WideField_UnrealEditor/Content/BluePrintObjects/M617L5.uexp" 5600
"D:/Wide_field_unreal_project/WideField_UnrealEditor/Content/Pictures/TTl100-A.uasset" 5601
"D:/Wide_field_unreal_project/WideField_UnrealEditor/Content/Pictures/TTl100-A.uexp" 5602
"D:/Wide_field_unreal_project/WideField_UnrealEditor/Content/Pictures/SM1A2.uasset" 5603
"D:/Wide_field_unreal_project/WideField_UnrealEditor/Content/Pictures/SM1A2.uexp" 5604
"D:/Wide_field_unreal_project/WideField_UnrealEditor/Content/Pictures/S-335.uasset" 5605
"D:/Wide_field_unreal_project/WideField_UnrealEditor/Content/Pictures/S-335.uexp" 5606
"D:/Wide_field_unreal_project/WideField_UnrealEditor/Content/Pictures/RS6.uasset" 5607
"D:/Wide_field_unreal_project/WideField_UnrealEditor/Content/Pictures/RS6.uexp" 5608
"D:/Wide_field_unreal_project/WideField_UnrealEditor/Content/Pictures/RS3.uasset" 5609
"D:/Wide_field_unreal_project/WideField_UnrealEditor/Content/Pictures/RS3.uexp" 5610
"D:/Wide_field_unreal_project/WideField_UnrealEditor/Content/Pictures/RA90RS.uasset" 5611
"D:/Wide_field_unreal_project/WideField_UnrealEditor/Content/Pictures/RA90RS.uexp" 5612
"D:/Wide_field_unreal_project/WideField_UnrealEditor/Content/Pictures/ORCA-Fire_Digital_CMOS_camera.uasset" 5613
"D:/Wide_field_unreal_project/WideField_UnrealEditor/Content/Pictures/ORCA-Fire_Digital_CMOS_camera.uexp" 5614
"D:/Wide_field_unreal_project/WideField_UnrealEditor/Content/Pictures/NikoneTe2000e.uasset" 5615
"D:/Wide_field_unreal_project/WideField_UnrealEditor/Content/Pictures/NikoneTe2000e.uexp" 5616
"D:/Wide_field_unreal_project/WideField_UnrealEditor/Content/Pictures/MBH18.uasset" 5617
"D:/Wide_field_unreal_project/WideField_UnrealEditor/Content/Pictures/MBH18.uexp" 5618
"D:/Wide_field_unreal_project/WideField_UnrealEditor/Content/Pictures/MB1218.uasset" 5619
"D:/Wide_field_unreal_project/WideField_UnrealEditor/Content/Pictures/MB1218.uexp" 5620
"D:/Wide_field_unreal_project/WideField_UnrealEditor/Content/Pictures/KCB2C.uasset" 5621
"D:/Wide_field_unreal_project/WideField_UnrealEditor/Content/Pictures/KCB2C.uexp" 5622
"D:/Wide_field_unreal_project/WideField_UnrealEditor/Content/Pictures/GBE05-A.uasset" 5623
"D:/Wide_field_unreal_project/WideField_UnrealEditor/Content/Pictures/GBE05-A.uexp" 5624
"D:/Wide_field_unreal_project/WideField_UnrealEditor/Content/Pictures/FBTB.uasset" 5625
"D:/Wide_field_unreal_project/WideField_UnrealEditor/Content/Pictures/FBTB.uexp" 5626
"D:/Wide_field_unreal_project/WideField_UnrealEditor/Content/Pictures/ER4.uasset" 5627
"D:/Wide_field_unreal_project/WideField_UnrealEditor/Content/Pictures/ER4.uexp" 5628
"D:/Wide_field_unreal_project/WideField_UnrealEditor/Content/Pictures/ER3.uasset" 5629
"D:/Wide_field_unreal_project/WideField_UnrealEditor/Content/Pictures/ER3.uexp" 5630
"D:/Wide_field_unreal_project/WideField_UnrealEditor/Content/Pictures/DFM1.uasset" 5631
"D:/Wide_field_unreal_project/WideField_UnrealEditor/Content/Pictures/DFM1.uexp" 5632
"D:/Wide_field_unreal_project/WideField_UnrealEditor/Content/Pictures/CP33T.uasset" 5633
"D:/Wide_field_unreal_project/WideField_UnrealEditor/Content/Pictures/CP33T.uexp" 5634
"D:/Wide_field_unreal_project/WideField_UnrealEditor/Content/Pictures/C4W.uasset" 5635
"D:/Wide_field_unreal_project/WideField_UnrealEditor/Content/Pictures/C4W.uexp" 5636
"D:/Wide_field_unreal_project/WideField_UnrealEditor/Content/Pictures/BB2-E02.uasset" 5637
"D:/Wide_field_unreal_project/WideField_UnrealEditor/Content/Pictures/BB2-E02.uexp" 5638
"D:/Wide_field_unreal_project/WideField_UnrealEditor/Content/Pictures/ACT508.uasset" 5639
"D:/Wide_field_unreal_project/WideField_UnrealEditor/Content/Pictures/ACT508.uexp" 5640
"D:/Wide_field_unreal_project/WideField_UnrealEditor/Content/UI/WBP_Drag.uasset" 5641
"D:/Wide_field_unreal_project/WideField_UnrealEditor/Content/UI/WBP_Drag.uexp" 5642
"D:/Wide_field_unreal_project/WideField_UnrealEditor/Content/Assemble.uexp" 5643
"D:/Wide_field_unreal_project/WideField_UnrealEditor/Content/Assemble.umap" 5644
"D:/Wide_field_unreal_project/WideField_UnrealEditor/Content/Laser/A_Emmiter.uasset" 5645
"D:/Wide_field_unreal_project/WideField_UnrealEditor/Content/Laser/A_Emmiter.uexp" 5646
"D:/Wide_field_unreal_project/WideField_UnrealEditor/Content/UI/tip.uasset" 5647
"D:/Wide_field_unreal_project/WideField_UnrealEditor/Content/UI/tip.uexp" 5648
"D:/Wide_field_unreal_project/WideField_UnrealEditor/Content/Model.uexp" 5649
"D:/Wide_field_unreal_project/WideField_UnrealEditor/Content/Model.umap" 5650
"../../../Engine/Content/Maps/Entry_BuiltData.uasset" 5651
"../../../Engine/Content/Maps/Entry_BuiltData.uexp" 5652
"../../../Engine/Content/Maps/Entry.uexp" 5653
"../../../Engine/Content/Maps/Entry.umap" 5654
